fecha,producto,region,canal,unidades_vendidas,precio_unitario,ingreso
2025-10-03,Teclado,Norte,Tienda,3.0,43.95,131.85
2024-12-05,Monitor,Centro,Distribuidor,3.0,182.45,547.35
2025-02-07,Mouse,Este,Tienda,5.0,24.48,122.4
2024-07-09,Monitor,Centro,Tienda,2.0,219.98,439.96
2024-03-27,Mouse,Este,Online,4.0,25.64,102.56
2025-07-16,Auriculares,Centro,Tienda,1.0,91.96,91.96
,Teclado,Oeste,Online,3.0,46.3,138.9
2025-10-14,Mouse,Norte,Tienda,4.0,25.74,102.96
2024-10-25,Teclado,Oeste,Online,3.0,46.78,140.34
2024-07-28,Mouse,Norte,Distribuidor,4.0,21.22,84.88
2025-03-09,Webcam,Oeste,Online,3.0,68.19,204.57
2025-01-30,Teclado,Norte,Online,,,218.3
2024-04-09,Monitor,Norte,Tienda,2.0,221.61,443.22
2024-04-16,Teclado,Sur,Online,3.0,45.39,136.17
2024-07-17,Webcam,Norte,Tienda,2.0,58.82,117.64
2025-12-21,Teclado,Oeste,Tienda,3.0,45.88,137.64
2024-04-12,Mouse,Centro,Online,4.0,26.03,104.12
2024-10-30,Mouse,Norte,Online,4.0,24.87,99.48
2025-01-09,Webcam,Centro,Tienda,2.0,61.89,123.78
2024-06-22,Auriculares,Norte,Tienda,2.0,89.68,179.36
2025-10-08,Monitor,Este,Online,3.0,195.45,586.35
2025-12-15,Teclado,Este,Tienda,5.0,43.72,218.6
2024-10-01,Monitor,Sur,Tienda,3.0,204.78,614.34
,Mouse,Centro,Distribuidor,1.0,21.02,21.02
2025-09-19,Monitor,Norte,Distribuidor,5.0,184.44,922.2
2024-08-07,Webcam,Norte,Tienda,1.0,66.56,66.56
2024-05-31,Monitor,Oeste,Online,1.0,217.8,217.8
2025-06-15,Mouse,Sur,Distribuidor,4.0,21.35,85.4
2025-04-23,Mouse,Centro,Tienda,1.0,26.25,26.25
2024-07-04,Auriculares,Centro,Tienda,2.0,89.82,179.64
2024-09-01,Teclado,Este,Online,5.0,45.55,227.75
2025-04-04,Webcam,Norte,Online,5.0,68.02,340.1
2025-11-04,Auriculares,Centro,Distribuidor,4.0,76.3,305.2
2025-09-24,Webcam,Oeste,Online,5.0,62.45,312.25
2025-04-15,Auriculares,Sur,Online,4.0,88.7,354.8
2025-11-20,Monitor,Norte,Online,3.0,223.23,669.69
2025-04-06,Mouse,Centro,Online,4.0,24.79,99.16
2024-07-06,Webcam,Centro,Online,2.0,61.02,122.04
2025-04-01,Mouse,Norte,Online,5.0,25.18,125.9
2025-07-30,Auriculares,Norte,Tienda,5.0,92.96,464.8
2025-08-13,Monitor,Oeste,Online,4.0,212.04,848.16
2025-03-19,Mouse,Oeste,Tienda,1.0,23.73,23.73
2024-11-25,Auriculares,Oeste,Online,5.0,85.29,325.45
2025-09-17,Auriculares,Oeste,Tienda,3.0,91.55,274.65
2024-06-18,Mouse,Norte,Tienda,4.0,25.35,101.4
2025-12-24,Mouse,Norte,Online,1.0,23.47,23.47
2024-11-28,Mouse,Sur,Tienda,2.0,24.86,49.72
2024-11-13,Teclado,Este,Online,3.0,45.86,137.58
2024-09-10,Monitor,Este,Tienda,3.0,209.55,628.65
2025-11-18,Teclado,Norte,Online,4.0,46.42,185.68
2024-11-16,Webcam,Sur,Online,1.0,64.41,64.41
2025-01-18,Webcam,Este,Distribuidor,2.0,50.31,100.62
2025-12-30,Teclado,Este,Online,1.0,45.41,45.41
2024-03-08,Webcam,Este,Distribuidor,5.0,54.87,274.35
2025-05-23,Auriculares,Centro,Tienda,3.0,88.05,264.15
2024-07-02,Teclado,Sur,Tienda,5.0,46.44,232.2
2024-04-18,Mouse,Norte,Online,5.0,24.81,124.05
2025-06-20,Monitor,Oeste,Tienda,5.0,204.97,1024.85
2025-06-29,Mouse,Este,Tienda,3.0,25.56,76.68
2024-09-30,Mouse,Este,Online,1.0,26.18,26.18
2025-11-25,Auriculares,Norte,Online,1.0,88.71,88.71
2025-12-14,Auriculares,Norte,Online,3.0,85.84,257.52
2025-06-30,Webcam,Norte,Distribuidor,3.0,53.62,160.86
2025-12-10,Monitor,Oeste,Distribuidor,2.0,181.94,363.88
2025-09-09,Mouse,Norte,Online,3.0,24.73,74.19
2024-09-19,Auriculares,,Distribuidor,3.0,74.37,223.11
2024-07-29,Webcam,Oeste,Online,3.0,63.07,189.21
2024-11-25,Auriculares,Sur,Online,2.0,90.29,180.58
2025-03-02,Monitor,Norte,Online,5.0,233.53,1167.65
2025-10-06,Mouse,Norte,Online,2.0,24.01,48.02
2025-12-09,Mouse,Este,Online,5.0,24.52,122.6
2024-04-23,Auriculares,Centro,Tienda,1.0,90.66,90.66
2024-06-11,Auriculares,Oeste,Online,4.0,92.26,369.04
2025-11-08,Teclado,Centro,Tienda,3.0,44.82,134.46
2025-11-22,Webcam,Norte,Online,4.0,62.78,251.12
2024-11-09,Mouse,Norte,Online,5.0,25.33,126.65
2024-10-13,Auriculares,Oeste,Online,4.0,90.52,362.08
2025-12-06,Auriculares,Este,Distribuidor,2.0,77.85,155.7
2024-12-11,Teclado,Norte,Tienda,2.0,45.69,91.38
2025-05-09,Auriculares,Norte,Online,3.0,89.93,269.79
2025-04-21,Auriculares,,Tienda,1.0,86.77,86.77
2025-12-02,Webcam,Centro,Online,4.0,65.24,260.96
2024-06-07,Mouse,Sur,Online,4.0,24.7,98.8
2025-12-30,Webcam,Centro,Distribuidor,5.0,55.52,277.6
2025-08-17,Teclado,Sur,Online,3.0,47.28,141.84
2024-07-28,Monitor,Centro,Distribuidor,2.0,178.39,356.78
2024-12-21,Auriculares,Norte,Online,5.0,92.04,460.2
2024-12-13,Mouse,Oeste,Online,4.0,25.2,100.8
2024-03-17,Teclado,Sur,Tienda,3.0,46.67,140.01
2025-09-08,Auriculares,Oeste,Tienda,2.0,86.11,172.22
2025-11-19,Webcam,Norte,Online,3.0,65.88,197.64
2024-11-21,Auriculares,Centro,Online,3.0,89.89,269.67
2024-03-06,Mouse,Centro,Online,1.0,,839.56
2025-12-26,Webcam,Oeste,Tienda,1.0,64.85,64.85
2025-11-24,Auriculares,Norte,Tienda,1.0,90.15,90.15
2025-08-04,Mouse,Sur,Online,1.0,25.46,25.46
2024-02-04,Mouse,Este,Tienda,4.0,25.62,102.48
2024-11-05,Auriculares,Sur,Tienda,2.0,91.72,183.44
2024-06-24,Mouse,Este,Online,5.0,24.41,122.05
2024-06-03,Mouse,Oeste,Online,1.0,26.07,26.07
2025-11-09,Mouse,Norte,Online,4.0,24.45,97.8
2024-12-21,Monitor,Este,Online,3.0,221.57,664.71
2024-09-03,Auriculares,Norte,Online,5.0,92.87,464.35
2025-06-28,Teclado,Centro,Online,2.0,45.63,91.26
2024-10-25,Teclado,Este,Tienda,2.0,46.32,92.64
2024-12-22,Mouse,Norte,Online,3.0,25.07,75.21
2024-12-07,Teclado,Centro,Online,5.0,46.68,233.4
2025-09-26,Monitor,Norte,Distribuidor,5.0,169.49,847.45
2024-12-26,Auriculares,Este,Online,1.0,90.16,90.16
2024-11-03,Auriculares,Este,Tienda,2.0,89.68,179.36
2024-05-11,Mouse,Sur,Online,2.0,25.3,50.6
2025-11-25,Auriculares,Oeste,Tienda,2.0,91.21,182.42
2025-11-23,Auriculares,Oeste,Distribuidor,2.0,72.82,145.64
2025-02-17,Mouse,Oeste,Online,3.0,25.46,76.38
2024-12-13,Auriculares,Centro,Online,5.0,85.75,428.75
2024-05-24,Mouse,Centro,Distribuidor,5.0,21.28,106.4
2025-10-25,Mouse,Oeste,Tienda,3.0,25.31,75.93
2025-03-29,Auriculares,Norte,Tienda,2.0,92.1,184.2
2024-06-11,Auriculares,Norte,Online,5.0,88.62,443.1
2024-01-19,Mouse,Este,Online,2.0,24.87,49.74
2024-12-01,Monitor,Norte,Online,4.0,225.87,314.95
2025-03-11,Teclado,Norte,Online,3.0,44.16,132.48
2024-04-01,Mouse,Sur,Tienda,1.0,23.95,23.95
2024-04-18,Teclado,Norte,Tienda,1.0,46.24,46.24
2025-03-21,Teclado,Norte,Tienda,1.0,45.17,45.17
2024-12-03,Teclado,Norte,Distribuidor,1.0,37.42,37.42
2024-02-23,Teclado,Este,Online,1.0,47.66,47.66
2025-12-19,Mouse,Oeste,Online,5.0,25.58,127.9
2024-11-01,Teclado,Norte,Tienda,2.0,43.12,86.24
2024-05-23,Monitor,Oeste,Tienda,3.0,216.9,650.7
2025-03-23,Webcam,Centro,Online,3.0,64.47,193.41
2024-09-22,Monitor,Sur,Tienda,3.0,216.54,649.62
2024-11-20,Auriculares,Norte,Tienda,1.0,86.49,86.49
2025-09-05,Monitor,Centro,Online,3.0,208.54,625.62
2024-04-11,Mouse,Oeste,Online,1.0,24.79,24.79
2024-12-19,Teclado,Sur,Distribuidor,1.0,35.04,35.04
2024-10-31,Webcam,Oeste,Tienda,2.0,63.59,127.18
2025-12-16,Teclado,Sur,Distribuidor,2.0,39.71,79.42
2025-07-13,Auriculares,Norte,Distribuidor,2.0,77.81,155.62
2024-11-17,Teclado,Centro,Distribuidor,4.0,37.94,151.76
2024-09-12,Monitor,Norte,Online,4.0,228.32,913.28
2024-12-24,Webcam,Oeste,Online,5.0,63.57,317.85
2024-05-10,Mouse,Norte,Distribuidor,4.0,21.27,85.08
2025-11-15,Mouse,Centro,Online,4.0,25.52,102.08
2024-06-04,Mouse,Norte,Online,4.0,26.16,104.64
2024-05-25,Mouse,Este,Online,3.0,25.91,77.73
2024-04-11,Monitor,Norte,Online,3.0,217.07,651.21
2025-12-25,Teclado,Sur,Online,4.0,45.48,181.92
,Teclado,Oeste,Online,5.0,45.88,229.4
2024-09-18,Mouse,Norte,Tienda,5.0,24.59,122.95
2025-04-18,Mouse,Centro,Online,1.0,24.28,24.28
2025-03-29,Mouse,Sur,Distribuidor,1.0,19.41,19.41
2024-09-18,Mouse,Norte,Distribuidor,3.0,21.35,64.05
2025-02-03,Auriculares,Norte,Distribuidor,1.0,73.37,73.37
2025-02-11,Mouse,Norte,Tienda,5.0,24.86,124.3
2025-03-14,Mouse,Oeste,Online,1.0,24.85,24.85
2025-11-08,Auriculares,Sur,Distribuidor,4.0,73.82,295.28
2024-04-21,Monitor,Norte,Online,2.0,219.86,439.72
2025-12-05,Webcam,Sur,Distribuidor,2.0,52.11,104.22
2024-12-31,Monitor,Oeste,Distribuidor,5.0,177.19,885.95
2025-10-17,Mouse,Oeste,Online,2.0,25.49,50.98
2024-11-10,Auriculares,Este,Tienda,3.0,92.46,277.38
2024-02-01,Webcam,Oeste,Tienda,3.0,62.31,186.93
2025-05-09,Mouse,Sur,Tienda,1.0,24.1,463.1
2024-07-15,Webcam,Sur,Tienda,3.0,60.84,182.52
2025-05-16,Webcam,Este,Tienda,5.0,63.49,317.45
2025-09-11,Auriculares,Sur,Online,2.0,92.45,184.9
2024-11-05,Monitor,Oeste,Online,1.0,216.47,216.47
2025-01-25,Mouse,Sur,Online,2.0,24.68,49.36
2024-03-02,Auriculares,Sur,Online,1.0,86.95,86.95
2025-10-05,Mouse,Norte,Online,3.0,25.56,76.68
2024-11-14,Teclado,Norte,Distribuidor,2.0,37.69,75.38
2025-08-01,Monitor,Oeste,Online,3.0,222.19,666.57
2025-03-05,Monitor,Sur,Distribuidor,3.0,186.32,558.96
2025-10-26,Teclado,Centro,Tienda,3.0,46.84,140.52
2025-08-25,Auriculares,Norte,Online,4.0,92.64,370.56
2024-11-13,Webcam,Sur,Distribuidor,5.0,52.47,262.35
2024-03-05,Mouse,Este,Distribuidor,3.0,20.61,61.83
2025-12-12,Webcam,Norte,Tienda,2.0,64.89,129.78
2024-12-19,Webcam,Oeste,Tienda,4.0,64.6,258.4
2025-02-11,Mouse,Sur,Tienda,2.0,24.76,49.52
2024-05-22,Mouse,Centro,Online,3.0,23.9,71.7
2025-12-03,Auriculares,Norte,Tienda,3.0,88.45,265.35
2025-06-15,Auriculares,Centro,Tienda,1.0,88.99,88.99
,Webcam,Sur,Online,4.0,63.67,254.68
2025-11-26,Auriculares,Sur,Tienda,1.0,90.57,90.57
2025-08-21,Monitor,Norte,Tienda,2.0,208.53,417.06
2025-05-30,Auriculares,Este,Online,1.0,94.43,94.43
2024-06-03,Monitor,Sur,Tienda,4.0,220.79,883.16
2025-09-09,Mouse,Centro,Online,5.0,25.07,125.35
2025-06-04,Teclado,Oeste,Online,4.0,43.94,175.76
2024-12-24,Webcam,Oeste,Distribuidor,5.0,50.61,253.05
2024-11-04,Auriculares,Centro,Online,1.0,93.94,93.94
2025-12-15,Teclado,Este,Tienda,5.0,43.72,218.6
2024-05-05,Mouse,Norte,Online,2.0,24.8,49.6
2024-10-26,Mouse,Centro,Distribuidor,2.0,21.0,42.0
2025-10-28,Webcam,Oeste,Tienda,4.0,61.47,838.22
2024-11-11,Teclado,Centro,Tienda,4.0,45.06,180.24
2024-06-16,Monitor,Norte,Tienda,2.0,232.13,464.26
2025-11-18,Teclado,Este,Online,3.0,47.8,143.4
2024-02-23,Mouse,Centro,Online,5.0,25.12,125.6
2024-06-14,Monitor,,Online,2.0,216.12,432.24
2025-06-03,Webcam,Sur,Online,3.0,60.35,181.05
2025-02-27,Mouse,Norte,Distribuidor,5.0,20.69,103.45
2024-08-08,Monitor,Norte,Online,2.0,227.17,454.34
2025-12-20,Monitor,Este,Distribuidor,1.0,175.62,175.62
2025-08-30,Auriculares,Este,Distribuidor,5.0,74.66,373.3
2025-11-24,Teclado,Este,Tienda,4.0,43.83,175.32
2025-07-06,Teclado,Centro,Online,2.0,46.07,92.14
2025-11-30,Teclado,Norte,Online,2.0,44.88,89.76
2025-02-09,Teclado,Oeste,Tienda,5.0,45.02,225.1
2024-12-04,Auriculares,Norte,Distribuidor,3.0,68.94,206.82
2024-07-28,Teclado,Sur,Tienda,3.0,43.34,130.02
2024-12-11,Teclado,Oeste,Online,4.0,45.33,181.32
2025-11-25,Webcam,Sur,Online,3.0,63.22,189.66
2024-06-24,Teclado,Centro,Online,2.0,46.05,92.1
2025-12-12,Teclado,Centro,Online,3.0,45.63,136.89
2024-08-15,Mouse,Norte,Distribuidor,2.0,20.8,41.6
2024-04-10,Teclado,Norte,Online,3.0,44.86,134.58
2025-11-08,Mouse,Oeste,Tienda,1.0,25.37,25.37
2025-08-24,Monitor,Norte,Tienda,4.0,211.86,847.44
2024-07-21,Mouse,Norte,Tienda,2.0,27.08,54.16
2025-05-28,Monitor,Sur,Online,3.0,212.0,636.0
2025-09-14,Auriculares,Sur,Distribuidor,1.0,76.21,76.21
2025-11-19,Mouse,Norte,Tienda,4.0,23.03,92.12
2025-04-20,Teclado,Oeste,Tienda,1.0,42.27,42.27
2025-05-05,Teclado,Oeste,Online,5.0,46.87,234.35
2025-12-22,Monitor,Este,Online,2.0,221.04,442.08
2025-08-14,Monitor,Centro,Online,2.0,224.75,449.5
2024-08-03,Mouse,Oeste,Tienda,3.0,25.21,75.63
2025-09-28,Mouse,,Online,5.0,24.4,122.0
2024-12-31,Monitor,Oeste,Tienda,3.0,215.13,645.39
2024-07-29,Mouse,Norte,Online,1.0,23.17,23.17
2024-09-20,Auriculares,Este,Distribuidor,2.0,74.62,149.24
2024-08-09,Auriculares,Oeste,Tienda,3.0,89.2,267.6
2025-02-27,Auriculares,Sur,Distribuidor,3.0,77.11,231.33
2025-12-23,Webcam,Centro,Distribuidor,4.0,51.78,207.12
2025-11-12,Auriculares,Sur,Online,3.0,89.29,267.87
2024-08-25,Webcam,Sur,Online,3.0,65.43,196.29
2025-11-10,Teclado,Norte,Online,4.0,46.21,184.84
2025-01-10,Auriculares,Centro,Tienda,5.0,87.22,436.1
2024-08-04,Monitor,Centro,Distribuidor,5.0,180.36,901.8
2025-12-02,Auriculares,Centro,Online,3.0,87.72,263.16
2025-03-25,Monitor,Este,Tienda,4.0,221.04,884.16
2025-07-20,Webcam,Oeste,Online,1.0,64.9,64.9
2025-12-20,Monitor,Oeste,Online,5.0,218.89,1094.45
2024-03-28,Webcam,Oeste,Online,3.0,64.57,193.71
2025-10-28,Webcam,Oeste,Online,5.0,65.0,325.0
2025-04-10,Mouse,Este,Distribuidor,2.0,21.44,42.88
2025-08-13,Monitor,Centro,Online,2.0,232.41,464.82
2024-05-11,Teclado,Centro,Online,1.0,46.98,46.98
2024-04-22,Mouse,Oeste,Distribuidor,2.0,21.11,42.22
2025-01-24,Auriculares,Sur,Distribuidor,2.0,73.43,146.86
2025-03-04,Monitor,Oeste,Online,1.0,220.79,220.79
2025-12-09,Webcam,Norte,Tienda,4.0,65.36,261.44
2025-06-03,Webcam,Sur,Tienda,2.0,64.07,128.14
2025-09-01,Auriculares,Oeste,Distribuidor,2.0,67.19,134.38
2024-09-29,Auriculares,Oeste,Online,5.0,90.3,451.5
2024-05-14,Mouse,Oeste,Online,3.0,24.85,74.55
2025-11-25,Teclado,Norte,Distribuidor,1.0,35.42,35.42
2024-11-20,Webcam,Centro,Distribuidor,2.0,52.62,105.24
2025-02-13,Teclado,Centro,Online,2.0,44.24,88.48
2025-09-05,Auriculares,Oeste,Distribuidor,4.0,76.38,305.52
2024-07-24,Auriculares,Este,Tienda,5.0,92.3,461.5
,Monitor,Norte,Online,3.0,219.85,659.55
2025-12-27,Auriculares,Centro,Tienda,5.0,93.26,466.3
2025-05-05,Mouse,Norte,Distribuidor,3.0,19.85,59.55
2024-05-14,Auriculares,Este,Online,2.0,87.55,175.1
2024-12-13,Teclado,Norte,Online,4.0,44.42,177.68
2024-12-24,Auriculares,Norte,Online,1.0,93.04,93.04
2024-01-28,Teclado,Este,Online,3.0,45.55,136.65
2024-05-21,Monitor,Oeste,Tienda,2.0,215.15,430.3
2024-11-04,Teclado,Oeste,Distribuidor,5.0,37.19,185.95
2025-04-14,Mouse,Sur,Distribuidor,3.0,21.07,63.21
2024-03-10,Auriculares,Centro,Tienda,2.0,88.03,176.06
2025-02-23,Auriculares,Norte,Tienda,5.0,90.95,454.75
2025-10-30,Teclado,Este,Online,3.0,45.12,135.36
2025-02-13,Teclado,Este,Online,4.0,42.98,171.92
2025-01-26,Auriculares,Oeste,Tienda,4.0,89.67,358.68
2025-09-27,Auriculares,Este,Tienda,4.0,86.44,345.76
2024-10-30,Teclado,Oeste,Online,3.0,46.16,138.48
2024-09-18,Monitor,Sur,Tienda,2.0,236.61,473.22
2025-12-06,Mouse,Este,Online,5.0,24.31,121.55
2025-04-16,Mouse,Norte,Distribuidor,3.0,20.4,61.2
2024-06-14,Monitor,Este,Online,3.0,216.56,649.68
2025-11-30,Teclado,Norte,Online,5.0,45.02,225.1
2024-05-03,Webcam,Este,Tienda,1.0,62.07,62.07
2025-08-26,Mouse,Oeste,Tienda,5.0,24.55,122.75
2024-11-18,Webcam,Norte,Distribuidor,5.0,53.49,267.45
2025-04-16,Webcam,Norte,Online,1.0,65.37,65.37
2024-08-24,Teclado,Centro,Tienda,4.0,45.91,183.64
2025-12-25,Teclado,Sur,Tienda,5.0,44.19,220.95
,Auriculares,Oeste,Online,5.0,86.9,434.5
2025-10-01,Mouse,Centro,Online,5.0,25.33,126.65
2025-02-07,Monitor,Sur,Tienda,4.0,207.36,829.44
2024-07-21,Mouse,Este,Online,5.0,25.45,127.25
2024-03-06,Auriculares,Oeste,Tienda,5.0,90.18,450.9
2024-08-01,Auriculares,Norte,Tienda,3.0,90.53,271.59
2024-04-03,Auriculares,Centro,Tienda,4.0,89.33,357.32
2025-04-12,Webcam,Norte,Online,3.0,63.26,189.78
2024-11-20,Mouse,Norte,Tienda,4.0,25.81,103.24
2025-05-31,Auriculares,Centro,Tienda,2.0,88.12,176.24
2024-01-23,Monitor,Oeste,Distribuidor,1.0,170.72,170.72
2024-07-30,Monitor,Centro,Tienda,5.0,234.52,1172.6
2025-02-24,Monitor,Norte,Tienda,1.0,204.66,204.66
2024-09-23,Auriculares,Sur,Online,1.0,88.13,88.13
2024-06-10,Teclado,Oeste,Online,2.0,47.0,94.0
2024-09-04,Teclado,Este,Distribuidor,4.0,38.71,154.84
2025-02-16,Auriculares,Norte,Online,4.0,88.68,354.72
2024-08-28,Monitor,Sur,Tienda,4.0,212.94,851.76
2024-12-11,Webcam,Centro,Online,4.0,61.92,247.68
2024-09-04,Teclado,Sur,Online,5.0,45.16,225.8
2024-10-13,Auriculares,Centro,Distribuidor,1.0,75.52,75.52
2025-05-22,Mouse,Oeste,Online,3.0,23.6,70.8
2024-07-26,Monitor,Sur,Tienda,2.0,212.17,424.34
2025-11-20,Mouse,Este,Tienda,4.0,24.31,97.24
2025-05-24,Auriculares,Sur,Online,4.0,89.65,358.6
2025-01-26,Mouse,Este,Online,3.0,24.87,74.61
2024-09-30,Teclado,Oeste,Online,2.0,45.07,90.14
2024-11-30,Teclado,Centro,Distribuidor,4.0,37.58,150.32
2025-12-25,Monitor,Sur,Tienda,3.0,222.53,667.59
2024-06-01,Webcam,Sur,Tienda,1.0,60.38,60.38
2025-03-30,Monitor,Este,Tienda,5.0,222.42,1112.1
2025-03-15,Mouse,Oeste,Online,4.0,24.48,97.92
2024-09-11,Monitor,Oeste,Online,2.0,225.33,450.66
2024-06-11,Teclado,Centro,Online,4.0,44.46,177.84
2025-07-24,Mouse,Centro,Tienda,2.0,24.87,49.74
2024-06-03,Teclado,Este,Online,3.0,46.58,139.74
2024-04-18,Mouse,Norte,Online,4.0,25.91,103.64
2025-12-02,Auriculares,Este,Online,2.0,89.83,179.66
2024-09-15,Auriculares,Sur,Online,2.0,90.46,180.92
2024-12-08,Monitor,Este,Online,2.0,221.25,442.5
2025-12-02,Auriculares,Norte,Tienda,1.0,93.1,93.1
2025-11-07,Teclado,Norte,Tienda,2.0,45.95,91.9
2025-12-03,Webcam,Sur,Online,5.0,63.37,316.85
2024-11-03,Monitor,Sur,Tienda,3.0,208.55,625.65
2024-12-31,Teclado,Sur,Online,4.0,43.72,174.88
2025-01-13,Mouse,Este,Tienda,3.0,23.54,70.62
2025-05-14,Monitor,Oeste,Tienda,4.0,216.33,865.32
2025-06-12,Teclado,Sur,Tienda,1.0,45.84,45.84
2024-08-17,Mouse,Este,Online,4.0,25.14,100.56
2024-07-01,Auriculares,Norte,Online,2.0,86.57,173.14
2025-10-13,Auriculares,Centro,Online,3.0,87.96,263.88
2024-04-24,Webcam,Sur,Online,1.0,61.8,61.8
2024-12-21,Mouse,Oeste,Online,5.0,24.85,124.25
2025-06-12,Teclado,Norte,Tienda,3.0,46.36,139.08
2024-12-02,Webcam,Oeste,Distribuidor,4.0,52.75,211.0
2024-04-20,Teclado,Norte,Online,1.0,45.05,45.05
2024-01-01,Auriculares,Este,Online,5.0,89.69,448.45
2024-04-08,Mouse,Sur,Online,4.0,25.7,102.8
2024-11-06,Teclado,Oeste,Tienda,4.0,47.69,190.76
2025-09-11,Mouse,Oeste,Distribuidor,4.0,19.64,78.56
2025-09-08,Mouse,Centro,Online,4.0,24.71,98.84
2024-06-25,Monitor,Norte,Online,4.0,228.17,912.68
2025-09-11,Teclado,Este,Online,5.0,45.08,225.4
2024-11-05,Mouse,Sur,Distribuidor,1.0,21.32,21.32
2024-11-17,Mouse,Centro,Tienda,2.0,25.07,50.14
2024-01-10,Monitor,Sur,Online,3.0,216.6,649.8
2024-11-11,Mouse,Oeste,Distribuidor,1.0,20.24,20.24
2025-11-01,Teclado,Este,Tienda,5.0,44.81,224.05
2024-04-03,Teclado,Centro,Online,5.0,44.22,221.1
2025-03-19,Mouse,Norte,Distribuidor,4.0,21.12,84.48
2025-03-31,Teclado,Centro,Online,2.0,43.12,86.24
2025-01-26,Webcam,Norte,Tienda,4.0,63.26,253.04
2024-12-05,Auriculares,Norte,Online,2.0,89.7,179.4
2024-11-25,Monitor,Oeste,Distribuidor,5.0,181.35,906.75
2024-06-02,Auriculares,Norte,Tienda,3.0,89.51,268.53
2024-10-21,Mouse,Centro,Online,2.0,25.51,51.02
2025-11-10,Auriculares,Este,Distribuidor,4.0,74.82,299.28
2025-11-30,Teclado,Centro,Tienda,3.0,44.49,133.47
2025-10-05,Mouse,,Online,5.0,26.7,133.5
2025-07-31,Teclado,Oeste,Tienda,3.0,46.54,139.62
2025-07-24,Monitor,Norte,Online,1.0,222.89,222.89
2025-11-23,Monitor,Sur,Online,1.0,220.01,220.01
2024-07-08,Webcam,Sur,Tienda,5.0,66.06,330.3
2024-06-14,Monitor,Este,Online,3.0,213.42,640.26
2024-02-03,Mouse,Oeste,Tienda,5.0,23.68,118.4
2024-04-12,Auriculares,Norte,Distribuidor,2.0,75.89,151.78
2025-12-10,Auriculares,Oeste,Tienda,3.0,86.97,260.91
2025-07-20,Teclado,Este,Online,3.0,45.44,136.32
2025-03-13,Webcam,Norte,Online,1.0,62.07,62.07
2025-10-29,Auriculares,Norte,Online,3.0,88.68,266.04
2024-11-17,Auriculares,Oeste,Tienda,3.0,93.09,279.27
2025-03-02,Auriculares,Este,Online,2.0,90.29,180.58
2024-12-05,Mouse,Sur,Online,1.0,24.74,24.74
2024-12-18,Webcam,Este,Online,1.0,64.35,64.35
2025-11-20,Auriculares,Norte,Tienda,2.0,87.93,175.86
2024-12-28,Auriculares,,Tienda,2.0,91.34,182.68
2025-12-04,Teclado,Oeste,Tienda,3.0,45.73,137.19
2024-01-10,Mouse,Oeste,Tienda,5.0,26.46,132.3
2024-04-10,Monitor,Centro,Tienda,2.0,222.51,445.02
2025-12-25,Monitor,Norte,Online,1.0,224.12,224.12
2025-08-28,Webcam,Este,Tienda,4.0,66.03,264.12
2024-04-07,Monitor,Sur,Distribuidor,5.0,179.24,896.2
2025-04-06,Monitor,Sur,Tienda,2.0,213.4,426.8
2024-11-23,Webcam,Norte,Online,1.0,66.89,66.89
2024-05-26,Auriculares,Norte,Distribuidor,3.0,73.45,220.35
2025-11-08,Teclado,Norte,Tienda,1.0,46.09,46.09
2025-02-09,Webcam,Centro,Online,5.0,61.79,308.95
2024-07-25,Mouse,Oeste,Online,5.0,25.36,126.8
2025-07-10,Mouse,Norte,Tienda,5.0,25.29,126.45
2024-02-09,Webcam,Este,Online,2.0,63.94,127.88
2024-08-20,Webcam,Oeste,Distribuidor,3.0,55.58,166.74
2024-07-03,Webcam,Oeste,Tienda,2.0,63.09,596.58
2025-10-31,Monitor,Este,Online,2.0,221.58,443.16
2025-12-26,Mouse,Oeste,Distribuidor,5.0,20.27,101.35
2025-07-19,Webcam,Sur,Distribuidor,4.0,50.91,203.64
2024-04-26,Auriculares,Centro,Tienda,3.0,86.4,259.2
2024-07-10,Webcam,Este,Tienda,4.0,64.58,258.32
2024-03-23,Teclado,Oeste,Online,5.0,44.54,222.7
2025-09-17,Teclado,Oeste,Tienda,2.0,47.46,94.92
2025-04-03,Teclado,Sur,Online,1.0,45.01,45.01
2024-09-05,Teclado,Norte,Tienda,2.0,46.65,93.3
2025-11-24,Teclado,Centro,Online,1.0,42.55,42.55
2024-12-16,Monitor,Norte,Online,4.0,220.55,882.2
,Teclado,,Tienda,5.0,46.6,233.0
2024-11-06,Webcam,Norte,Tienda,1.0,62.4,62.4
2025-08-30,Mouse,Oeste,Online,1.0,24.52,24.52
2024-08-20,Auriculares,Oeste,Online,2.0,90.53,181.06
2025-05-04,Auriculares,Sur,Distribuidor,3.0,74.32,222.96
2025-08-28,Webcam,Sur,Online,3.0,67.39,202.17
2024-12-04,Auriculares,Oeste,Distribuidor,4.0,72.4,289.6
2024-07-11,Teclado,Norte,Online,2.0,45.11,90.22
2024-05-28,Mouse,Sur,Distribuidor,4.0,20.28,81.12
2024-06-28,Auriculares,Oeste,Tienda,1.0,94.32,94.32
2024-10-01,Webcam,Sur,Online,1.0,60.91,60.91
2024-07-10,Auriculares,Este,Tienda,1.0,92.42,92.42
2024-12-17,Monitor,Norte,Distribuidor,5.0,174.61,873.05
2024-10-26,Auriculares,Este,Online,2.0,94.5,189.0
2025-04-13,Mouse,Este,Online,2.0,24.75,49.5
2024-07-08,Teclado,Sur,Distribuidor,2.0,35.84,71.68
2025-05-30,Auriculares,Centro,Distribuidor,5.0,70.77,353.85
2024-01-13,Auriculares,Centro,Distribuidor,3.0,72.93,218.79
2024-11-17,Mouse,Sur,Tienda,4.0,25.39,101.56
2024-07-04,Monitor,Centro,Tienda,5.0,220.6,1103.0
2024-08-08,Teclado,Norte,Tienda,2.0,42.55,85.1
2024-12-26,Teclado,Norte,Online,2.0,46.61,93.22
2024-11-28,Teclado,Este,Online,1.0,45.96,45.96
2025-01-20,Teclado,Sur,Tienda,2.0,45.71,91.42
2024-05-08,Mouse,Norte,Distribuidor,5.0,19.28,96.4
2024-03-03,Auriculares,Centro,Online,4.0,93.54,374.16
2024-03-18,Mouse,Norte,Online,5.0,24.62,123.1
2024-01-02,Auriculares,Centro,Tienda,3.0,95.83,287.49
2025-06-01,Teclado,Centro,Tienda,1.0,44.16,44.16
2024-07-06,Monitor,Oeste,Online,4.0,217.5,870.0
2024-07-22,Auriculares,Norte,Online,5.0,90.81,454.05
2024-10-15,Mouse,Norte,Online,3.0,24.82,74.46
2024-11-02,Mouse,,Online,5.0,23.59,117.95
2025-05-21,Auriculares,Norte,Distribuidor,2.0,73.19,146.38
2025-11-29,Mouse,Oeste,Online,5.0,25.15,125.75
2025-03-06,Monitor,Oeste,Online,4.0,227.01,908.04
2024-06-18,Teclado,Este,Tienda,4.0,44.75,179.0
2024-05-02,Teclado,Este,Tienda,2.0,47.35,94.7
2024-11-03,Auriculares,Sur,Online,5.0,85.92,429.6
2025-11-02,Webcam,Oeste,Online,1.0,65.09,65.09
2025-10-23,Auriculares,,Distribuidor,2.0,72.89,145.78
2024-06-18,Mouse,Oeste,Tienda,1.0,25.45,25.45
2025-12-25,Monitor,Centro,Online,2.0,227.3,454.6
2025-12-21,Auriculares,Este,Distribuidor,1.0,74.04,74.04
2024-02-12,Auriculares,Este,Online,4.0,88.62,354.48
2024-11-06,Webcam,Sur,Online,4.0,61.94,247.76
2024-03-12,Monitor,Norte,Online,1.0,221.85,221.85
2024-06-04,Monitor,Centro,Online,1.0,227.64,227.64
2025-04-22,Monitor,Este,Online,3.0,210.61,631.83
2025-06-01,Auriculares,Este,Tienda,3.0,88.03,264.09
2024-12-23,Monitor,Sur,Online,3.0,214.23,642.69
2025-04-12,Webcam,Sur,Tienda,4.0,63.83,255.32
2024-12-03,Webcam,Este,Distribuidor,3.0,55.28,165.84
2024-10-20,Monitor,Este,Distribuidor,2.0,170.35,340.7
2024-11-09,Teclado,Oeste,Tienda,1.0,44.89,44.89
2024-12-25,Auriculares,Este,Tienda,4.0,88.58,354.32
2024-02-09,Teclado,Oeste,Tienda,4.0,47.73,190.92
2025-02-11,Mouse,Oeste,Tienda,5.0,25.21,126.05
2025-05-24,Monitor,Oeste,Online,3.0,218.16,654.48
2025-06-17,Teclado,Centro,Online,3.0,42.11,126.33
2024-12-14,Monitor,Oeste,Tienda,3.0,213.11,639.33
2025-02-01,Teclado,,Online,5.0,45.75,228.75
2024-10-24,Mouse,Este,Online,2.0,26.65,53.3
2025-10-04,Monitor,Norte,Online,3.0,220.4,661.2
2025-03-03,Teclado,Norte,Online,1.0,44.71,44.71
2025-10-05,Auriculares,Norte,Online,1.0,89.97,89.97
2024-05-21,Auriculares,Oeste,Online,5.0,83.93,419.65
2025-02-28,Teclado,Este,Online,5.0,46.02,230.1
2025-11-02,Auriculares,,Tienda,5.0,89.25,446.25
2024-06-27,Auriculares,Centro,Online,3.0,93.86,281.58
2025-03-06,Mouse,Norte,Tienda,5.0,25.49,127.45
2024-03-30,Auriculares,Este,Online,4.0,88.93,355.72
2025-12-19,Teclado,Oeste,Online,3.0,42.91,128.73
2025-10-25,Mouse,Este,Tienda,1.0,23.63,23.63
2024-11-25,Teclado,Oeste,Tienda,1.0,47.35,47.35
2025-06-06,Mouse,Este,Online,4.0,,566.02
2024-05-14,Mouse,Centro,Online,3.0,24.15,72.45
2024-12-01,Mouse,Norte,Tienda,5.0,24.5,122.5
2024-09-14,Auriculares,Sur,Online,3.0,94.06,282.18
2024-12-05,Auriculares,Centro,Tienda,4.0,93.99,375.96
2025-04-06,Monitor,Norte,Online,5.0,218.68,1093.4
2024-12-29,Auriculares,Sur,Online,5.0,94.34,471.7
2024-04-26,Auriculares,Este,Tienda,1.0,84.79,84.79
2024-04-21,Mouse,Este,Tienda,4.0,24.67,98.68
2024-03-20,Monitor,Oeste,Online,1.0,222.26,222.26
2025-08-15,Teclado,Sur,Tienda,2.0,44.65,89.3
2024-11-07,Mouse,Sur,Distribuidor,4.0,19.43,77.72
2024-09-20,Auriculares,Oeste,Distribuidor,5.0,69.46,347.3
2025-12-23,Auriculares,Oeste,Online,2.0,90.38,180.76
2024-09-27,Teclado,Centro,Tienda,1.0,42.77,42.77
2025-07-09,Monitor,Norte,Online,1.0,227.85,227.85
2025-11-22,Monitor,Centro,Tienda,1.0,231.95,231.95
2024-12-18,Auriculares,Este,Online,5.0,89.45,447.25
2024-05-25,Auriculares,Sur,Tienda,4.0,88.61,354.44
2024-05-26,Mouse,Centro,Online,5.0,24.4,122.0
2024-11-07,Teclado,Centro,Online,4.0,44.56,178.24
2025-06-13,Teclado,Centro,Tienda,1.0,46.22,46.22
2025-11-19,Auriculares,Norte,Online,1.0,87.21,87.21
2024-06-09,Auriculares,Norte,Online,3.0,90.57,271.71
2024-09-01,Monitor,Norte,Online,3.0,220.77,662.31
2024-12-30,Webcam,Este,Distribuidor,1.0,53.04,53.04
2024-11-20,Webcam,Sur,Tienda,1.0,62.35,62.35
2025-10-16,Auriculares,Norte,Distribuidor,5.0,74.5,37.76
2025-04-11,Teclado,Centro,Online,1.0,44.51,44.51
2025-09-18,Auriculares,Norte,Online,2.0,86.44,172.88
2025-12-08,Webcam,,Distribuidor,3.0,51.3,153.9
2025-06-11,Mouse,Oeste,Tienda,2.0,25.64,51.28
2024-12-10,Auriculares,Norte,Tienda,5.0,82.94,414.7
2024-12-11,Teclado,Centro,Online,3.0,43.88,131.64
2024-04-18,Teclado,Norte,Online,2.0,46.84,93.68
2024-10-13,Auriculares,Norte,Tienda,4.0,86.39,345.56
2025-11-14,Teclado,Sur,Online,2.0,46.29,92.58
2025-12-15,Mouse,Norte,Online,3.0,24.78,74.34
2024-04-26,Auriculares,Oeste,Distribuidor,3.0,73.48,220.44
2024-04-19,Mouse,Norte,Distribuidor,1.0,20.25,20.25
2025-01-21,Webcam,Norte,Tienda,5.0,61.19,305.95
2025-12-14,Mouse,Sur,Tienda,1.0,24.78,24.78
2024-10-09,Mouse,Sur,Online,4.0,25.86,103.44
2025-03-15,Teclado,Oeste,Online,4.0,45.76,183.04
2024-04-22,Mouse,Centro,Tienda,4.0,24.55,98.2
2025-04-27,Monitor,Oeste,Tienda,5.0,214.61,1073.05
2025-03-05,Teclado,Norte,Tienda,1.0,43.31,43.31
2025-08-27,Auriculares,Oeste,Online,4.0,89.43,357.72
2024-11-07,Webcam,Norte,Tienda,3.0,63.59,190.77
2024-12-11,Auriculares,Norte,Tienda,4.0,88.53,354.12
2024-03-03,Auriculares,Norte,Tienda,3.0,93.87,281.61
2025-05-29,Mouse,Centro,Tienda,5.0,23.6,118.0
2025-12-17,Auriculares,Este,Tienda,4.0,88.22,352.88
2025-04-06,Teclado,Sur,Online,2.0,45.57,91.14
2024-12-04,Auriculares,Centro,Online,5.0,92.45,462.25
2024-11-17,Teclado,Centro,Distribuidor,5.0,37.61,188.05
2024-10-05,Auriculares,Este,Distribuidor,2.0,73.23,146.46
2025-08-02,Mouse,Centro,Online,4.0,24.08,96.32
2025-05-25,Teclado,Sur,Online,3.0,46.8,140.4
2024-12-12,Teclado,Norte,Distribuidor,5.0,36.35,181.75
2024-04-06,Webcam,Sur,Tienda,4.0,66.49,265.96
2025-07-23,Webcam,Este,Distribuidor,2.0,50.77,101.54
2025-05-07,Auriculares,Centro,Online,2.0,89.06,178.12
2024-12-22,Mouse,Centro,Distribuidor,4.0,19.95,79.8
2025-07-30,Auriculares,Oeste,Tienda,5.0,86.27,431.35
2024-11-20,Auriculares,Centro,Online,5.0,87.21,436.05
,Auriculares,Centro,Online,4.0,96.89,387.56
2024-03-18,Teclado,Este,Tienda,4.0,47.32,189.28
2025-08-05,Monitor,Sur,Tienda,4.0,215.15,860.6
2024-12-23,Monitor,Sur,Online,5.0,209.33,1046.65
2025-06-08,Mouse,Norte,Distribuidor,5.0,19.49,97.45
2024-03-02,Webcam,Sur,Tienda,4.0,59.03,236.12
2025-10-19,Teclado,Centro,Distribuidor,5.0,36.61,183.05
2024-06-05,Webcam,Centro,Online,3.0,63.31,189.93
2024-11-02,Mouse,Norte,Online,3.0,25.14,75.42
2025-07-09,Teclado,Centro,Distribuidor,4.0,38.13,152.52
2024-09-22,Monitor,Sur,Online,3.0,219.22,657.66
2025-01-16,Mouse,Este,Online,2.0,26.05,52.1
2024-05-11,Mouse,Centro,Online,5.0,24.65,123.25
2025-02-05,Auriculares,Oeste,Online,5.0,88.65,443.25
2024-09-03,Teclado,Norte,Online,3.0,44.15,132.45
2024-12-18,Teclado,Centro,Online,4.0,44.79,179.16
2025-12-09,Mouse,Norte,Tienda,1.0,24.03,24.03
2025-09-18,Teclado,Norte,Online,1.0,47.28,47.28
2025-01-05,Teclado,Este,Tienda,2.0,44.35,88.7
2024-11-28,Auriculares,Oeste,Online,3.0,91.51,274.53
2024-12-19,Mouse,Centro,Online,3.0,24.06,72.18
2024-04-27,Teclado,Oeste,Online,2.0,44.52,89.04
2024-12-23,Mouse,Este,Tienda,4.0,24.93,99.72
2024-11-26,Auriculares,Oeste,Online,5.0,92.13,460.65
2024-11-25,Mouse,Oeste,Distribuidor,3.0,20.95,62.85
2024-01-23,Teclado,Oeste,Distribuidor,1.0,38.35,38.35
2025-03-04,Monitor,Centro,Online,1.0,226.99,226.99
2024-12-12,Monitor,Oeste,Tienda,5.0,227.23,1136.15
2024-04-09,Auriculares,Norte,Distribuidor,3.0,76.61,229.83
2025-12-18,Mouse,Oeste,Distribuidor,2.0,20.4,40.8
2024-02-15,Teclado,Oeste,Online,5.0,44.19,220.95
2024-06-22,Monitor,Norte,Online,4.0,217.09,868.36
2024-07-07,Webcam,Norte,Online,1.0,64.27,64.27
2024-06-06,Auriculares,Norte,Online,5.0,87.31,436.55
2024-05-13,Teclado,,Distribuidor,3.0,37.53,112.59
2025-03-17,Webcam,,Online,2.0,63.08,126.16
2025-11-15,Teclado,Norte,Tienda,1.0,41.93,41.93
2025-09-27,Mouse,Oeste,Distribuidor,3.0,20.34,61.02
2025-07-13,Mouse,Centro,Online,5.0,24.39,121.95
2024-11-09,Mouse,Norte,Online,4.0,25.05,100.2
2024-06-12,Mouse,Centro,Online,2.0,23.5,47.0
2024-02-10,Mouse,Oeste,Online,4.0,24.92,99.68
2024-10-08,Mouse,Este,Online,5.0,24.51,122.55
2024-05-12,Monitor,Este,Online,3.0,211.46,634.38
2024-07-21,Auriculares,Centro,Online,5.0,88.27,441.35
2025-05-23,Monitor,,Online,4.0,222.73,890.92
2024-12-16,Mouse,Norte,Tienda,5.0,24.98,124.9
2025-12-07,Auriculares,Este,Tienda,4.0,91.85,367.4
2024-02-13,Mouse,Centro,Online,3.0,26.17,78.51
2024-04-25,Mouse,Sur,Tienda,5.0,23.4,117.0
2024-09-30,Auriculares,Norte,Online,5.0,89.59,447.95
2024-11-03,Mouse,Oeste,Online,2.0,24.07,48.14
2025-11-08,Auriculares,Sur,Distribuidor,5.0,74.93,374.65
2024-08-31,Auriculares,Oeste,Distribuidor,1.0,75.29,75.29
2024-01-27,Mouse,Sur,Online,3.0,25.05,75.15
2025-03-24,Teclado,Centro,Online,4.0,42.35,169.4
2024-08-21,Teclado,Oeste,Tienda,3.0,46.71,140.13
2024-09-29,Mouse,Este,Online,1.0,24.95,24.95
2025-01-28,Monitor,Centro,Tienda,2.0,222.79,445.58
2024-04-13,Monitor,Este,Online,2.0,222.1,444.2
2024-08-16,Mouse,Sur,Distribuidor,2.0,19.46,38.92
2024-12-10,Mouse,Norte,Online,2.0,24.89,49.78
2024-09-09,Mouse,Norte,Tienda,1.0,24.7,24.7
2025-06-05,Mouse,Sur,Tienda,2.0,23.65,47.3
2025-04-30,Mouse,Sur,Online,4.0,24.8,99.2
2025-01-10,Mouse,Sur,Distribuidor,1.0,21.11,21.11
2024-03-01,Mouse,Oeste,Distribuidor,2.0,19.93,39.86
2024-11-15,Monitor,Norte,Online,3.0,212.98,638.94
2025-06-27,Teclado,Centro,Tienda,4.0,45.98,183.92
2024-07-17,Monitor,Centro,Tienda,1.0,219.94,219.94
2024-09-17,Webcam,Centro,Distribuidor,3.0,53.12,159.36
2025-06-06,Mouse,Norte,Online,3.0,24.02,72.06
2025-12-12,Webcam,Centro,Distribuidor,5.0,53.8,269.0
2025-12-29,Webcam,Oeste,Online,5.0,65.61,328.05
2025-12-24,Auriculares,Norte,Tienda,1.0,93.59,93.59
2024-07-30,Mouse,Oeste,Online,1.0,25.04,25.04
2024-02-05,Auriculares,Centro,Distribuidor,3.0,74.8,224.4
2024-05-22,Auriculares,,Online,3.0,89.59,268.77
2024-11-24,Auriculares,Oeste,Online,3.0,89.84,269.52
2025-08-25,Auriculares,Norte,Distribuidor,2.0,75.49,150.98
2025-10-16,Auriculares,Norte,Tienda,1.0,92.39,92.39
2024-03-01,Monitor,Este,Tienda,1.0,222.25,222.25
2025-05-16,Mouse,Centro,Online,4.0,26.05,104.2
2024-03-04,Webcam,Sur,Online,3.0,64.57,193.71
2024-04-26,Auriculares,Centro,Online,5.0,92.11,460.55
2025-12-06,Webcam,Oeste,Distribuidor,4.0,53.0,212.0
2025-06-28,Mouse,Centro,Online,3.0,26.05,78.15
2025-06-20,Auriculares,Centro,Online,1.0,88.45,88.45
2024-04-24,Monitor,Oeste,Tienda,5.0,215.2,1076.0
2025-12-10,Mouse,Oeste,Online,4.0,25.26,101.04
2025-04-11,Mouse,Oeste,Distribuidor,5.0,20.71,103.55
2024-06-09,Auriculares,Oeste,Tienda,1.0,90.33,90.33
2025-12-04,Mouse,Norte,Tienda,2.0,26.66,53.32
2024-10-05,Mouse,Oeste,Tienda,2.0,25.37,50.74
2025-11-13,Mouse,Sur,Online,2.0,25.36,50.72
2024-12-17,Mouse,Norte,Tienda,5.0,26.54,132.7
2024-11-14,Mouse,Norte,Online,3.0,24.17,72.51
2025-07-22,Webcam,Oeste,Online,5.0,60.77,303.85
2025-03-16,Webcam,Centro,Online,3.0,65.36,196.08
2024-06-21,Mouse,Centro,Tienda,5.0,24.06,120.3
2025-11-04,Auriculares,Centro,Online,4.0,88.5,354.0
2025-11-08,Auriculares,Norte,Tienda,3.0,89.34,268.02
2024-11-05,Monitor,Centro,Online,4.0,214.55,858.2
2025-10-21,Auriculares,Norte,Online,2.0,93.11,186.22
2025-04-09,Monitor,Sur,Tienda,5.0,225.82,1129.1
2024-11-08,Monitor,Sur,Online,4.0,222.33,889.32
2024-12-08,Auriculares,Este,Online,4.0,90.77,363.08
2025-09-02,Monitor,Este,Distribuidor,2.0,168.54,337.08
2024-08-26,Teclado,Sur,Tienda,1.0,45.03,45.03
2025-06-22,Mouse,Sur,Online,1.0,24.61,24.61
2025-10-13,Mouse,Este,Distribuidor,2.0,19.95,39.9
2024-12-22,Monitor,Este,Tienda,4.0,217.49,869.96
2024-10-19,Webcam,Sur,Online,5.0,66.03,330.15
2025-06-09,Auriculares,Sur,Online,5.0,89.64,448.2
2025-08-27,Mouse,Norte,Distribuidor,3.0,20.65,61.95
2024-03-13,Monitor,Norte,Distribuidor,2.0,177.9,355.8
2024-11-14,Monitor,Norte,Online,1.0,215.93,215.93
2024-10-11,Auriculares,Este,Tienda,1.0,87.51,87.51
2025-11-23,Monitor,Oeste,Online,1.0,219.51,219.51
2025-11-27,Monitor,Oeste,Online,4.0,217.04,868.16
2025-12-15,Teclado,Oeste,Tienda,1.0,45.06,45.06
2024-04-11,Mouse,Centro,Tienda,1.0,26.78,26.78
2024-04-27,Auriculares,Centro,Distribuidor,4.0,75.82,303.28
2025-09-30,Mouse,Oeste,Online,1.0,25.56,25.56
2024-03-22,Auriculares,Sur,Online,4.0,95.38,381.52
2025-08-28,Mouse,Centro,Online,2.0,24.92,49.84
2025-01-16,Auriculares,Oeste,Online,5.0,93.61,468.05
2024-11-23,Auriculares,Norte,Tienda,5.0,87.01,435.05
2025-04-11,Monitor,Norte,Online,2.0,213.67,427.34
2024-12-07,Monitor,Oeste,Online,2.0,218.69,437.38
2024-03-30,Auriculares,Centro,Online,1.0,85.36,85.36
2025-10-11,Webcam,Sur,Tienda,2.0,64.86,129.72
2024-03-15,Auriculares,Norte,Online,1.0,86.89,86.89
2025-12-10,Mouse,Norte,Tienda,4.0,25.31,101.24
2025-04-19,Mouse,Norte,Tienda,1.0,24.82,24.82
2024-08-15,Monitor,Norte,Tienda,2.0,220.86,441.72
,Teclado,Norte,Distribuidor,5.0,35.82,179.1
2024-03-08,Webcam,Centro,Distribuidor,1.0,51.41,51.41
2024-04-25,Monitor,Centro,Online,,,223.03
2025-10-16,Auriculares,,Online,5.0,88.16,440.8
2025-01-20,Webcam,Oeste,Online,4.0,62.44,249.76
2025-05-14,Mouse,Norte,Tienda,2.0,25.15,50.3
2025-08-29,Mouse,Norte,Online,2.0,24.61,49.22
2024-06-25,Teclado,Sur,Online,3.0,44.88,134.64
2025-11-03,Mouse,Centro,Online,5.0,24.06,120.3
2025-03-13,Auriculares,Sur,Tienda,3.0,92.69,278.07
2025-12-06,Teclado,Norte,Tienda,5.0,44.07,220.35
2025-11-28,Teclado,Oeste,Online,2.0,46.2,92.4
2025-06-25,Monitor,Oeste,Tienda,5.0,218.5,1092.5
2024-11-04,Webcam,Oeste,Online,1.0,62.49,62.49
2024-12-03,Mouse,Oeste,Tienda,5.0,24.92,124.6
2025-07-24,Mouse,Oeste,Distribuidor,4.0,20.9,83.6
2024-06-15,Teclado,Este,Tienda,3.0,45.11,135.33
2024-06-24,Mouse,Centro,Tienda,2.0,23.88,47.76
2025-01-01,Teclado,Norte,Tienda,5.0,44.7,223.5
2025-06-08,Auriculares,Centro,Tienda,4.0,92.86,371.44
2025-11-06,Webcam,Sur,Online,2.0,65.51,131.02
2025-09-20,Mouse,Oeste,Online,2.0,26.25,52.5
2025-10-07,Auriculares,Sur,Online,1.0,88.48,88.48
2025-11-29,Auriculares,Norte,Tienda,2.0,85.59,171.18
2025-10-31,Teclado,Oeste,Online,2.0,46.29,92.58
2025-07-13,Webcam,Sur,Online,4.0,64.76,259.04
2025-08-25,Webcam,Este,Tienda,3.0,64.86,194.58
2025-11-07,Mouse,Oeste,Tienda,2.0,24.2,48.4
2024-02-16,Mouse,Norte,Tienda,1.0,25.38,25.38
2024-05-17,Teclado,Este,Distribuidor,2.0,37.04,74.08
2025-01-08,Auriculares,Centro,Tienda,2.0,86.61,173.22
2025-09-25,Auriculares,Oeste,Tienda,1.0,85.54,85.54
2024-11-22,Mouse,Norte,Tienda,4.0,24.62,98.48
2024-03-02,Mouse,Centro,Online,2.0,25.65,51.3
2025-05-27,Mouse,Este,Tienda,3.0,23.93,71.79
2025-12-08,Mouse,Oeste,Online,4.0,25.22,100.88
2025-12-19,Teclado,Norte,Online,3.0,45.49,136.47
2025-05-22,Auriculares,Oeste,Tienda,2.0,90.04,180.08
2025-04-25,Auriculares,Norte,Tienda,1.0,88.21,88.21
2025-07-01,Webcam,Norte,Online,1.0,66.57,66.57
2025-02-27,Mouse,Norte,Distribuidor,5.0,20.69,103.45
2024-02-14,Mouse,Este,Online,5.0,24.46,122.3
,Teclado,Sur,Distribuidor,3.0,35.01,105.03
2025-09-30,Monitor,Sur,Online,2.0,222.13,444.26
2025-12-10,Teclado,Norte,Online,3.0,45.51,136.53
2025-02-26,Monitor,Centro,Online,4.0,212.24,848.96
2024-11-27,Auriculares,Norte,Online,2.0,90.97,181.94
2025-05-10,Monitor,Centro,Online,2.0,222.38,444.76
2024-12-24,Teclado,Oeste,Online,4.0,45.21,180.84
2024-09-23,Auriculares,Centro,Online,1.0,88.01,88.01
2024-09-19,Auriculares,Sur,Online,3.0,88.7,266.1
2024-06-17,Monitor,Sur,Online,2.0,218.71,437.42
2024-11-11,Auriculares,Sur,Online,5.0,89.74,448.7
2025-12-07,Mouse,Centro,Distribuidor,1.0,20.29,20.29
2025-11-07,Monitor,Este,Online,1.0,226.79,226.79
2025-09-28,Auriculares,Oeste,Tienda,5.0,89.17,445.85
2025-06-17,Auriculares,Oeste,Online,1.0,89.28,89.28
2024-02-16,Monitor,Centro,Online,2.0,216.86,433.72
2024-04-14,Auriculares,Sur,Distribuidor,3.0,72.59,217.77
2024-09-26,Teclado,Norte,Tienda,2.0,47.53,95.06
2025-06-11,Mouse,Centro,Online,1.0,25.43,25.43
2024-05-09,Auriculares,Este,Tienda,5.0,88.73,443.65
2025-01-19,Monitor,Oeste,Tienda,1.0,216.15,216.15
2024-03-13,Teclado,Norte,Tienda,4.0,45.49,181.96
2024-08-20,Monitor,Centro,Distribuidor,5.0,171.56,857.8
2025-11-17,Teclado,Sur,Online,5.0,44.25,221.25
2025-11-25,Auriculares,Sur,Tienda,1.0,88.29,88.29
2025-01-01,Auriculares,Norte,Tienda,4.0,89.75,359.0
2025-06-06,Auriculares,Oeste,Online,1.0,92.41,92.41
2024-08-07,Mouse,Oeste,Online,2.0,24.15,48.3
2024-12-10,Auriculares,Norte,Online,4.0,92.27,369.08
2024-11-09,Monitor,Norte,Distribuidor,3.0,182.51,547.53
2025-01-03,Teclado,Centro,Tienda,5.0,46.69,233.45
2024-10-21,Teclado,Centro,Online,4.0,45.54,182.16
2025-04-20,Mouse,Norte,Tienda,5.0,25.05,384.74
2024-12-08,Monitor,Norte,Online,3.0,218.78,656.34
2024-08-06,Auriculares,Este,Distribuidor,1.0,66.25,224.03
2025-07-12,Mouse,Norte,Online,4.0,24.73,98.92
2025-12-27,Webcam,Sur,Distribuidor,5.0,52.36,261.8
2025-10-30,Teclado,Norte,Online,2.0,42.5,85.0
2025-11-02,Mouse,Norte,Online,3.0,24.1,72.3
2024-09-19,Teclado,Centro,Online,3.0,46.79,140.37
2025-11-10,Mouse,Sur,Tienda,4.0,25.19,100.76
2025-04-23,Auriculares,Este,Distribuidor,1.0,80.19,80.19
2024-12-11,Webcam,Norte,Distribuidor,5.0,52.84,264.2
2024-05-17,Monitor,Centro,Online,4.0,225.78,903.12
2025-03-08,Auriculares,Norte,Tienda,5.0,86.29,431.45
2025-02-06,Mouse,Sur,Online,2.0,24.35,48.7
2024-11-21,Auriculares,Este,Online,2.0,94.71,189.42
2024-12-13,Teclado,Oeste,Online,5.0,46.21,231.05
2024-01-03,Mouse,Oeste,Distribuidor,4.0,20.63,82.52
2025-03-07,Monitor,Norte,Distribuidor,4.0,183.53,734.12
2025-09-06,Teclado,Centro,Tienda,4.0,46.75,187.0
2024-06-25,Monitor,Oeste,Distribuidor,3.0,182.83,548.49
2024-11-08,Auriculares,Oeste,Online,4.0,93.63,374.52
2024-10-21,Auriculares,Este,Tienda,1.0,89.05,89.05
2024-04-06,Auriculares,Este,Online,1.0,90.85,90.85
2024-12-31,Auriculares,Sur,Tienda,3.0,87.08,261.24
2024-07-13,Monitor,Sur,Online,3.0,229.01,687.03
2025-12-23,Mouse,Norte,Online,2.0,26.13,52.26
2025-12-07,Mouse,,Online,1.0,24.56,24.56
2025-03-06,Mouse,Centro,Online,2.0,24.71,49.42
2024-11-06,Auriculares,Norte,Online,5.0,90.87,454.35
2024-09-04,Mouse,Norte,Distribuidor,2.0,20.07,40.14
2025-11-22,Mouse,Oeste,Online,2.0,26.47,52.94
2024-07-10,Webcam,Oeste,Online,4.0,65.57,262.28
2024-12-20,Auriculares,Centro,Tienda,4.0,96.44,385.76
2024-11-24,Teclado,Oeste,Tienda,4.0,45.07,180.28
2024-03-05,Webcam,Centro,Online,5.0,63.08,315.4
2025-05-20,Auriculares,Norte,Online,5.0,82.68,413.4
2024-10-19,Mouse,Este,Tienda,3.0,25.0,75.0
2024-12-05,Webcam,Oeste,Online,1.0,63.87,63.87
2025-11-13,Webcam,Sur,Distribuidor,2.0,50.05,100.1
2024-12-30,Auriculares,Oeste,Online,1.0,90.54,90.54
2024-09-15,Teclado,Norte,Online,2.0,45.11,90.22
2025-12-27,Teclado,Sur,Online,3.0,46.58,139.74
2024-05-18,Webcam,Oeste,Online,4.0,64.52,258.08
2024-09-16,Mouse,Norte,Distribuidor,4.0,21.32,85.28
2024-11-12,Teclado,Sur,Online,4.0,48.47,193.88
2024-05-26,Monitor,Oeste,Tienda,2.0,221.58,443.16
2024-05-22,Mouse,Norte,Online,3.0,26.52,79.56
2024-02-11,Teclado,Norte,Online,5.0,45.33,226.65
2024-03-03,Mouse,Sur,Online,1.0,24.15,24.15
2025-10-13,Auriculares,Centro,Tienda,5.0,91.84,459.2
2025-12-21,Mouse,Este,Tienda,4.0,25.14,100.56
2025-11-20,Webcam,Norte,Online,4.0,63.22,252.88
2024-11-27,Monitor,Sur,Tienda,1.0,213.4,213.4
2024-03-25,Teclado,Centro,Distribuidor,5.0,35.36,176.8
2024-07-29,Auriculares,Norte,Online,2.0,87.66,175.32
2024-03-21,Mouse,Centro,Tienda,4.0,24.79,99.16
2025-11-16,Teclado,Este,Distribuidor,1.0,37.11,37.11
2025-06-02,Teclado,Centro,Distribuidor,5.0,38.94,194.7
2025-06-21,Mouse,Sur,Distribuidor,1.0,19.79,19.79
2025-08-24,Mouse,Este,Online,3.0,24.47,73.41
2025-12-07,Mouse,Norte,Online,2.0,25.59,51.18
2025-08-13,Auriculares,Norte,Online,4.0,90.76,363.04
2024-02-03,Mouse,Centro,Tienda,3.0,25.57,76.71
2025-06-12,Mouse,Norte,Online,4.0,24.3,97.2
2024-09-16,Auriculares,Centro,Online,4.0,90.25,361.0
2025-05-31,Mouse,Este,Tienda,3.0,26.59,79.77
2025-11-28,Teclado,Sur,Tienda,1.0,47.59,47.59
2024-05-06,Webcam,Norte,Online,1.0,64.8,64.8
2025-04-17,Mouse,Norte,Distribuidor,5.0,20.39,101.95
2025-11-16,Auriculares,Norte,Online,4.0,88.31,353.24
2024-05-24,Monitor,Norte,Tienda,1.0,215.36,215.36
2025-07-28,Mouse,Centro,Online,5.0,24.86,124.3
2025-12-31,Monitor,Este,Distribuidor,2.0,175.82,351.64
2024-10-26,Monitor,Norte,Tienda,5.0,217.1,1085.5
2025-12-08,Auriculares,Norte,Tienda,2.0,90.89,181.78
2024-03-10,Monitor,Centro,Tienda,3.0,222.92,668.76
2025-11-19,Webcam,Norte,Tienda,1.0,64.96,64.96
2024-11-29,Monitor,Norte,Tienda,2.0,218.62,437.24
2024-12-30,Teclado,Oeste,Distribuidor,5.0,36.52,182.6
2024-10-05,Mouse,Oeste,Online,4.0,24.88,99.52
2025-11-05,Teclado,Este,Online,4.0,42.07,168.28
2024-11-06,Auriculares,Centro,Tienda,2.0,95.09,190.18
2024-12-23,Mouse,Centro,Online,1.0,26.11,26.11
2024-12-05,Webcam,Norte,Distribuidor,1.0,55.48,55.48
2025-12-23,Auriculares,Sur,Tienda,1.0,84.47,84.47
2024-03-21,Webcam,Centro,Distribuidor,3.0,54.36,163.08
2025-12-13,Auriculares,Este,Tienda,4.0,91.36,365.44
2024-07-06,Mouse,Norte,Online,1.0,25.04,25.04
2024-12-29,Mouse,Centro,Online,1.0,24.27,24.27
2025-07-24,Auriculares,Norte,Tienda,3.0,85.91,257.73
2025-11-02,Auriculares,Este,Online,5.0,89.43,447.15
2025-11-09,Monitor,Sur,Online,3.0,214.61,643.83
2025-12-08,Teclado,Este,Tienda,1.0,45.16,45.16
2025-02-07,Mouse,Este,Distribuidor,2.0,19.24,38.48
2024-11-26,Mouse,Sur,Tienda,5.0,25.07,125.35
2025-09-19,Auriculares,Oeste,Distribuidor,1.0,72.16,72.16
2024-05-08,Teclado,Norte,Online,2.0,44.57,89.14
2024-07-17,Monitor,Sur,Tienda,3.0,213.51,640.53
2024-06-28,Auriculares,Sur,Tienda,5.0,90.88,454.4
2025-05-18,Mouse,Sur,Distribuidor,5.0,20.88,104.4
2025-03-17,Monitor,Oeste,Online,2.0,215.57,431.14
2025-12-24,Mouse,Este,Online,1.0,24.56,24.56
2025-08-24,Monitor,Norte,Tienda,5.0,205.8,1029.0
2024-04-10,Teclado,Sur,Online,5.0,45.18,225.9
2025-10-16,Auriculares,Oeste,Tienda,5.0,86.89,434.45
2024-12-08,Monitor,Este,Online,4.0,211.49,845.96
2024-12-13,Monitor,Oeste,Distribuidor,1.0,178.35,178.35
2024-08-22,Mouse,Sur,Tienda,2.0,23.58,47.16
2025-05-16,Mouse,Oeste,Tienda,4.0,24.7,98.8
2025-11-11,Auriculares,Oeste,Distribuidor,4.0,73.53,294.12
2024-05-28,Mouse,Norte,Online,3.0,24.74,74.22
2025-12-04,Monitor,Oeste,Tienda,5.0,215.71,1078.55
2024-12-20,Teclado,Norte,Distribuidor,5.0,37.75,188.75
2024-03-02,Webcam,Este,Online,4.0,62.92,251.68
2024-12-14,Mouse,Este,Online,1.0,25.88,25.88
2025-11-12,Webcam,Norte,Online,4.0,63.16,252.64
2025-04-11,Teclado,Centro,Online,4.0,43.78,175.12
2024-10-21,Auriculares,Norte,Tienda,5.0,91.65,458.25
2025-11-30,Teclado,Oeste,Tienda,2.0,47.22,94.44
2024-02-14,Webcam,Sur,Online,2.0,61.25,122.5
2025-03-17,Webcam,Norte,Online,3.0,65.74,197.22
2024-03-10,Auriculares,Sur,Online,3.0,94.63,102.14
2025-12-25,Teclado,Oeste,Online,4.0,43.86,175.44
2024-06-04,Auriculares,Sur,Online,5.0,88.99,444.95
2024-08-16,Auriculares,Este,Tienda,2.0,85.71,171.42
2025-10-14,Auriculares,Este,Online,4.0,89.68,358.72
2025-12-17,Mouse,Este,Tienda,4.0,25.91,103.64
2025-04-07,Auriculares,Este,Tienda,2.0,86.28,172.56
2025-08-05,Teclado,Oeste,Tienda,5.0,47.66,238.3
2024-12-10,Mouse,Norte,Tienda,5.0,25.91,129.55
2025-08-26,Auriculares,Oeste,Online,3.0,88.0,264.0
2024-02-28,Webcam,Oeste,Online,3.0,66.81,200.43
2025-04-17,Monitor,Oeste,Tienda,4.0,223.68,894.72
2024-12-08,Teclado,Sur,Online,5.0,44.45,222.25
2025-10-13,Monitor,Sur,Online,1.0,221.57,221.57
2024-11-02,Teclado,Centro,Tienda,2.0,46.68,93.36
2024-05-04,Auriculares,Norte,Tienda,1.0,92.94,92.94
2024-10-24,Auriculares,Norte,Tienda,3.0,93.26,279.78
2025-03-21,Mouse,Este,Online,2.0,25.36,50.72
2024-08-08,Webcam,Centro,Distribuidor,5.0,52.82,264.1
2025-08-26,Monitor,Centro,Online,1.0,219.86,219.86
2025-10-30,Mouse,Norte,Distribuidor,1.0,19.09,19.09
2025-12-05,Mouse,Norte,Tienda,2.0,23.89,47.78
2025-10-31,Webcam,Centro,Tienda,4.0,67.15,268.6
2024-05-21,Mouse,Norte,Tienda,2.0,24.75,49.5
2025-12-07,Mouse,Este,Online,5.0,24.84,124.2
2025-03-23,Auriculares,Norte,Tienda,4.0,85.85,343.4
2024-10-12,Auriculares,Este,Tienda,5.0,88.8,444.0
2024-11-22,Auriculares,Norte,Tienda,3.0,87.97,263.91
2024-12-30,Mouse,Centro,Online,2.0,24.2,183.61
2024-01-30,Auriculares,Sur,Tienda,5.0,91.92,459.6
2025-11-19,Monitor,Este,Online,2.0,205.29,410.58
2025-12-02,Auriculares,Oeste,Online,1.0,87.41,87.41
2024-04-21,Mouse,Norte,Tienda,3.0,25.46,76.38
2025-03-06,Teclado,Oeste,Tienda,2.0,45.44,76.24
2025-12-18,Mouse,Oeste,Distribuidor,1.0,20.82,20.82
2024-12-12,Monitor,Oeste,Online,2.0,216.72,433.44
2025-05-10,Monitor,Norte,Distribuidor,4.0,178.62,714.48
2025-05-12,Mouse,Centro,Distribuidor,1.0,21.81,21.81
2024-09-09,Mouse,Centro,Online,1.0,25.7,25.7
2024-09-22,Webcam,Norte,Tienda,4.0,63.63,254.52
2024-12-17,Teclado,Centro,Tienda,5.0,46.69,233.45
2025-05-11,Webcam,Este,Online,5.0,63.32,316.6
2025-12-07,Webcam,Sur,Distribuidor,4.0,52.69,210.76
2024-10-22,Auriculares,Norte,Online,3.0,89.02,267.06
2025-05-06,Monitor,Oeste,Online,1.0,218.92,218.92
2024-08-19,Auriculares,Sur,Online,3.0,93.45,280.35
2024-12-09,Auriculares,Norte,Tienda,5.0,86.51,432.55
2024-08-13,Auriculares,Centro,Tienda,3.0,96.66,289.98
2024-08-09,Auriculares,Centro,Distribuidor,5.0,76.75,383.75
2024-01-12,Webcam,Centro,Online,5.0,63.34,316.7
,Teclado,Sur,Distribuidor,1.0,37.02,37.02
2024-02-22,Teclado,Centro,Online,5.0,43.71,218.55
2024-12-23,Webcam,Norte,Tienda,1.0,63.78,63.78
2024-05-04,Monitor,Centro,Tienda,5.0,222.84,1114.2
2024-10-29,Mouse,Este,Online,4.0,24.34,97.36
2025-11-11,Auriculares,Oeste,Tienda,5.0,87.04,435.2
2024-12-27,Monitor,Sur,Tienda,5.0,221.68,1108.4
2024-12-14,Monitor,Norte,Distribuidor,3.0,178.96,536.88
2024-12-05,Auriculares,Norte,Online,2.0,89.7,179.4
2024-11-04,Mouse,Oeste,Online,5.0,24.6,123.0
2025-11-16,Auriculares,Sur,Online,3.0,91.53,274.59
2025-12-12,Teclado,Oeste,Online,4.0,44.09,176.36
2024-07-30,Monitor,Este,Tienda,3.0,219.54,658.62
2024-03-01,Webcam,Norte,Online,2.0,62.9,125.8
2025-11-03,Teclado,Oeste,Tienda,5.0,44.15,220.75
2025-08-03,Auriculares,Norte,Online,3.0,88.66,265.98
2024-06-28,Teclado,Este,Distribuidor,3.0,39.1,117.3
2024-03-21,Mouse,Centro,Online,3.0,24.72,74.16
2025-04-02,Mouse,Norte,Tienda,1.0,24.45,24.45
2024-11-20,Monitor,Sur,Online,2.0,224.5,449.0
2025-03-20,Teclado,Centro,Online,2.0,46.25,92.5
2025-03-14,Teclado,Sur,Distribuidor,2.0,37.54,75.08
2025-12-08,Monitor,Sur,Online,2.0,226.38,452.76
2024-07-19,Auriculares,Sur,Online,4.0,91.94,367.76
2024-05-24,Monitor,Este,Online,2.0,217.43,434.86
2025-05-10,Auriculares,Oeste,Distribuidor,1.0,72.04,72.04
2024-12-11,Monitor,Oeste,Online,2.0,221.36,442.72
2025-12-05,Teclado,Norte,Online,3.0,44.98,134.94
2025-12-09,Webcam,Norte,Online,4.0,61.32,245.28
2024-04-24,Teclado,Norte,Tienda,1.0,46.22,46.22
2024-11-09,Monitor,Centro,Tienda,1.0,221.2,221.2
2024-09-19,Mouse,Norte,Distribuidor,1.0,20.94,20.94
2025-07-10,Mouse,Sur,Tienda,2.0,24.66,49.32
2024-10-17,Mouse,,Tienda,2.0,25.95,51.9
2025-07-02,Mouse,Norte,Tienda,5.0,25.36,126.8
2024-12-07,Mouse,Norte,Tienda,2.0,25.0,50.0
2024-01-21,Auriculares,Centro,Online,1.0,95.74,95.74
2024-11-06,Mouse,Norte,Distribuidor,3.0,19.95,59.85
2025-04-27,Auriculares,Sur,Tienda,1.0,86.98,86.98
2024-04-25,Auriculares,Este,Tienda,3.0,90.59,271.77
2024-12-19,Auriculares,Centro,Tienda,5.0,92.66,463.3
2024-10-08,Mouse,,Tienda,4.0,25.02,100.08
2024-04-22,Auriculares,Oeste,Online,3.0,87.18,261.54
2024-12-21,Teclado,Oeste,Online,4.0,45.04,180.16
2024-11-06,Mouse,Oeste,Online,4.0,23.98,95.92
2025-11-04,Teclado,Norte,Online,3.0,43.82,131.46
2024-06-25,Monitor,Norte,Online,5.0,221.28,1106.4
2024-12-28,Mouse,Sur,Distribuidor,1.0,20.28,20.28
2024-04-26,Teclado,Centro,Online,3.0,45.81,137.43
2025-11-25,Teclado,Norte,Online,5.0,46.31,231.55
2024-11-12,Teclado,Norte,Online,3.0,46.98,140.94
2025-01-26,Mouse,Norte,Tienda,2.0,24.15,48.3
2024-11-26,Mouse,Norte,Online,3.0,24.47,73.41
2025-12-23,Auriculares,Oeste,Distribuidor,1.0,75.11,75.11
2025-11-21,Auriculares,Centro,Distribuidor,3.0,71.34,214.02
2025-08-06,Mouse,Norte,Tienda,2.0,24.82,49.64
2024-11-28,Auriculares,Centro,Online,1.0,86.92,86.92
2024-10-01,Webcam,Este,Tienda,1.0,60.22,60.22
2024-09-27,Mouse,Norte,Distribuidor,5.0,20.04,100.2
2024-04-07,Mouse,Oeste,Distribuidor,5.0,20.44,102.2
2024-05-08,Monitor,Centro,Online,1.0,222.5,222.5
2025-11-08,Monitor,Sur,Online,3.0,215.91,647.73
2024-06-01,Mouse,Oeste,Online,1.0,25.93,25.93
2025-12-28,Webcam,Este,Online,3.0,63.79,191.37
2024-07-16,Auriculares,Este,Online,3.0,86.68,260.04
2025-09-07,Mouse,Sur,Online,5.0,26.48,132.4
2025-05-07,Mouse,Norte,Online,2.0,25.14,50.28
2024-04-29,Auriculares,Oeste,Distribuidor,3.0,70.37,211.11
2025-04-18,Mouse,Sur,Online,5.0,26.64,133.2
2024-02-19,Auriculares,Oeste,Tienda,2.0,87.94,175.88
2025-05-02,Mouse,Norte,Tienda,2.0,24.74,49.48
2024-06-26,Monitor,Este,Online,1.0,213.93,213.93
2024-11-20,Webcam,Centro,Tienda,4.0,63.73,254.92
2024-03-18,Webcam,Oeste,Online,4.0,66.78,267.12
2024-12-25,Auriculares,Centro,Tienda,5.0,87.08,435.4
2025-11-30,Mouse,Oeste,Tienda,1.0,24.83,729.46
2024-12-02,Auriculares,Oeste,Tienda,3.0,90.12,270.36
2025-08-04,Monitor,Centro,Tienda,1.0,221.5,221.5
2025-08-28,Auriculares,Centro,Online,1.0,89.52,89.52
2024-08-24,Monitor,Centro,Online,4.0,214.43,857.72
2024-08-25,Monitor,Oeste,Online,4.0,215.81,863.24
2024-03-12,Mouse,Sur,Online,5.0,25.62,128.1
2024-05-21,Teclado,Sur,Online,4.0,44.79,179.16
2024-03-18,Auriculares,Sur,Online,4.0,95.76,383.04
2024-12-24,Mouse,Este,Online,4.0,23.85,95.4
2024-04-12,Mouse,Norte,Tienda,1.0,24.3,24.3
2025-12-11,Auriculares,Este,Distribuidor,4.0,74.05,296.2
2025-11-27,Monitor,Oeste,Tienda,1.0,208.5,208.5
2025-09-09,Mouse,Oeste,Online,5.0,25.43,127.15
2025-12-18,Mouse,Centro,Tienda,4.0,24.71,98.84
2024-12-03,Teclado,Norte,Online,2.0,45.75,91.5
2024-11-21,Auriculares,Norte,Online,3.0,89.44,268.32
2025-08-30,Mouse,Norte,Online,2.0,23.38,46.76
2025-04-10,Teclado,Oeste,Online,5.0,46.59,232.95
2025-12-30,Auriculares,Sur,Distribuidor,1.0,72.95,72.95
2024-12-11,Auriculares,Sur,Tienda,1.0,86.38,86.38
2025-12-10,Webcam,Este,Online,1.0,66.55,66.55
2024-01-11,Mouse,Centro,Online,3.0,26.78,80.34
2024-12-11,Mouse,Norte,Distribuidor,4.0,20.78,83.12
2025-03-26,Monitor,Oeste,Online,4.0,214.38,857.52
2025-01-28,Mouse,Norte,Online,2.0,24.26,48.52
2024-03-12,Webcam,Oeste,Tienda,4.0,63.33,253.32
2024-09-24,Mouse,Norte,Online,4.0,24.83,99.32
2025-12-01,Mouse,Norte,Online,4.0,25.6,102.4
2025-05-31,Auriculares,Sur,Tienda,3.0,91.89,275.67
2024-08-27,Teclado,Norte,Tienda,2.0,46.72,93.44
2024-04-14,Auriculares,Centro,Online,5.0,90.81,454.05
2025-12-09,Mouse,Norte,Online,2.0,24.67,49.34
2024-10-26,Monitor,Norte,Tienda,5.0,217.1,1085.5
2024-03-22,Auriculares,Norte,Online,1.0,90.22,90.22
2024-03-07,Monitor,Norte,Tienda,3.0,215.42,646.26
2025-03-22,Mouse,Norte,Distribuidor,4.0,19.8,79.2
2024-08-20,Mouse,Centro,Distribuidor,2.0,21.1,42.2
2024-12-27,Auriculares,Oeste,Tienda,5.0,91.53,457.65
2025-09-06,Mouse,Norte,Online,4.0,24.27,97.08
2025-12-22,Monitor,Este,Tienda,1.0,233.49,233.49
2025-10-08,Auriculares,Sur,Online,3.0,92.16,276.48
2024-12-21,Auriculares,Este,Tienda,2.0,88.17,176.34
2025-11-11,Teclado,Norte,Online,3.0,48.41,145.23
2025-12-23,Mouse,Norte,Online,5.0,25.15,125.75
2025-07-04,Mouse,Sur,Tienda,3.0,23.91,71.73
2024-12-31,Auriculares,Norte,Online,4.0,94.18,376.72
2025-10-14,Mouse,Oeste,Distribuidor,1.0,20.67,20.67
2024-06-26,Monitor,Norte,Tienda,5.0,212.84,1064.2
2025-12-22,Auriculares,Centro,Online,4.0,89.02,356.08
2025-12-29,Webcam,Este,Distribuidor,4.0,51.18,204.72
2024-12-28,Teclado,Norte,Online,3.0,45.2,135.6
2024-06-10,Webcam,Centro,Tienda,5.0,65.0,325.0
2025-03-04,Auriculares,Centro,Online,2.0,91.58,183.16
2024-06-03,Auriculares,Centro,Tienda,1.0,90.11,90.11
2024-12-08,Webcam,Este,Distribuidor,5.0,53.61,268.05
2024-10-22,Monitor,Sur,Online,1.0,216.2,216.2
2024-04-01,Mouse,Este,Tienda,1.0,25.12,25.12
2024-05-03,Auriculares,Centro,Online,2.0,91.15,182.3
2024-09-24,Teclado,Este,Online,4.0,47.06,188.24
2025-12-27,Auriculares,Oeste,Online,2.0,86.01,172.02
2025-03-01,Auriculares,Centro,Online,2.0,91.58,183.16
2024-10-14,Mouse,Este,Online,2.0,23.97,47.94
2024-12-20,Mouse,,Tienda,1.0,25.48,25.48
2024-12-24,Mouse,Este,Tienda,4.0,24.45,97.8
2024-12-12,Monitor,Norte,Online,3.0,215.37,646.11
2025-07-26,Mouse,Norte,Online,5.0,25.76,128.8
2025-09-11,Auriculares,Este,Tienda,1.0,90.73,90.73
2025-11-16,Teclado,Oeste,Tienda,3.0,46.83,140.49
2024-12-19,Monitor,Norte,Tienda,3.0,222.09,666.27
2025-12-04,Webcam,Norte,Tienda,5.0,66.09,330.45
2024-12-19,Auriculares,Norte,Online,2.0,84.99,169.98
2025-09-18,Teclado,Centro,Online,4.0,47.85,191.4
2024-02-22,Monitor,Oeste,Distribuidor,5.0,170.9,854.5
2025-06-10,Auriculares,,Tienda,2.0,84.84,169.68
2024-10-30,Mouse,,Distribuidor,5.0,20.29,101.45
2025-12-16,Auriculares,Norte,Online,5.0,88.36,441.8
2024-11-01,Auriculares,Centro,Tienda,4.0,93.77,375.08
2024-12-31,Teclado,Norte,Distribuidor,1.0,37.93,37.93
2024-03-09,Auriculares,Centro,Distribuidor,3.0,76.78,230.34
2025-07-30,Monitor,Centro,Online,2.0,215.57,431.14
2025-04-08,Auriculares,Oeste,Tienda,1.0,87.05,302.4
2024-11-08,Teclado,Oeste,Tienda,3.0,46.21,138.63
2025-11-12,Mouse,Centro,Tienda,4.0,24.97,99.88
2025-07-20,Mouse,Centro,Online,1.0,25.69,25.69
2024-11-12,Auriculares,Norte,Online,2.0,86.35,172.7
2025-05-04,Mouse,Este,Distribuidor,4.0,19.66,78.64
2025-12-21,Teclado,Oeste,Online,4.0,43.86,175.44
2025-11-21,Mouse,Centro,Online,3.0,25.67,77.01
2025-12-25,Auriculares,Centro,Online,3.0,89.51,268.53
2025-12-05,Webcam,Sur,Online,4.0,67.06,268.24
2025-01-19,Mouse,Oeste,Distribuidor,3.0,20.7,62.1
2024-11-01,Mouse,Centro,Online,4.0,24.63,98.52
2024-06-18,Mouse,Oeste,Tienda,5.0,25.24,126.2
2025-12-02,Monitor,Este,Tienda,5.0,219.23,1096.15
2025-06-04,Teclado,Sur,Online,2.0,45.05,90.1
2025-10-11,Teclado,Norte,Online,2.0,44.62,89.24
2024-11-10,Webcam,Norte,Online,3.0,66.35,199.05
2025-09-04,Auriculares,Norte,Distribuidor,5.0,76.04,380.2
2025-11-30,Monitor,Norte,Tienda,5.0,224.83,1124.15
2025-02-23,Mouse,Sur,Online,5.0,23.25,116.25
2024-04-03,Mouse,Centro,Online,4.0,25.21,100.84
2025-03-16,Mouse,Centro,Online,1.0,23.73,23.73
2024-05-02,Teclado,Norte,Online,4.0,47.32,189.28
2024-12-02,Auriculares,Centro,Online,2.0,91.46,182.92
2025-05-05,Teclado,Sur,Online,3.0,43.32,129.96
2025-01-10,Auriculares,Este,Distribuidor,4.0,69.81,279.24
2025-12-28,Webcam,,Online,2.0,62.19,124.38
2025-05-14,Teclado,Centro,Online,2.0,45.13,90.26
2024-11-03,Monitor,Sur,Tienda,5.0,208.63,1043.15
2024-10-22,Teclado,Norte,Online,1.0,44.23,44.23
2025-07-08,Webcam,Norte,Distribuidor,4.0,55.92,223.68
2024-05-12,Webcam,Oeste,Online,3.0,65.59,196.77
2024-11-25,Mouse,Norte,Distribuidor,4.0,20.8,83.2
2024-03-04,Mouse,Centro,Tienda,3.0,25.07,75.21
2025-01-23,Mouse,Centro,Tienda,1.0,25.87,25.87
2025-12-20,Mouse,,Online,1.0,25.11,25.11
2025-05-06,Teclado,Sur,Tienda,3.0,45.71,137.13
2024-12-24,Monitor,Sur,Online,1.0,208.93,208.93
2024-10-28,Mouse,Oeste,Tienda,5.0,23.61,118.05
2024-03-15,Mouse,Sur,Distribuidor,4.0,19.11,76.44
2024-02-05,Monitor,Norte,Online,3.0,216.53,649.59
,Monitor,Centro,Online,2.0,222.68,445.36
2024-07-14,Teclado,Este,Online,5.0,46.07,230.35
2024-06-30,Teclado,Norte,Distribuidor,5.0,36.48,182.4
2025-05-19,Auriculares,Oeste,Distribuidor,3.0,73.59,220.77
2024-05-04,Auriculares,Norte,Tienda,1.0,85.12,85.12
2024-04-10,Webcam,Centro,Tienda,5.0,65.84,329.2
2024-11-29,Auriculares,Oeste,Online,5.0,84.1,420.5
2025-07-26,Teclado,Este,Online,2.0,46.23,92.46
2025-07-08,Monitor,Centro,Online,3.0,219.64,658.92
2024-06-12,Mouse,Centro,Tienda,5.0,25.42,127.1
2025-03-23,Monitor,Norte,Distribuidor,2.0,184.51,369.02
2025-07-19,Teclado,Norte,Online,2.0,44.43,88.86
2025-09-16,Auriculares,Centro,Tienda,1.0,91.22,91.22
2025-12-24,Mouse,Norte,Online,1.0,25.63,25.63
2024-10-31,Auriculares,Norte,Distribuidor,5.0,72.42,362.1
2025-03-14,Auriculares,Sur,Online,2.0,91.35,182.7
2025-07-05,Mouse,Norte,Online,1.0,25.77,25.77
2025-08-19,Mouse,Este,Distribuidor,4.0,20.94,83.76
2025-06-14,Mouse,Norte,Online,1.0,25.97,25.97
2025-10-14,Teclado,Sur,Online,3.0,45.57,136.71
2024-11-18,Auriculares,Sur,Tienda,1.0,88.13,88.13
2024-08-19,Teclado,Oeste,Online,1.0,46.12,46.12
2024-03-09,Mouse,Norte,Online,4.0,24.52,98.08
2025-04-09,Monitor,Norte,Distribuidor,2.0,181.5,363.0
2024-07-04,Mouse,Sur,Online,2.0,24.25,48.5
2025-11-14,Mouse,Norte,Tienda,5.0,24.71,123.55
2025-10-28,Mouse,Este,Online,5.0,24.84,124.2
2025-02-03,Webcam,Centro,Tienda,4.0,66.62,266.48
2024-02-26,Teclado,Oeste,Distribuidor,5.0,38.62,193.1
2025-12-15,Monitor,Sur,Tienda,4.0,218.9,875.6
2025-12-07,Teclado,Sur,Tienda,3.0,44.93,134.79
,Mouse,Oeste,Tienda,4.0,25.58,102.32
2025-12-03,Mouse,,Distribuidor,4.0,20.36,640.61
2024-04-05,Mouse,Oeste,Online,5.0,25.21,126.05
2024-11-20,Monitor,Norte,Online,4.0,220.65,882.6
2024-12-22,Auriculares,Centro,Distribuidor,5.0,70.68,353.4
2024-12-19,Auriculares,,Tienda,1.0,92.8,92.8
2025-03-27,Teclado,Norte,Online,2.0,43.47,86.94
2024-09-27,Webcam,Norte,Tienda,3.0,64.29,192.87
2025-10-30,Teclado,Este,Online,5.0,43.61,218.05
2025-10-18,Mouse,Norte,Tienda,2.0,25.75,363.21
2024-01-07,Mouse,Oeste,Online,5.0,25.15,125.75
2025-12-26,Mouse,Centro,Distribuidor,5.0,20.81,104.05
2024-11-02,Webcam,Este,Distribuidor,3.0,52.8,158.4
2025-11-01,Teclado,Este,Online,1.0,45.33,45.33
2025-05-20,Webcam,Oeste,Online,2.0,62.49,124.98
2025-12-23,Auriculares,Este,Online,2.0,89.33,178.66
2024-01-09,Mouse,Norte,Online,4.0,27.15,108.6
2025-01-06,Auriculares,Oeste,Online,4.0,91.93,367.72
2025-07-02,Teclado,Este,Distribuidor,5.0,39.05,195.25
2024-07-15,Teclado,Norte,Online,5.0,45.59,227.95
2024-04-13,Webcam,Este,Online,3.0,67.0,201.0
2025-04-07,Auriculares,Este,Tienda,2.0,86.28,172.56
2024-01-03,Monitor,Este,Online,5.0,229.68,1148.4
2024-12-12,Mouse,Oeste,Tienda,2.0,27.14,54.28
2024-06-22,Monitor,Sur,Tienda,3.0,222.45,667.35
2025-12-27,Auriculares,Norte,Tienda,3.0,86.11,258.33
2024-04-30,Teclado,Oeste,Online,4.0,48.31,193.24
2025-02-01,Mouse,Norte,Online,5.0,24.9,124.5
2024-05-15,Auriculares,Sur,Online,1.0,91.53,91.53
2025-12-22,Teclado,Norte,Tienda,5.0,44.06,220.3
2024-04-06,Teclado,Norte,Online,3.0,43.97,131.91
2025-06-17,Teclado,Centro,Online,3.0,45.49,136.47
2025-06-25,Teclado,Este,Online,1.0,43.44,43.44
2024-11-17,Auriculares,Norte,Distribuidor,4.0,73.79,295.16
2025-04-04,Webcam,Oeste,Tienda,5.0,64.11,320.55
2025-07-01,Mouse,Este,Distribuidor,4.0,21.32,85.28
2024-04-24,Mouse,Norte,Online,4.0,25.28,101.12
2025-05-22,Auriculares,Centro,Distribuidor,1.0,74.86,74.86
2025-11-25,Mouse,Centro,Distribuidor,5.0,20.12,100.6
2025-11-27,Teclado,Norte,Online,1.0,44.9,44.9
2025-11-29,Monitor,Centro,Distribuidor,1.0,176.86,176.86
2025-12-22,Teclado,,Tienda,3.0,45.2,135.6
,Auriculares,Oeste,Distribuidor,4.0,70.98,283.92
2024-09-10,Teclado,Centro,Distribuidor,4.0,40.07,773.27
2024-06-11,Auriculares,Oeste,Tienda,2.0,89.49,178.98
2024-06-21,Mouse,Sur,Distribuidor,3.0,19.83,59.49
2025-01-27,Auriculares,Sur,Online,3.0,88.08,264.24
2024-12-04,Auriculares,Norte,Online,4.0,91.66,366.64
2024-11-21,Monitor,Sur,Tienda,2.0,218.86,437.72
2025-03-06,Monitor,Oeste,Online,5.0,227.47,1137.35
2025-11-23,Mouse,Sur,Distribuidor,5.0,19.81,99.05
2025-10-19,Mouse,Sur,Online,4.0,24.91,99.64
2025-11-22,Auriculares,Sur,Distribuidor,4.0,72.94,291.76
2025-01-28,Webcam,Sur,Distribuidor,4.0,50.87,203.48
2024-12-16,Auriculares,Oeste,Tienda,5.0,84.37,421.85
2024-08-06,Auriculares,Sur,Online,4.0,85.01,340.04
2025-12-25,Monitor,Sur,Online,3.0,221.93,665.79
2024-06-25,Auriculares,Sur,Tienda,3.0,92.2,276.6
2024-07-19,Mouse,Oeste,Online,1.0,23.99,23.99
2024-10-30,Webcam,Norte,Online,5.0,61.25,306.25
2024-08-22,Auriculares,Norte,Online,5.0,95.68,478.4
2024-10-17,Webcam,Norte,Distribuidor,5.0,53.37,266.85
2025-11-23,Auriculares,Oeste,Tienda,2.0,87.21,174.42
2025-11-16,Mouse,Centro,Tienda,5.0,24.13,120.65
2025-11-01,Monitor,Oeste,Tienda,5.0,216.27,1081.35
2025-06-29,Mouse,Centro,Online,3.0,25.48,76.44
2024-02-19,Auriculares,,Online,4.0,89.92,359.68
2024-11-24,Mouse,Oeste,Online,3.0,24.88,74.64
2024-05-31,Monitor,Norte,Tienda,5.0,212.62,1063.1
2025-06-21,Mouse,Oeste,Online,4.0,24.65,711.74
2025-11-04,Monitor,Centro,Online,2.0,217.74,435.48
2024-10-31,Mouse,Oeste,Online,4.0,25.21,100.84
2024-05-22,Teclado,Norte,Online,5.0,45.53,227.65
2025-07-29,Mouse,Este,Distribuidor,4.0,20.41,81.64
2024-07-23,Webcam,Norte,Online,3.0,69.33,207.99
2024-11-14,Auriculares,,Distribuidor,5.0,77.53,387.65
2025-10-04,Auriculares,Este,Distribuidor,3.0,71.52,214.56
2025-12-28,Auriculares,Norte,Online,4.0,91.59,366.36
2025-11-10,Auriculares,Centro,Online,4.0,92.69,370.76
2024-11-25,Webcam,Norte,Online,5.0,67.57,828.61
2024-11-19,Mouse,Norte,Distribuidor,2.0,19.98,39.96
2025-06-20,Monitor,Este,Distribuidor,2.0,180.87,361.74
2025-12-25,Auriculares,Sur,Online,1.0,87.06,87.06
2025-06-29,Teclado,Este,Tienda,4.0,46.89,187.56
2024-11-26,Auriculares,Sur,Online,1.0,90.63,90.63
2025-11-16,Auriculares,Norte,Distribuidor,2.0,76.87,153.74
2024-07-18,Mouse,Norte,Tienda,1.0,25.35,25.35
2024-05-28,Webcam,Sur,Online,3.0,62.15,186.45
2025-04-24,Teclado,Norte,Online,5.0,44.79,223.95
2025-05-17,Monitor,Centro,Distribuidor,2.0,181.82,363.64
2025-06-06,Monitor,Sur,Distribuidor,5.0,178.5,892.5
2025-04-25,Teclado,Norte,Tienda,3.0,45.75,137.25
2025-09-21,Mouse,Este,Tienda,5.0,24.88,124.4
2024-11-07,Monitor,Norte,Online,2.0,228.58,457.16
2025-10-08,Monitor,Oeste,Tienda,4.0,222.39,889.56
2025-12-19,Teclado,Este,Online,5.0,45.38,226.9
2024-04-20,Teclado,Oeste,Tienda,3.0,44.85,134.55
2024-12-23,Auriculares,Sur,Distribuidor,3.0,73.59,220.77
2024-02-21,Auriculares,Este,Distribuidor,1.0,74.13,74.13
2025-05-30,Teclado,Centro,Tienda,5.0,46.69,233.45
2025-12-04,Teclado,Sur,Online,5.0,45.32,226.6
2024-01-14,Auriculares,Este,Distribuidor,3.0,73.62,220.86
2025-11-26,Teclado,Centro,Tienda,4.0,43.82,175.28
2025-12-04,Mouse,Sur,Tienda,3.0,24.2,72.6
2024-04-15,Monitor,Este,Tienda,4.0,223.32,893.28
2024-08-24,Mouse,Oeste,Online,2.0,25.5,51.0
2024-02-24,Mouse,Oeste,Distribuidor,3.0,19.95,59.85
2024-08-07,Auriculares,Oeste,Online,3.0,88.88,266.64
2024-10-13,Webcam,Centro,Online,5.0,64.33,321.65
2024-12-01,Auriculares,Norte,Tienda,1.0,90.28,90.28
2024-05-25,Mouse,Oeste,Online,3.0,22.85,68.55
2024-02-19,Teclado,Norte,Online,3.0,44.55,133.65
2024-10-16,Webcam,Centro,Online,4.0,62.17,248.68
2025-03-15,Monitor,Oeste,Distribuidor,3.0,179.69,539.07
2025-10-26,Teclado,,Online,5.0,46.12,230.6
2024-04-26,Teclado,Oeste,Online,4.0,44.54,178.16
2025-01-22,Auriculares,Oeste,Online,4.0,88.88,355.52
2025-12-05,Auriculares,Sur,Distribuidor,1.0,75.96,75.96
2025-06-16,Mouse,Norte,Online,3.0,26.11,78.33
2025-07-08,Auriculares,Centro,Online,3.0,91.8,275.4
2025-05-10,Auriculares,Este,Tienda,2.0,86.38,172.76
2025-06-23,Auriculares,Centro,Online,2.0,90.6,181.2
2025-09-09,Teclado,Sur,Distribuidor,2.0,36.34,72.68
2024-12-11,Auriculares,Este,Distribuidor,4.0,72.45,289.8
2024-08-27,Mouse,Este,Online,4.0,24.45,97.8
,Auriculares,Sur,Tienda,5.0,92.98,464.9
2025-09-24,Monitor,Norte,Online,4.0,213.49,853.96
2025-07-21,Mouse,Este,Tienda,4.0,24.72,98.88
2025-11-11,Mouse,Centro,Tienda,2.0,25.0,50.0
2025-11-17,Mouse,Centro,Tienda,4.0,25.58,102.32
2025-03-23,Teclado,Centro,Tienda,5.0,43.76,218.8
2025-03-10,Teclado,Este,Tienda,3.0,44.87,134.61
2025-04-15,Webcam,Centro,Distribuidor,4.0,53.26,213.04
2024-11-05,Mouse,Norte,Online,2.0,24.63,49.26
2025-04-26,Auriculares,Centro,Distribuidor,3.0,76.65,229.95
2024-07-10,Teclado,Oeste,Tienda,4.0,43.34,173.36
2025-12-12,Auriculares,Este,Distribuidor,4.0,76.18,304.72
2025-10-10,Auriculares,Sur,Tienda,5.0,95.62,478.1
2024-10-13,Auriculares,Norte,Online,2.0,86.09,81.41
2024-10-07,Auriculares,Norte,Online,1.0,92.35,92.35
2025-11-19,Teclado,Norte,Tienda,1.0,46.0,46.0
2024-07-21,Auriculares,Sur,Online,2.0,88.0,176.0
2025-05-26,Webcam,Oeste,Distribuidor,5.0,53.95,269.75
2024-12-30,Monitor,Este,Online,1.0,225.82,225.82
2025-08-07,Auriculares,Norte,Tienda,2.0,86.66,173.32
2024-12-13,Mouse,Centro,Distribuidor,1.0,20.86,20.86
2025-01-06,Auriculares,Este,Online,3.0,92.31,276.93
2024-12-22,Teclado,Oeste,Online,5.0,46.13,230.65
2025-12-10,Teclado,Este,Online,2.0,44.3,88.6
2025-12-15,Teclado,Centro,Tienda,1.0,45.73,45.73
2024-10-23,Webcam,Sur,Online,4.0,64.35,257.4
2025-12-19,Auriculares,Norte,Distribuidor,4.0,73.85,295.4
2024-08-15,Monitor,Norte,Online,5.0,233.15,1165.75
2024-03-01,Auriculares,Oeste,Online,5.0,96.13,480.65
2024-01-15,Teclado,Centro,Online,2.0,45.88,91.76
2024-10-01,Mouse,Centro,Online,5.0,23.78,118.9
2024-02-03,Auriculares,Norte,Online,4.0,92.59,370.36
2024-12-18,Teclado,Norte,Online,3.0,44.04,132.12
2024-01-27,Auriculares,Centro,Online,1.0,86.99,86.99
2025-03-07,Mouse,Norte,Online,5.0,25.55,127.75
2024-11-03,Auriculares,Oeste,Tienda,3.0,92.78,278.34
2025-05-30,Mouse,Centro,Online,3.0,23.84,71.52
2024-11-21,Auriculares,Este,Online,2.0,94.71,189.42
2024-06-11,Teclado,Norte,Online,1.0,44.56,44.56
2025-01-14,Webcam,Centro,Distribuidor,1.0,51.9,51.9
2024-11-22,Teclado,Norte,Distribuidor,4.0,36.96,147.84
2025-12-03,Teclado,Este,Tienda,2.0,45.76,91.52
2025-09-11,Mouse,Norte,Online,3.0,24.5,73.5
2025-11-29,Auriculares,Sur,Tienda,2.0,90.61,181.22
2024-12-12,Mouse,Este,Online,3.0,25.52,76.56
2024-12-05,Monitor,Norte,Online,5.0,213.79,1068.95
2025-11-12,Auriculares,Este,Online,2.0,92.49,184.98
2024-08-23,Auriculares,Sur,Tienda,2.0,83.4,166.8
2024-11-11,Auriculares,Centro,Online,4.0,86.87,347.48
2025-03-17,Webcam,Oeste,Online,1.0,61.05,61.05
2024-01-30,Auriculares,Oeste,Distribuidor,5.0,73.2,366.0
2025-12-03,Auriculares,Norte,Tienda,2.0,89.25,178.5
2025-08-11,Auriculares,Centro,Online,4.0,90.09,360.36
2024-12-11,Webcam,Sur,Online,1.0,64.3,64.3
2025-08-21,Teclado,Oeste,Tienda,4.0,43.78,175.12
2025-02-13,Mouse,Este,Online,4.0,24.67,98.68
2024-08-10,Mouse,,Tienda,2.0,25.39,50.78
2025-09-05,Auriculares,Centro,Distribuidor,1.0,73.58,73.58
2024-11-28,Monitor,Norte,Online,1.0,230.91,230.91
2024-03-12,Teclado,Sur,Online,5.0,46.52,232.6
2024-12-05,Teclado,Este,Online,5.0,46.31,231.55
2025-12-07,Teclado,Centro,Tienda,2.0,45.26,90.52
2024-05-13,Teclado,Norte,Tienda,5.0,45.25,226.25
2025-08-18,Teclado,Norte,Distribuidor,4.0,37.79,151.16
2025-11-27,Auriculares,Este,Online,3.0,90.89,272.67
2024-12-30,Auriculares,Sur,Online,5.0,88.71,443.55
2025-08-23,Teclado,Este,Distribuidor,1.0,38.21,38.21
2025-11-06,Webcam,Sur,Online,4.0,64.27,257.08
2024-12-01,Auriculares,Sur,Tienda,4.0,85.74,342.96
2025-03-02,Monitor,Norte,Online,5.0,214.66,1073.3
2025-10-08,Webcam,Este,Online,3.0,62.81,188.43
2024-01-31,Teclado,Este,Tienda,5.0,43.62,218.1
2024-04-22,Teclado,Oeste,Tienda,1.0,47.9,47.9
2025-11-26,Auriculares,Sur,Online,2.0,88.93,177.86
2025-12-28,Monitor,Centro,Distribuidor,1.0,181.12,181.12
2025-11-07,Teclado,Norte,Tienda,2.0,47.14,94.28
2024-08-20,Mouse,Centro,Online,2.0,24.98,49.96
2024-07-02,Mouse,Norte,Tienda,5.0,24.66,123.3
2024-04-06,Auriculares,Centro,Distribuidor,2.0,72.77,145.54
2024-01-09,Auriculares,Oeste,Tienda,2.0,95.12,190.24
2024-11-28,Auriculares,Sur,Tienda,3.0,89.06,267.18
2025-10-15,Teclado,Sur,Tienda,4.0,44.66,178.64
2025-10-13,Monitor,Oeste,Online,4.0,221.83,887.32
2024-04-01,Mouse,Este,Tienda,3.0,25.32,634.62
2024-01-01,Monitor,Norte,Online,3.0,228.07,684.21
2025-12-05,Auriculares,Norte,Online,4.0,92.62,370.48
2024-12-25,Mouse,Centro,Online,1.0,26.11,26.11
2024-11-22,Auriculares,Este,Distribuidor,3.0,72.3,216.9
2024-04-17,Monitor,Centro,Online,5.0,225.05,1125.25
2024-09-10,Monitor,Este,Distribuidor,4.0,192.27,769.08
2025-01-16,Teclado,Centro,Online,3.0,45.69,137.07
2024-10-27,Teclado,Sur,Online,2.0,45.72,91.44
2024-06-02,Auriculares,Norte,Online,1.0,88.03,88.03
2025-08-18,Mouse,Oeste,Online,1.0,24.32,24.32
2024-06-29,Auriculares,Norte,Tienda,4.0,87.38,349.52
2025-11-05,Teclado,Este,Tienda,1.0,47.03,47.03
2025-01-14,Monitor,Centro,Distribuidor,1.0,185.03,185.03
2024-08-11,Mouse,Norte,Online,1.0,24.46,24.46
2024-11-16,Auriculares,Este,Online,4.0,90.07,360.28
2025-04-12,Mouse,Este,Distribuidor,3.0,20.56,61.68
,Mouse,Norte,Tienda,3.0,25.45,76.35
2024-05-23,Webcam,Centro,Distribuidor,2.0,52.9,105.8
2024-11-07,Auriculares,Norte,Online,5.0,88.08,440.4
2024-12-27,Mouse,Centro,Tienda,3.0,24.27,72.81
2025-10-21,Mouse,Norte,Tienda,2.0,25.71,51.42
2024-11-01,Mouse,Sur,Tienda,4.0,24.87,99.48
2024-12-08,Mouse,Sur,Online,1.0,24.42,24.42
2024-03-19,Mouse,Norte,Online,3.0,23.71,71.13
2024-02-26,Mouse,Centro,Online,4.0,24.47,97.88
2025-11-10,Mouse,Norte,Tienda,3.0,25.86,77.58
2025-11-01,Teclado,Oeste,Tienda,3.0,46.47,139.41
2025-05-13,Teclado,Este,Online,1.0,43.26,43.26
2025-07-01,Teclado,Este,Online,3.0,43.04,129.12
2025-05-30,Auriculares,Centro,Online,1.0,91.06,91.06
2025-05-31,Auriculares,Sur,Online,2.0,91.31,182.62
2024-06-12,Teclado,Sur,Online,2.0,44.7,89.4
2025-01-09,Teclado,Centro,Distribuidor,1.0,37.58,37.58
2024-06-12,Mouse,Sur,Tienda,3.0,26.23,78.69
2025-12-22,Webcam,Norte,Online,1.0,64.33,64.33
2024-10-25,Auriculares,Oeste,Tienda,5.0,85.83,429.15
2025-06-23,Teclado,Norte,Online,1.0,43.12,43.12
2024-11-12,Monitor,Oeste,Tienda,1.0,215.15,215.15
2025-06-12,Teclado,Este,Tienda,1.0,44.15,44.15
2025-12-14,Teclado,Sur,Distribuidor,5.0,36.86,184.3
,Teclado,,Distribuidor,5.0,37.78,188.9
2025-06-29,Mouse,Centro,Tienda,1.0,25.0,25.0
2025-09-21,Auriculares,Centro,Online,4.0,93.03,372.12
2025-01-21,Auriculares,Oeste,Tienda,4.0,92.6,370.4
2025-06-20,Auriculares,Oeste,Distribuidor,3.0,74.19,222.57
2024-03-15,Monitor,Oeste,Distribuidor,3.0,177.37,532.11
2024-11-25,Mouse,Centro,Online,5.0,24.82,124.1
2024-12-07,Teclado,Norte,Tienda,2.0,46.88,93.76
,Monitor,Norte,Online,3.0,221.25,663.75
2024-11-22,Mouse,Norte,Tienda,3.0,23.42,70.26
2025-06-27,Monitor,Norte,Online,5.0,212.96,1064.8
2024-03-25,Auriculares,Norte,Distribuidor,1.0,73.11,73.11
2025-09-09,Teclado,Centro,Online,5.0,44.8,224.0
2024-01-21,Auriculares,Oeste,Online,1.0,89.48,89.48
2024-11-03,Auriculares,Centro,Tienda,2.0,89.33,178.66
2025-10-22,Auriculares,Norte,Online,5.0,93.15,336.9
2024-03-02,Mouse,Norte,Online,4.0,22.94,91.76
2024-10-29,Mouse,Este,Online,4.0,24.34,97.36
2024-03-27,Mouse,Norte,Tienda,5.0,24.89,124.45
2024-04-11,Webcam,Norte,Online,1.0,64.09,64.09
2025-01-27,Mouse,Centro,Distribuidor,3.0,19.89,59.67
2024-02-06,Teclado,Norte,Tienda,2.0,44.99,89.98
2024-11-15,Webcam,Oeste,Online,3.0,65.05,195.15
2024-06-28,Mouse,,Distribuidor,2.0,20.78,41.56
2025-11-08,Mouse,Centro,Distribuidor,4.0,20.24,80.96
2025-04-04,Auriculares,Sur,Tienda,2.0,90.42,180.84
2025-02-24,Webcam,Oeste,Online,4.0,62.67,250.68
2025-03-19,Auriculares,Centro,Tienda,5.0,92.41,462.05
2024-12-04,Teclado,Oeste,Tienda,1.0,45.71,45.71
2024-12-15,Mouse,Oeste,Distribuidor,1.0,20.58,20.58
2025-10-14,Teclado,Centro,Tienda,1.0,44.55,248.09
2025-03-10,Auriculares,Norte,Online,2.0,90.01,180.02
2024-10-08,Webcam,Este,Tienda,3.0,61.28,183.84
2024-04-11,Auriculares,Norte,Tienda,4.0,93.42,373.68
2024-10-09,Auriculares,Oeste,Tienda,1.0,87.56,87.56
2025-12-30,Mouse,Oeste,Online,1.0,25.25,25.25
2024-11-03,Mouse,Norte,Online,1.0,25.26,25.26
2024-03-24,Auriculares,Este,Online,2.0,93.97,187.94
2025-09-13,Teclado,Norte,Distribuidor,2.0,37.04,74.08
2024-04-14,Mouse,Norte,Distribuidor,4.0,20.82,83.28
2025-12-23,Monitor,Este,Online,5.0,225.11,1125.55
2025-11-02,Monitor,Norte,Online,5.0,212.07,1060.35
2025-03-14,Monitor,Sur,Tienda,5.0,210.21,1051.05
2025-12-28,Teclado,Oeste,Online,1.0,46.79,46.79
2025-04-24,Monitor,Norte,Tienda,4.0,229.44,917.76
2024-10-02,Teclado,Norte,Online,3.0,46.16,138.48
2024-12-04,Auriculares,Oeste,Distribuidor,3.0,74.67,224.01
2024-12-29,Mouse,Este,Online,4.0,24.16,96.64
2024-04-12,Webcam,Sur,Online,3.0,64.73,194.19
2024-03-07,Monitor,Este,Tienda,3.0,217.68,653.04
2024-08-26,Teclado,Este,Distribuidor,3.0,37.42,112.26
2025-08-31,Auriculares,Este,Distribuidor,2.0,75.08,150.16
2024-04-17,Webcam,Centro,Tienda,5.0,62.41,312.05
2025-10-13,Auriculares,Este,Online,4.0,90.5,362.0
2024-12-24,Auriculares,Norte,Online,2.0,90.1,180.2
2025-09-24,Mouse,Norte,Online,5.0,22.88,114.4
2025-09-04,Auriculares,Este,Tienda,2.0,92.31,184.62
2024-07-16,Auriculares,Centro,Tienda,3.0,88.04,264.12
2024-02-28,Auriculares,Centro,Tienda,2.0,87.58,175.16
2024-06-14,Webcam,Centro,Online,2.0,63.44,126.88
2025-08-14,Auriculares,,Distribuidor,2.0,70.26,140.52
2024-05-01,Auriculares,Norte,Distribuidor,3.0,73.15,219.45
2024-06-18,Mouse,Oeste,Tienda,3.0,25.93,77.79
2025-04-15,Auriculares,Norte,Distribuidor,2.0,72.95,145.9
2025-06-23,Auriculares,Oeste,Tienda,4.0,93.38,373.52
2025-11-08,Monitor,Oeste,Tienda,1.0,218.95,218.95
,Auriculares,Norte,Online,4.0,95.18,380.72
2024-09-09,Teclado,Este,Distribuidor,1.0,37.95,37.95
2024-12-24,Monitor,Norte,Distribuidor,3.0,184.15,552.45
2024-11-11,Webcam,Norte,Distribuidor,5.0,49.13,245.65
2024-12-23,Webcam,Centro,Online,3.0,65.08,195.24
2025-08-16,Mouse,Norte,Online,2.0,24.25,48.5
2025-02-05,Auriculares,Oeste,Online,5.0,88.65,443.25
2024-01-24,Mouse,Oeste,Tienda,4.0,25.5,102.0
2024-07-04,Teclado,Centro,Online,5.0,43.28,216.4
2025-04-11,Auriculares,Sur,Distribuidor,1.0,77.65,77.65
2024-04-03,Monitor,Sur,Tienda,5.0,211.51,1057.55
2024-07-13,Teclado,Sur,Distribuidor,5.0,37.2,186.0
2024-07-05,Mouse,Oeste,Online,5.0,24.87,124.35
2025-02-12,Auriculares,Este,Distribuidor,5.0,72.38,361.9
2024-10-29,Mouse,Oeste,Online,3.0,25.43,76.29
,Teclado,Norte,Online,2.0,47.07,94.14
2025-02-11,Teclado,Sur,Online,2.0,44.36,88.72
2024-06-30,Mouse,Oeste,Distribuidor,3.0,20.38,61.14
2024-09-06,Teclado,Oeste,Distribuidor,4.0,39.35,157.4
2025-07-01,Teclado,Sur,Distribuidor,2.0,38.51,77.02
2025-10-12,Monitor,Sur,Tienda,1.0,226.38,226.38
2024-09-01,Auriculares,Centro,Online,4.0,90.16,360.64
2024-10-15,Teclado,Centro,Distribuidor,3.0,35.06,105.18
2025-10-26,Webcam,Norte,Tienda,3.0,62.39,187.17
2025-11-06,Teclado,Oeste,Tienda,3.0,46.47,139.41
2025-09-06,Teclado,Centro,Online,5.0,47.51,237.55
2024-06-21,Teclado,Este,Tienda,1.0,45.23,45.23
2024-09-22,Mouse,Sur,Online,5.0,25.44,127.2
2024-09-28,Mouse,Sur,Tienda,1.0,24.82,24.82
2025-11-23,Webcam,Norte,Distribuidor,4.0,51.04,204.16
2024-11-04,Auriculares,Este,Tienda,1.0,89.11,89.11
2025-09-03,Mouse,Centro,Online,5.0,23.76,118.8
2024-05-18,Mouse,Este,Online,5.0,25.07,125.35
2024-06-29,Webcam,Sur,Tienda,2.0,62.77,125.54
2024-12-26,Webcam,Oeste,Tienda,2.0,65.25,130.5
2025-07-31,Monitor,Centro,Online,3.0,219.66,658.98
2025-12-19,Teclado,Oeste,Online,1.0,46.49,46.49
2025-07-16,Mouse,Oeste,Online,3.0,24.29,72.87
2025-11-10,Mouse,Oeste,Online,3.0,24.56,73.68
2025-06-11,Monitor,Norte,Distribuidor,3.0,182.59,547.77
2025-12-26,Monitor,Norte,Tienda,3.0,210.6,631.8
2025-07-02,Teclado,Norte,Tienda,5.0,44.52,222.6
2025-04-26,Teclado,Norte,Online,1.0,47.5,47.5
2024-07-17,Auriculares,Sur,Online,1.0,89.76,89.76
2025-01-16,Teclado,Norte,Distribuidor,3.0,37.35,112.05
2024-01-06,Monitor,Centro,Tienda,1.0,231.21,231.21
2025-07-13,Monitor,Sur,Online,1.0,224.22,224.22
2024-07-27,Teclado,Oeste,Online,4.0,45.2,180.8
2025-09-05,Mouse,Norte,Online,2.0,25.12,50.24
2024-11-30,Teclado,Centro,Online,3.0,46.02,138.06
2025-11-19,Mouse,Sur,Online,5.0,25.06,125.3
2024-07-23,Auriculares,Norte,Distribuidor,1.0,73.18,73.18
2025-05-13,Monitor,Oeste,Distribuidor,1.0,177.82,177.82
2024-11-24,Monitor,Centro,Online,2.0,215.12,430.24
2024-03-05,Auriculares,Centro,Online,3.0,92.19,276.57
2024-04-08,Monitor,Norte,Tienda,1.0,218.94,218.94
2024-08-13,Monitor,Centro,Tienda,4.0,215.61,862.44
2025-08-10,Auriculares,Sur,Online,1.0,89.28,89.28
2025-12-31,Teclado,Norte,Online,2.0,45.58,91.16
2025-10-23,Mouse,Este,Online,3.0,24.68,74.04
2025-11-28,Mouse,Norte,Online,5.0,24.43,122.15
2025-08-17,Mouse,Sur,Tienda,1.0,26.42,26.42
2024-12-17,Auriculares,Este,Online,2.0,87.98,175.96
2025-06-17,Mouse,Norte,Online,1.0,24.54,24.54
2024-09-08,Auriculares,Norte,Distribuidor,2.0,77.64,155.28
2024-09-28,Monitor,Sur,Online,4.0,214.02,856.08
2024-01-21,Monitor,Norte,Distribuidor,1.0,183.64,183.64
2024-11-01,Monitor,Este,Online,1.0,220.21,220.21
2025-09-27,Mouse,Centro,Tienda,3.0,25.22,75.66
2025-11-22,Mouse,Norte,Tienda,3.0,24.66,73.98
2025-04-26,Monitor,Este,Distribuidor,3.0,175.98,527.94
2024-10-15,Teclado,Sur,Tienda,5.0,46.06,230.3
,Auriculares,Sur,Distribuidor,3.0,73.77,221.31
2025-06-29,Auriculares,Este,Online,4.0,90.88,363.52
2025-08-06,Mouse,Sur,Tienda,4.0,25.68,102.72
2024-11-13,Teclado,Norte,Distribuidor,4.0,34.5,138.0
2025-12-26,Auriculares,Oeste,Online,3.0,94.56,283.68
2024-11-08,Webcam,Oeste,Online,5.0,63.78,318.9
2024-11-09,Teclado,Este,Online,4.0,44.12,176.48
2025-09-21,Teclado,Este,Tienda,2.0,47.34,94.68
2024-12-15,Mouse,Norte,Tienda,4.0,24.12,96.48
2025-04-12,Auriculares,Norte,Online,5.0,94.51,472.55
2024-11-19,Webcam,Este,Online,5.0,64.61,323.05
2025-10-23,Auriculares,Oeste,Online,3.0,92.59,277.77
2024-12-22,Teclado,Este,Tienda,3.0,46.08,138.24
2025-01-12,Mouse,Centro,Online,3.0,25.53,76.59
2025-11-04,Teclado,Centro,Online,4.0,42.9,171.6
2025-11-02,Mouse,Norte,Online,3.0,24.59,73.77
2024-11-22,Auriculares,Este,Distribuidor,3.0,72.3,216.9
2024-09-07,Monitor,Oeste,Tienda,5.0,237.98,1189.9
2024-11-04,Monitor,Norte,Tienda,3.0,213.56,640.68
2024-02-20,Mouse,Oeste,Distribuidor,2.0,20.44,40.88
2024-12-30,Mouse,Sur,Tienda,5.0,25.21,126.05
2025-11-20,Auriculares,Norte,Tienda,3.0,93.61,280.83
2024-05-11,Mouse,Oeste,Online,5.0,25.69,128.45
2024-12-07,Mouse,Norte,Online,4.0,24.38,97.52
2025-10-08,Mouse,Oeste,Distribuidor,1.0,20.32,20.32
2025-11-12,Mouse,Este,Online,4.0,24.91,99.64
2025-05-15,Monitor,Sur,Online,3.0,216.8,650.4
2024-04-26,Auriculares,Centro,Online,5.0,88.21,441.05
2024-12-22,Monitor,Este,Online,2.0,214.87,429.74
2024-09-15,Auriculares,Este,Tienda,4.0,91.03,364.12
,Auriculares,Oeste,Tienda,5.0,89.24,446.2
2025-08-28,Mouse,Este,Distribuidor,1.0,20.52,20.52
2024-03-02,Monitor,Norte,Online,2.0,213.92,427.84
2025-12-21,Teclado,Este,Online,3.0,47.51,142.53
2024-11-09,Mouse,Oeste,Online,2.0,24.94,49.88
2024-09-01,Mouse,Sur,Online,2.0,24.54,49.08
2025-01-13,Auriculares,Norte,Online,5.0,92.8,464.0
2025-09-25,Auriculares,Este,Tienda,3.0,90.78,272.34
2025-11-28,Monitor,Norte,Online,4.0,219.12,876.48
2025-11-25,Auriculares,Centro,Online,4.0,91.67,366.68
2025-08-05,Teclado,Sur,Online,3.0,49.35,148.05
2025-08-19,Mouse,Norte,Distribuidor,2.0,20.15,40.3
2025-09-01,Teclado,Sur,Online,4.0,44.93,179.72
2024-10-30,Mouse,Sur,Online,4.0,25.07,100.28
2024-03-06,Mouse,,Distribuidor,4.0,21.17,84.68
,Mouse,Oeste,Tienda,1.0,25.24,25.24
2024-12-29,Mouse,Centro,Distribuidor,1.0,20.26,20.26
2025-01-05,Auriculares,Centro,Online,1.0,93.51,93.51
2025-11-21,Auriculares,Sur,Online,4.0,89.97,359.88
2025-06-09,Mouse,Este,Online,2.0,24.24,48.48
2024-08-18,Auriculares,Norte,Tienda,1.0,97.01,97.01
2025-10-16,Monitor,Centro,Online,4.0,216.52,866.08
2025-07-27,Webcam,Sur,Tienda,1.0,64.46,64.46
2024-12-09,Mouse,Norte,Online,1.0,24.8,24.8
2025-06-19,Monitor,Oeste,Online,1.0,224.85,224.85
2024-02-20,Mouse,Centro,Distribuidor,3.0,20.54,61.62
2025-11-10,Monitor,Este,Tienda,3.0,229.92,689.76
2025-01-08,Auriculares,Centro,Online,4.0,89.39,357.56
2025-02-21,Mouse,Centro,Tienda,4.0,24.56,98.24
2024-03-29,Mouse,Este,Online,3.0,26.39,79.17
2024-11-08,Teclado,Este,Tienda,2.0,44.22,35.03
2025-11-18,Teclado,Este,Online,4.0,47.05,188.2
2024-05-03,Mouse,Sur,Distribuidor,4.0,20.47,81.88
2025-12-05,Monitor,Oeste,Tienda,5.0,229.23,1146.15
2024-12-29,Mouse,Oeste,Distribuidor,3.0,20.15,60.45
2025-01-04,Auriculares,Centro,Tienda,3.0,90.28,270.84
2024-12-09,Auriculares,Norte,Online,1.0,91.49,91.49
2024-06-05,Teclado,Oeste,Distribuidor,1.0,38.02,38.02
2024-12-31,Auriculares,Oeste,Distribuidor,3.0,73.7,221.1
2024-08-13,Mouse,Norte,Online,5.0,26.13,130.65
2024-04-24,Mouse,Sur,Tienda,4.0,25.33,101.32
2024-11-26,Mouse,Centro,Tienda,5.0,25.08,125.4
2025-06-04,Monitor,Oeste,Tienda,3.0,221.76,665.28
2025-12-24,Webcam,Norte,Online,5.0,62.22,311.1
2025-06-25,Teclado,Norte,Tienda,1.0,47.19,47.19
2024-11-22,Webcam,Este,Tienda,2.0,60.63,121.26
2025-12-26,Webcam,Sur,Distribuidor,4.0,49.74,198.96
2025-09-10,Mouse,Este,Tienda,5.0,24.15,120.75
2024-11-19,Mouse,Centro,Tienda,3.0,24.47,73.41
2025-10-13,Webcam,Centro,Online,2.0,65.13,130.26
2025-09-16,Mouse,Centro,Online,5.0,23.76,118.8
2024-11-10,Mouse,Centro,Online,1.0,24.99,24.99
2025-06-09,Mouse,Oeste,Online,5.0,24.53,122.65
2025-02-26,Auriculares,Sur,Tienda,2.0,92.19,184.38
2025-12-25,Teclado,Oeste,Distribuidor,4.0,38.72,154.88
2024-01-27,Mouse,Centro,Online,5.0,24.71,123.55
2025-10-10,Auriculares,Este,Online,2.0,87.7,175.4
2025-12-28,Mouse,Centro,Online,5.0,25.27,126.35
2024-04-27,Auriculares,Oeste,Online,2.0,89.02,178.04
2024-09-19,Mouse,Oeste,Online,2.0,24.85,606.04
,Auriculares,Este,Tienda,4.0,88.21,352.84
2024-02-01,Mouse,Sur,Online,5.0,25.16,125.8
2025-11-23,Webcam,Centro,Online,5.0,65.37,326.85
2025-08-15,Teclado,,Distribuidor,4.0,36.86,147.44
2024-01-06,Mouse,Este,Tienda,3.0,24.73,74.19
2024-10-01,Mouse,Sur,Online,5.0,24.06,120.3
2025-09-01,Mouse,Este,Online,2.0,25.1,50.2
2025-07-11,Mouse,Centro,Distribuidor,3.0,20.8,62.4
2024-07-10,Teclado,Oeste,Online,5.0,47.47,237.35
2025-09-01,Teclado,Este,Online,1.0,46.56,46.56
2025-05-15,Teclado,Norte,Online,4.0,46.76,187.04
2024-09-20,Monitor,Centro,Tienda,2.0,216.95,433.9
2025-05-30,Mouse,Centro,Online,2.0,25.42,50.84
2025-12-05,Mouse,Centro,Online,5.0,24.38,121.9
2024-07-17,Auriculares,Este,Online,2.0,89.41,178.82
2024-09-04,Teclado,Norte,Tienda,2.0,42.45,219.64
2024-10-27,Auriculares,Norte,Online,1.0,87.03,87.03
2025-08-11,Teclado,Oeste,Tienda,3.0,45.13,135.39
2024-07-23,Mouse,Centro,Tienda,2.0,25.32,50.64
2025-12-08,Mouse,Oeste,Tienda,5.0,24.95,124.75
2025-04-24,Monitor,Este,Online,5.0,207.52,1037.6
2025-04-23,Webcam,Norte,Online,1.0,63.5,63.5
2025-08-03,Auriculares,Sur,Tienda,4.0,94.39,377.56
2024-03-26,Auriculares,Este,Online,1.0,88.17,88.17
2025-11-20,Monitor,Centro,Tienda,2.0,219.0,438.0
2024-10-28,Teclado,Sur,Distribuidor,2.0,35.56,71.12
2025-10-06,Mouse,Sur,Tienda,4.0,25.07,100.28
2025-11-16,Teclado,Norte,Tienda,1.0,46.13,46.13
2024-11-21,Teclado,Oeste,Distribuidor,4.0,36.51,146.04
2024-09-04,Auriculares,Norte,Distribuidor,1.0,74.06,74.06
2024-08-29,Mouse,Norte,Online,2.0,25.35,50.7
2025-10-11,Mouse,Centro,Online,4.0,24.44,97.76
2024-12-08,Auriculares,Oeste,Tienda,5.0,92.29,461.45
2024-04-16,Mouse,Sur,Online,5.0,24.92,124.6
2025-10-08,Webcam,Norte,Online,3.0,63.24,189.72
2024-12-13,Mouse,Sur,Tienda,1.0,24.42,24.42
2024-04-27,Teclado,Sur,Online,5.0,44.79,223.95
2025-12-16,Teclado,Sur,Tienda,4.0,48.18,192.72
2024-11-28,Monitor,Este,Online,1.0,214.02,214.02
2024-12-31,Auriculares,Sur,Online,3.0,93.73,281.19
2025-12-31,Mouse,Norte,Tienda,2.0,25.64,51.28
2025-12-18,Monitor,Oeste,Online,1.0,222.95,222.95
2024-04-15,Auriculares,Norte,Tienda,4.0,93.43,373.72
2024-02-03,Mouse,Oeste,Distribuidor,4.0,20.35,81.4
2025-10-04,Mouse,Sur,Tienda,1.0,25.69,25.69
2025-07-31,Teclado,Este,Tienda,4.0,47.37,189.48
2025-12-23,Mouse,Este,Online,4.0,23.73,94.92
2025-04-17,Teclado,Oeste,Online,2.0,45.88,91.76
2024-12-28,Teclado,Norte,Distribuidor,4.0,35.2,140.8
2025-03-15,Teclado,Norte,Tienda,1.0,44.37,44.37
2024-11-22,Auriculares,Sur,Online,2.0,87.49,174.98
2025-12-16,Auriculares,Sur,Distribuidor,5.0,74.51,372.55
2025-12-04,Mouse,Este,Online,4.0,25.47,101.88
,Webcam,Oeste,Online,5.0,63.92,319.6
2025-01-01,Webcam,Oeste,Distribuidor,5.0,55.38,276.9
2024-07-27,Mouse,Norte,Tienda,4.0,25.61,102.44
2025-07-28,Auriculares,Centro,Online,4.0,96.35,385.4
2024-11-10,Auriculares,Centro,Online,1.0,92.79,92.79
2024-06-09,Webcam,Sur,Tienda,4.0,62.44,249.76
2024-11-27,Auriculares,Centro,Tienda,4.0,93.68,374.72
2025-11-06,Monitor,Norte,Tienda,1.0,205.6,205.6
2025-09-30,Auriculares,Oeste,Distribuidor,5.0,70.26,351.3
2025-11-02,Auriculares,Norte,Online,5.0,90.88,454.4
2024-03-31,Mouse,Norte,Online,1.0,24.68,24.68
2024-11-01,Auriculares,Este,Online,4.0,90.73,362.92
2025-06-03,Auriculares,Centro,Tienda,2.0,91.21,182.42
2025-12-28,Mouse,Oeste,Tienda,4.0,26.34,105.36
2024-08-11,Webcam,Norte,Online,5.0,63.4,317.0
2025-10-08,Teclado,Oeste,Online,5.0,44.91,224.55
,Webcam,Sur,Distribuidor,5.0,52.42,262.1
2024-07-04,Auriculares,Este,Online,4.0,96.01,384.04
2025-12-18,Mouse,Sur,Online,1.0,24.86,24.86
2025-03-25,Auriculares,Norte,Online,3.0,96.56,289.68
2025-03-09,Webcam,Este,Distribuidor,5.0,51.14,255.7
2024-05-17,Auriculares,Oeste,Online,2.0,89.99,179.98
2025-04-08,Mouse,Centro,Online,5.0,25.31,126.55
2025-04-05,Monitor,Este,Online,4.0,224.75,899.0
2024-12-06,Monitor,Centro,Tienda,5.0,215.98,1079.9
2025-07-05,Auriculares,Norte,Tienda,4.0,91.54,366.16
2025-11-14,Auriculares,Sur,Tienda,1.0,92.49,92.49
2025-02-09,Webcam,Oeste,Distribuidor,4.0,54.02,216.08
2025-03-17,Auriculares,Este,Tienda,2.0,94.26,188.52
2024-11-06,Auriculares,Norte,Tienda,3.0,94.15,282.45
2024-11-22,Teclado,Sur,Distribuidor,5.0,37.96,189.8
2024-11-10,Auriculares,Este,Online,2.0,90.17,180.34
2024-06-03,Teclado,Centro,Online,3.0,44.88,134.64
2024-11-02,Auriculares,Norte,Online,3.0,91.99,275.97
2024-11-28,Mouse,Sur,Online,1.0,24.46,24.46
2024-10-01,Teclado,Norte,Online,3.0,45.16,135.48
2025-04-05,Auriculares,Norte,Distribuidor,1.0,74.58,74.58
2025-12-06,Auriculares,Sur,Distribuidor,3.0,72.18,216.54
2024-02-09,Webcam,Norte,Online,1.0,66.13,66.13
2025-07-20,Teclado,Norte,Tienda,4.0,46.13,184.52
2024-08-11,Mouse,Sur,Tienda,5.0,24.39,121.95
2024-12-09,Mouse,Centro,Distribuidor,3.0,21.06,63.18
2025-04-22,Mouse,Norte,Tienda,4.0,24.91,99.64
2024-10-31,Monitor,Sur,Online,3.0,220.19,660.57
2024-10-28,Monitor,Oeste,Distribuidor,3.0,179.12,537.36
2025-12-14,Monitor,Centro,Tienda,3.0,218.69,656.07
2025-11-12,Mouse,Norte,Tienda,3.0,24.24,72.72
2025-12-23,Mouse,Este,Distribuidor,1.0,20.72,20.72
2024-02-17,Monitor,Este,Online,5.0,218.01,1090.05
2024-06-20,Monitor,Sur,Online,4.0,222.22,888.88
2025-04-30,Teclado,Este,Online,5.0,44.1,220.5
2024-03-22,Auriculares,Norte,Tienda,3.0,93.5,280.5
2025-10-09,Mouse,Centro,Online,2.0,24.78,49.56
2024-07-14,Teclado,Norte,Online,2.0,45.95,91.9
2025-04-04,Webcam,Centro,Tienda,2.0,61.13,122.26
2025-01-11,Auriculares,Sur,Online,3.0,87.16,261.48
2025-09-05,Auriculares,Norte,Online,4.0,89.38,357.52
2025-05-26,Mouse,Centro,Online,3.0,24.48,73.44
2025-11-28,Monitor,Este,Online,3.0,211.42,634.26
2025-06-10,Webcam,Centro,Online,3.0,65.27,195.81
2025-10-14,Auriculares,Sur,Online,1.0,93.36,93.36
2025-11-17,Monitor,Centro,Tienda,1.0,222.93,222.93
2025-12-10,Mouse,Centro,Online,5.0,24.78,123.9
2025-12-15,Teclado,Centro,Tienda,2.0,47.73,95.46
2024-10-13,Webcam,Sur,Online,4.0,63.9,255.6
2025-12-14,Webcam,Centro,Online,1.0,62.7,62.7
2025-11-18,Webcam,Oeste,Tienda,5.0,62.88,314.4
2025-01-18,Monitor,,Online,4.0,224.67,898.68
2024-12-25,Mouse,Norte,Tienda,2.0,24.43,48.86
2025-05-19,Webcam,Centro,Tienda,5.0,65.48,327.4
2025-04-18,Auriculares,Oeste,Online,4.0,88.12,352.48
2024-05-13,Teclado,Sur,Tienda,4.0,46.19,184.76
2024-05-01,Auriculares,Sur,Tienda,2.0,91.61,183.22
2025-11-03,Mouse,Este,Distribuidor,5.0,19.44,97.2
2025-02-04,Teclado,Sur,Online,5.0,43.64,218.2
2024-09-05,Mouse,Sur,Online,4.0,24.12,96.48
2025-10-22,Mouse,Norte,Online,4.0,25.56,102.24
2024-10-13,Auriculares,Sur,Online,1.0,88.17,88.17
2024-04-15,Mouse,Norte,Tienda,2.0,24.03,48.06
2024-09-09,Teclado,Oeste,Distribuidor,5.0,36.93,184.65
2024-05-11,Teclado,Oeste,Distribuidor,2.0,36.69,73.38
2024-12-14,Teclado,Oeste,Online,1.0,47.81,47.81
2025-08-12,Teclado,Sur,Online,5.0,46.54,232.7
2024-12-05,Auriculares,Oeste,Tienda,4.0,89.4,357.6
2025-11-09,Teclado,Norte,Tienda,2.0,46.74,93.48
2024-07-29,Monitor,Centro,Tienda,2.0,221.19,442.38
2025-12-27,Teclado,Oeste,Tienda,5.0,46.21,231.05
2024-11-29,Webcam,Oeste,Online,4.0,65.56,262.24
2024-10-23,Teclado,Oeste,Online,5.0,45.21,226.05
2025-04-16,Auriculares,Sur,Online,1.0,89.65,89.65
2024-07-26,Auriculares,Sur,Online,1.0,87.59,87.59
2025-04-22,Monitor,Sur,Online,3.0,225.51,676.53
2025-08-09,Monitor,Este,Tienda,1.0,226.87,226.87
2025-12-20,Webcam,Oeste,Distribuidor,5.0,52.43,262.15
,Auriculares,Norte,Tienda,2.0,88.2,176.4
2024-01-05,Monitor,Sur,Tienda,3.0,216.33,648.99
2024-05-03,Teclado,Norte,Distribuidor,5.0,39.72,198.6
2025-11-02,Auriculares,Este,Online,5.0,90.62,453.1
2025-09-07,Mouse,Este,Online,4.0,24.9,99.6
2024-12-09,Auriculares,Centro,Online,5.0,88.18,440.9
2025-10-21,Auriculares,Centro,Tienda,1.0,90.95,90.95
2025-06-09,Auriculares,Norte,Tienda,1.0,92.06,92.06
2024-04-12,Webcam,Norte,Online,5.0,63.85,319.25
2024-05-08,Auriculares,Este,Online,5.0,88.12,440.6
2025-03-15,Auriculares,Centro,Online,5.0,90.74,453.7
2025-08-23,Teclado,Oeste,Tienda,2.0,43.51,87.02
2024-07-21,Mouse,Sur,Tienda,3.0,25.42,76.26
2024-05-08,Monitor,Oeste,Online,5.0,205.88,1029.4
2024-09-10,Mouse,Este,Distribuidor,4.0,20.0,80.0
2024-01-17,Mouse,Sur,Tienda,4.0,24.4,97.6
2025-03-09,Auriculares,Norte,Tienda,5.0,92.32,461.6
2025-12-15,Monitor,Norte,Tienda,1.0,203.81,203.81
2024-03-18,Teclado,Oeste,Distribuidor,2.0,38.06,76.12
2025-04-23,Monitor,,Online,5.0,227.03,1135.15
2025-12-20,Teclado,Sur,Tienda,2.0,46.99,93.98
2024-07-31,Mouse,Norte,Online,1.0,24.13,24.13
2024-08-27,Teclado,Oeste,Tienda,3.0,43.58,130.74
2024-03-10,Monitor,Centro,Online,3.0,223.83,671.49
2025-11-21,Auriculares,Sur,Distribuidor,5.0,76.5,382.5
2025-12-10,Teclado,Este,Distribuidor,4.0,38.33,153.32
2025-12-21,Teclado,Centro,Online,3.0,47.09,141.27
2024-05-06,Mouse,Sur,Tienda,3.0,24.78,74.34
2024-10-04,Mouse,Oeste,Online,5.0,25.25,126.25
2025-11-17,Auriculares,Norte,Tienda,2.0,84.11,168.22
2024-11-26,Webcam,Oeste,Online,2.0,62.98,125.96
2025-05-12,Monitor,Sur,Online,4.0,211.57,846.28
2025-09-06,Mouse,Centro,Tienda,1.0,24.79,24.79
2025-02-10,Mouse,Oeste,Online,3.0,25.31,75.93
2024-02-27,Auriculares,Este,Online,2.0,89.91,179.82
2024-09-28,Mouse,Oeste,Tienda,5.0,25.11,125.55
2024-03-05,Auriculares,Sur,Online,5.0,86.69,433.45
2025-08-09,Auriculares,Este,Online,4.0,92.89,371.56
2025-06-02,Webcam,Norte,Tienda,2.0,62.77,125.54
2025-04-08,Mouse,Norte,Tienda,5.0,24.47,122.35
2025-09-30,Monitor,Centro,Online,2.0,207.15,414.3
2024-09-28,Monitor,Norte,Tienda,2.0,206.36,412.72
2024-06-03,Mouse,Norte,Online,2.0,24.99,49.98
2024-06-13,Mouse,Norte,Distribuidor,4.0,20.8,83.2
2024-11-26,Mouse,Centro,Distribuidor,1.0,19.08,19.08
2024-08-21,Mouse,Norte,Tienda,3.0,25.4,76.2
2025-09-27,Mouse,Centro,Tienda,3.0,25.24,75.72
2024-12-21,Auriculares,Centro,Tienda,1.0,90.64,90.64
2025-06-02,Teclado,Sur,Online,4.0,44.79,179.16
2025-01-05,Teclado,Este,Distribuidor,2.0,37.35,74.7
2024-11-27,Auriculares,Centro,Online,3.0,83.77,251.31
2024-06-02,Teclado,Norte,Tienda,3.0,46.69,140.07
2025-04-18,Webcam,Centro,Tienda,5.0,64.53,322.65
2025-11-03,Teclado,Sur,Tienda,5.0,46.64,233.2
2025-06-20,Webcam,Centro,Tienda,3.0,65.35,196.05
2024-04-10,Mouse,Norte,Online,1.0,26.34,26.34
2025-10-26,Mouse,Sur,Online,2.0,24.36,48.72
2025-07-13,Mouse,Sur,Tienda,4.0,23.65,94.6
2024-09-16,Webcam,Este,Tienda,3.0,65.43,196.29
2025-03-15,Mouse,Norte,Tienda,2.0,25.77,51.54
2025-05-18,Webcam,Norte,Online,1.0,65.46,65.46
2025-08-10,Auriculares,Este,Online,4.0,90.6,362.4
2024-02-15,Auriculares,Oeste,Distribuidor,5.0,71.33,356.65
2025-09-10,Webcam,Oeste,Distribuidor,1.0,53.63,53.63
2024-09-19,Webcam,Centro,Tienda,2.0,62.94,125.88
2024-08-31,Webcam,Centro,Online,3.0,65.1,195.3
2024-04-06,Mouse,Norte,Tienda,2.0,24.37,48.74
2024-12-02,Monitor,Este,Online,5.0,211.19,1055.95
2024-07-05,Teclado,Centro,Distribuidor,4.0,37.3,149.2
2025-11-06,Mouse,Este,Distribuidor,5.0,19.94,99.7
2025-03-26,Auriculares,Oeste,Tienda,2.0,91.65,183.3
2025-09-27,Monitor,Norte,Distribuidor,2.0,177.41,354.82
2025-12-10,Webcam,Norte,Distribuidor,3.0,52.58,157.74
2025-10-03,Auriculares,Norte,Online,3.0,93.09,279.27
2024-03-08,Teclado,Norte,Online,3.0,46.15,138.45
2025-01-19,Auriculares,Norte,Online,4.0,93.54,374.16
2024-11-14,Monitor,Sur,Online,3.0,205.49,616.47
2025-06-24,Auriculares,Norte,Tienda,2.0,89.83,179.66
2025-02-04,Auriculares,Norte,Tienda,5.0,86.19,430.95
2025-12-17,Auriculares,Este,Distribuidor,4.0,74.18,296.72
2025-08-14,Teclado,Oeste,Tienda,3.0,47.52,142.56
2024-02-11,Auriculares,Norte,Online,3.0,88.71,266.13
2024-01-16,Mouse,Norte,Tienda,3.0,24.71,74.13
2024-10-05,Auriculares,Este,Online,5.0,90.27,451.35
2025-01-28,Mouse,Este,Online,2.0,26.06,52.12
2025-08-15,Mouse,Sur,Online,2.0,25.02,50.04
,Mouse,Oeste,Online,2.0,25.51,51.02
2024-06-22,Webcam,Este,Online,2.0,63.43,126.86
2024-11-09,Mouse,,Online,2.0,25.24,50.48
2024-05-04,Mouse,Norte,Tienda,5.0,25.43,127.15
2024-09-08,Monitor,Centro,Online,5.0,233.29,1166.45
2025-09-14,Mouse,Oeste,Tienda,2.0,24.54,49.08
2025-06-05,Teclado,Sur,Online,3.0,44.64,133.92
2025-11-23,Webcam,Centro,Distribuidor,2.0,50.54,101.08
2025-05-11,Mouse,Norte,Online,5.0,24.49,122.45
2025-12-14,Teclado,Oeste,Online,4.0,46.1,184.4
2025-11-23,Monitor,Centro,Tienda,1.0,209.43,209.43
2025-08-22,Teclado,Norte,Online,5.0,46.58,232.9
2025-11-20,Mouse,Este,Tienda,1.0,24.08,24.08
2025-12-03,Mouse,Centro,Tienda,4.0,24.03,96.12
2024-12-26,Monitor,Norte,Tienda,1.0,220.58,220.58
,Mouse,Este,Tienda,5.0,25.6,128.0
2025-04-12,Teclado,Sur,Online,1.0,46.07,46.07
2025-01-11,Teclado,Este,Online,5.0,45.83,229.15
2024-12-08,Teclado,Oeste,Online,3.0,46.09,138.27
2025-06-25,Webcam,Oeste,Online,4.0,61.28,245.12
2024-08-11,Teclado,Centro,Online,5.0,45.19,225.95
2024-05-30,Mouse,Este,Online,5.0,24.31,121.55
2025-10-24,Mouse,Norte,Online,3.0,25.29,75.87
2025-04-13,Auriculares,Oeste,Distribuidor,2.0,71.53,143.06
2024-04-27,Teclado,Centro,Tienda,4.0,45.81,183.24
2025-04-01,Mouse,Norte,Online,4.0,24.94,99.76
2025-04-13,Mouse,Oeste,Tienda,3.0,25.13,75.39
2024-08-23,Auriculares,Sur,Online,2.0,89.76,179.52
2024-05-22,Teclado,Oeste,Online,1.0,43.35,43.35
2024-12-01,Auriculares,Norte,Tienda,1.0,92.1,203.8
2024-09-28,Auriculares,Oeste,Tienda,3.0,91.06,273.18
2024-01-06,Teclado,Norte,Online,3.0,45.4,136.2
2025-12-18,Monitor,Oeste,Tienda,3.0,224.46,673.38
2025-12-21,Mouse,Oeste,Tienda,4.0,25.37,101.48
2024-11-30,Auriculares,Sur,Tienda,5.0,93.17,465.85
2025-08-22,Webcam,Centro,Distribuidor,5.0,53.11,265.55
2024-10-25,Auriculares,Este,Tienda,4.0,92.22,368.88
2024-12-14,Webcam,Oeste,Online,1.0,63.56,63.56
2024-07-01,Webcam,Este,Online,5.0,64.42,322.1
2024-06-30,Monitor,Sur,Distribuidor,5.0,181.21,906.05
2025-05-17,Auriculares,Sur,Tienda,4.0,93.06,372.24
2024-11-01,Webcam,Este,Distribuidor,2.0,53.76,107.52
2024-06-04,Teclado,Norte,Tienda,3.0,43.87,131.61
2025-11-23,Mouse,Norte,Online,5.0,26.25,131.25
2024-01-16,Teclado,Norte,Online,1.0,44.6,44.6
2024-01-02,Monitor,Norte,Online,1.0,219.8,219.8
2025-11-09,Auriculares,Norte,Online,2.0,88.23,176.46
2025-04-13,Auriculares,Oeste,Distribuidor,2.0,71.53,143.06
2025-12-05,Auriculares,Oeste,Online,3.0,93.14,279.42
2024-05-01,Teclado,Centro,Tienda,1.0,46.05,46.05
2024-04-20,Auriculares,Norte,Online,3.0,87.46,262.38
2025-11-13,Mouse,Centro,Online,3.0,25.26,75.78
2025-10-25,Monitor,Este,Tienda,3.0,221.26,663.78
2024-03-02,Auriculares,Este,Distribuidor,3.0,76.66,229.98
2025-05-27,Teclado,Este,Distribuidor,2.0,37.76,75.52
2024-12-25,Auriculares,Este,Tienda,3.0,93.07,279.21
2025-11-02,Auriculares,Sur,Online,4.0,90.29,361.16
2024-06-07,Mouse,Sur,Tienda,3.0,24.72,74.16
2024-08-01,Mouse,Este,Online,2.0,24.97,49.94
2025-01-29,Teclado,Sur,Online,1.0,42.87,42.87
2025-11-25,Webcam,Sur,Distribuidor,5.0,52.86,264.3
2025-11-19,Webcam,Norte,Online,3.0,61.69,185.07
2025-03-07,Teclado,,Distribuidor,5.0,36.42,182.1
2024-04-29,Monitor,Oeste,Distribuidor,5.0,179.09,895.45
2024-12-18,Teclado,Sur,Tienda,2.0,47.64,95.28
2024-12-14,Mouse,Norte,Online,1.0,24.5,24.5
2024-08-01,Monitor,Centro,Online,5.0,224.85,1124.25
2025-04-10,Auriculares,Oeste,Tienda,2.0,89.79,179.58
2024-12-04,Mouse,Este,Online,2.0,24.78,49.56
2024-08-31,Teclado,Este,Online,1.0,42.04,42.04
2025-12-11,Teclado,Centro,Distribuidor,4.0,37.06,148.24
2025-06-21,Mouse,Norte,Online,4.0,24.44,97.76
2024-11-11,Teclado,Norte,Online,1.0,45.29,45.29
2025-11-09,Teclado,Sur,Online,1.0,46.03,46.03
2025-08-02,Mouse,Centro,Online,4.0,24.73,98.92
2024-01-25,Auriculares,Este,Distribuidor,5.0,72.04,360.2
2025-04-05,Auriculares,Sur,Tienda,4.0,91.46,365.84
2024-04-11,Mouse,Oeste,Tienda,3.0,25.93,77.79
2024-04-22,Mouse,Sur,Online,2.0,24.36,48.72
2024-11-10,Auriculares,Oeste,Distribuidor,5.0,75.91,379.55
2024-02-06,Mouse,Sur,Tienda,2.0,25.82,51.64
2025-10-29,Auriculares,Norte,Tienda,2.0,90.56,181.12
2024-01-18,Teclado,Centro,Tienda,3.0,44.91,134.73
2025-11-25,Auriculares,Centro,Online,2.0,88.91,177.82
2024-05-19,Teclado,Centro,Distribuidor,4.0,36.83,29.95
2024-08-23,Teclado,Sur,Tienda,5.0,47.58,237.9
2025-06-06,Teclado,Sur,Online,4.0,45.72,182.88
2025-04-07,Mouse,Oeste,Online,5.0,23.64,118.2
2025-12-31,Auriculares,Centro,Online,5.0,90.24,451.2
2024-03-22,Teclado,Norte,Online,2.0,46.01,92.02
2025-08-11,Monitor,Sur,Online,4.0,224.06,896.24
2025-05-18,Auriculares,Centro,Online,5.0,91.69,458.45
2024-12-11,Webcam,Centro,Online,4.0,61.92,247.68
2024-12-03,Teclado,Centro,Tienda,5.0,46.38,231.9
2024-07-16,Teclado,Centro,Tienda,1.0,46.71,46.71
2025-06-26,Webcam,Norte,Tienda,4.0,64.29,257.16
2025-04-28,Teclado,Norte,Online,1.0,44.27,44.27
2025-01-16,Mouse,Norte,Online,5.0,25.94,129.7
2025-09-22,Mouse,Oeste,Online,1.0,24.17,24.17
2024-12-28,Mouse,Este,Tienda,2.0,24.81,49.62
2024-02-15,Mouse,Sur,Online,1.0,25.61,25.61
2024-04-10,Teclado,Norte,Online,1.0,46.27,46.27
2025-04-14,Auriculares,Centro,Online,1.0,91.23,91.23
,Mouse,Oeste,Online,4.0,25.02,100.08
2025-02-15,Auriculares,Sur,Online,3.0,92.86,278.58
2025-06-28,Auriculares,Norte,Tienda,4.0,92.56,370.24
2025-09-07,Monitor,Este,Online,5.0,223.64,1118.2
2025-11-05,Mouse,Sur,Online,4.0,25.43,101.72
2024-12-17,Teclado,Este,Online,4.0,46.17,184.68
2024-12-03,Mouse,Oeste,Tienda,2.0,25.95,51.9
2024-03-30,Webcam,Norte,Distribuidor,5.0,55.12,275.6
2024-03-22,Mouse,Oeste,Online,5.0,24.16,120.8
2025-10-10,Auriculares,Centro,Online,4.0,95.38,381.52
2024-03-11,Mouse,Centro,Online,5.0,25.84,129.2
2025-10-21,Mouse,Centro,Tienda,1.0,24.16,24.16
2025-02-08,Mouse,Sur,Distribuidor,4.0,19.98,79.92
2025-11-12,Auriculares,Sur,Tienda,4.0,84.57,338.28
2025-12-07,Mouse,Oeste,Distribuidor,2.0,21.09,42.18
2025-12-29,Auriculares,Este,Distribuidor,5.0,74.78,373.9
2024-12-23,Auriculares,Oeste,Tienda,4.0,88.59,354.36
2025-07-13,Mouse,Norte,Distribuidor,3.0,21.24,63.72
2025-12-18,Auriculares,Este,Online,3.0,84.97,254.91
2025-06-22,Monitor,Sur,Online,2.0,221.5,443.0
2024-05-12,Teclado,Este,Tienda,3.0,45.14,135.42
2025-10-24,Teclado,Este,Tienda,5.0,43.77,218.85
2024-09-15,Mouse,Centro,Online,3.0,25.85,77.55
2024-11-30,Teclado,Este,Online,4.0,42.8,171.2
2024-01-21,Mouse,Este,Distribuidor,3.0,20.7,62.1
2025-04-18,Auriculares,Este,Distribuidor,3.0,71.68,215.04
2025-12-10,Monitor,Oeste,Online,3.0,228.39,685.17
2025-06-03,Monitor,Norte,Tienda,1.0,220.09,220.09
2024-09-17,Auriculares,Norte,Tienda,1.0,89.12,89.12
2025-12-29,Auriculares,Centro,Online,4.0,91.01,364.04
2024-10-05,Webcam,Norte,Online,4.0,65.62,262.48
2024-11-16,Teclado,Norte,Online,5.0,46.3,231.5
2025-09-05,Auriculares,Sur,Tienda,1.0,87.13,794.75
,Auriculares,Norte,Tienda,1.0,84.08,84.08
2025-12-28,Monitor,Centro,Tienda,5.0,212.27,1061.35
2025-11-07,Mouse,Centro,Online,5.0,23.23,116.15
2025-06-22,Teclado,Centro,Online,1.0,44.16,44.16
2024-05-20,Mouse,,Tienda,4.0,24.74,98.96
2024-07-17,Mouse,Centro,Online,2.0,25.38,50.76
2024-01-10,Auriculares,Oeste,Distribuidor,5.0,78.88,394.4
2024-04-29,Mouse,Centro,Tienda,3.0,24.82,74.46
2025-05-06,Teclado,Oeste,Distribuidor,4.0,38.1,152.4
2025-12-25,Teclado,Norte,Online,3.0,45.37,136.11
2024-12-15,Mouse,Oeste,Online,2.0,24.22,48.44
2024-07-01,Auriculares,Centro,Online,3.0,89.26,267.78
2025-11-12,Auriculares,Centro,Tienda,5.0,89.36,446.8
2025-03-29,Teclado,Norte,Online,1.0,44.33,44.33
2025-10-06,Auriculares,Sur,Online,2.0,89.82,179.64
2024-12-05,Monitor,Norte,Online,4.0,215.24,860.96
2025-01-24,Teclado,Oeste,Tienda,5.0,44.78,223.9
2024-12-19,Auriculares,Oeste,Distribuidor,4.0,72.73,290.92
2025-10-10,Auriculares,Este,Tienda,4.0,89.76,359.04
2024-05-26,Mouse,Este,Distribuidor,3.0,19.74,59.22
2024-04-30,Mouse,Centro,Online,1.0,24.4,24.4
2025-08-10,Mouse,Sur,Online,4.0,23.96,95.84
2025-11-19,Mouse,Sur,Tienda,3.0,25.41,76.23
2025-09-26,Teclado,Centro,Tienda,5.0,44.45,222.25
2024-11-23,Webcam,Este,Tienda,5.0,62.78,313.9
2024-02-04,Teclado,Norte,Online,2.0,47.46,94.92
2025-06-22,Teclado,Centro,Online,1.0,44.54,272.38
2024-04-25,Auriculares,Centro,Online,5.0,87.11,435.55
2024-12-08,Teclado,Sur,Distribuidor,4.0,36.47,145.88
2024-12-21,Mouse,Norte,Tienda,5.0,24.63,123.15
,Monitor,Oeste,Online,1.0,224.32,224.32
2025-12-04,Monitor,Sur,Tienda,4.0,217.27,869.08
2025-08-30,Auriculares,Sur,Distribuidor,3.0,72.9,218.7
2025-03-13,Mouse,Norte,Tienda,5.0,25.15,125.75
2025-09-07,Teclado,Norte,Tienda,5.0,45.37,226.85
2025-09-19,Auriculares,Este,Tienda,1.0,89.61,89.61
2025-06-25,Auriculares,Sur,Online,2.0,90.55,181.1
2025-12-02,Monitor,Sur,Online,5.0,222.72,1113.6
2025-11-14,Mouse,Norte,Online,2.0,23.69,47.38
2024-03-22,Webcam,Norte,Online,5.0,61.9,309.5
2025-07-15,Auriculares,Este,Tienda,1.0,93.48,93.48
2024-07-05,Mouse,Sur,Online,3.0,24.94,74.82
2025-12-08,Teclado,Oeste,Online,2.0,47.62,95.24
2025-06-06,Mouse,Norte,Online,3.0,24.02,72.06
2025-01-08,Monitor,Este,Online,1.0,223.56,223.56
2024-04-21,Monitor,Norte,Online,2.0,219.86,439.72
2025-03-23,Mouse,Norte,Distribuidor,5.0,20.61,103.05
2024-11-15,Teclado,Centro,Online,4.0,47.38,189.52
2025-08-25,Auriculares,Centro,Tienda,5.0,89.8,22.45
2025-11-20,Monitor,Este,Tienda,2.0,219.24,438.48
2025-12-30,Auriculares,Norte,Online,1.0,95.3,95.3
2024-04-08,Monitor,Sur,Tienda,4.0,224.29,897.16
2025-12-06,Teclado,Norte,Tienda,1.0,44.59,44.59
2024-06-09,Teclado,Norte,Online,4.0,46.62,186.48
2025-10-27,Auriculares,Oeste,Tienda,4.0,91.32,365.28
2025-12-22,Mouse,Centro,Tienda,4.0,25.3,101.2
2024-04-12,Mouse,Norte,Online,3.0,25.42,76.26
2025-12-25,Teclado,Sur,Tienda,1.0,47.66,47.66
2024-09-22,Auriculares,Norte,Online,1.0,92.76,92.76
2024-03-27,Monitor,Oeste,Online,3.0,226.68,680.04
2024-11-28,Webcam,Sur,Tienda,4.0,63.85,255.4
2025-06-08,Teclado,Centro,Tienda,2.0,46.6,93.2
2025-11-05,Teclado,Centro,Tienda,5.0,43.97,219.85
2025-03-19,Teclado,Centro,Tienda,2.0,47.06,94.12
2024-12-24,Monitor,Centro,Distribuidor,1.0,183.52,183.52
,Auriculares,Sur,Online,1.0,89.5,359.63
2025-05-03,Monitor,Sur,Tienda,1.0,218.52,218.52
2024-02-09,Monitor,Este,Online,1.0,216.27,216.27
2025-11-06,Teclado,Oeste,Online,4.0,46.53,186.12
2025-08-15,Auriculares,Norte,Online,3.0,89.76,269.28
2024-11-20,Teclado,Centro,Tienda,4.0,46.14,184.56
2025-11-28,Webcam,Sur,Distribuidor,3.0,51.94,155.82
2024-07-18,Mouse,Oeste,Distribuidor,3.0,20.81,62.43
2024-03-15,Auriculares,Norte,Tienda,2.0,92.78,185.56
2025-10-30,Webcam,Sur,Distribuidor,3.0,53.81,161.43
2024-07-11,Teclado,Este,Tienda,2.0,46.88,93.76
2024-11-23,Auriculares,Oeste,Tienda,2.0,91.74,183.48
2025-11-11,Teclado,Norte,Online,4.0,42.89,171.56
2024-06-21,Monitor,Oeste,Distribuidor,3.0,175.65,526.95
2025-02-06,Auriculares,Oeste,Distribuidor,5.0,72.09,360.45
2025-12-29,Monitor,Este,Online,3.0,231.54,694.62
2025-12-30,Mouse,Oeste,Online,1.0,25.04,25.04
2025-10-01,Monitor,Centro,Online,4.0,206.77,827.08
2024-09-02,Teclado,Este,Tienda,4.0,47.44,189.76
2024-12-31,Webcam,Centro,Online,5.0,64.77,323.85
2024-12-10,Teclado,Norte,Online,4.0,46.86,187.44
2025-03-06,Monitor,Este,Tienda,1.0,213.91,213.91
2025-11-24,Mouse,Sur,Distribuidor,1.0,21.5,21.5
2025-04-26,Auriculares,Centro,Distribuidor,3.0,73.94,221.82
2024-04-04,Monitor,Oeste,Online,2.0,222.28,444.56
2025-11-17,Mouse,Norte,Tienda,3.0,25.38,76.14
2025-12-17,Mouse,Centro,Tienda,1.0,25.28,25.28
2024-11-19,Mouse,Norte,Tienda,5.0,26.41,132.05
2024-07-22,Monitor,Norte,Distribuidor,3.0,170.2,510.6
2024-10-06,Mouse,Norte,Online,4.0,25.51,102.04
2024-09-17,Mouse,Centro,Online,4.0,25.92,103.68
2024-04-03,Webcam,Oeste,Online,4.0,63.91,255.64
2024-09-11,Webcam,Centro,Tienda,2.0,66.32,132.64
2025-07-05,Auriculares,Oeste,Distribuidor,3.0,70.5,211.5
2024-01-02,Teclado,Oeste,Tienda,4.0,45.14,180.56
2025-02-25,Teclado,Norte,Tienda,5.0,46.31,231.55
2024-11-17,Mouse,Norte,Tienda,,,25.92
2025-12-06,Teclado,Norte,Online,3.0,43.73,131.19
2024-05-18,Mouse,Oeste,Online,3.0,24.44,73.32
2024-05-20,Monitor,Este,Tienda,1.0,210.71,210.71
2024-11-16,Mouse,Sur,Tienda,4.0,24.22,96.88
2024-03-18,Teclado,Norte,Online,4.0,48.51,194.04
2024-11-15,Auriculares,Norte,Online,1.0,89.07,89.07
2024-10-15,Mouse,Sur,Distribuidor,2.0,20.53,41.06
2024-09-27,Mouse,Este,Online,4.0,25.5,102.0
2024-11-07,Monitor,Sur,Tienda,1.0,210.84,210.84
2025-03-11,Auriculares,Norte,Online,2.0,86.97,173.94
2024-08-05,Monitor,Oeste,Distribuidor,5.0,182.14,910.7
2025-12-16,Teclado,Oeste,Distribuidor,4.0,35.94,143.76
2024-09-06,Teclado,Centro,Tienda,4.0,45.16,180.64
2025-12-18,Mouse,Centro,Online,2.0,25.02,50.04
2024-11-19,Auriculares,Norte,Online,4.0,89.58,358.32
2024-12-15,Monitor,Sur,Online,5.0,220.69,1103.45
2024-04-30,Monitor,Centro,Distribuidor,2.0,174.42,348.84
2024-04-07,Auriculares,Norte,Online,2.0,90.79,181.58
2024-11-18,Auriculares,Sur,Online,5.0,90.71,453.55
2025-08-24,Teclado,Norte,Tienda,2.0,42.69,85.38
2025-12-06,Webcam,Norte,Online,3.0,66.4,199.2
2025-07-15,Mouse,,Online,4.0,24.95,99.8
2024-11-09,Auriculares,Este,Tienda,3.0,90.27,270.81
2025-09-17,Auriculares,Centro,Online,5.0,91.9,459.5
2025-03-04,Webcam,Centro,Online,2.0,65.37,130.74
2024-11-12,Monitor,Oeste,Online,3.0,223.3,669.9
2025-11-10,Teclado,Oeste,Tienda,1.0,45.1,45.1
2024-12-20,Mouse,Sur,Online,1.0,25.24,25.24
2025-06-13,Webcam,Norte,Distribuidor,4.0,53.86,215.44
2025-12-06,Auriculares,Sur,Online,5.0,89.44,447.2
2025-03-26,Teclado,Sur,Tienda,2.0,44.48,88.96
2025-01-01,Auriculares,Este,Online,4.0,91.56,366.24
2025-04-30,Auriculares,Sur,Distribuidor,5.0,75.24,376.2
2024-01-07,Mouse,Norte,Tienda,4.0,24.58,98.32
2025-11-21,Monitor,Norte,Tienda,1.0,217.55,217.55
2024-09-10,Webcam,Sur,Online,4.0,64.39,257.56
2025-05-21,Webcam,Sur,Online,3.0,67.27,201.81
2025-05-04,Teclado,Centro,Tienda,4.0,45.31,181.24
2024-09-02,Mouse,Centro,Tienda,4.0,24.13,96.52
2025-05-25,Monitor,Oeste,Distribuidor,4.0,176.99,707.96
2025-12-11,Teclado,Norte,Tienda,1.0,44.37,44.37
2024-07-12,Auriculares,Sur,Online,1.0,92.66,92.66
2025-12-24,Mouse,Centro,Online,1.0,26.44,26.44
2025-12-07,Webcam,Norte,Online,5.0,64.41,322.05
2024-02-07,Monitor,Oeste,Online,1.0,216.77,216.77
2024-11-05,Mouse,Centro,Tienda,5.0,24.02,120.1
2025-04-30,Auriculares,Sur,Distribuidor,4.0,75.11,300.44
2024-11-20,Auriculares,Norte,Tienda,4.0,96.22,384.88
2025-12-14,Auriculares,Norte,Tienda,3.0,89.94,269.82
2024-08-09,Teclado,Oeste,Online,4.0,45.98,183.92
2024-10-08,Webcam,Centro,Online,2.0,67.77,135.54
2024-10-07,Mouse,Oeste,Online,1.0,24.15,24.15
2024-02-15,Mouse,Oeste,Tienda,3.0,25.03,75.09
2024-05-12,Auriculares,Centro,Online,2.0,88.68,177.36
2024-08-14,Monitor,Oeste,Online,1.0,217.86,217.86
2024-07-22,Teclado,Norte,Tienda,3.0,45.5,136.5
2025-01-04,Mouse,Este,Tienda,2.0,24.21,48.42
2024-12-01,Monitor,Este,Tienda,3.0,218.07,654.21
2024-11-01,Monitor,Sur,Online,5.0,223.3,1116.5
2025-02-16,Auriculares,Sur,Distribuidor,3.0,72.43,217.29
2024-12-14,Webcam,Norte,Tienda,4.0,62.62,250.48
2025-09-09,Monitor,Centro,Distribuidor,5.0,178.52,892.6
2024-06-02,Mouse,Norte,Distribuidor,5.0,20.37,101.85
2024-06-14,Teclado,Norte,Tienda,3.0,43.51,130.53
2025-06-30,Teclado,Norte,Distribuidor,4.0,38.79,155.16
2024-11-04,Mouse,Norte,Tienda,1.0,25.11,25.11
2024-05-30,Mouse,Sur,Online,1.0,25.91,25.91
2025-04-10,Teclado,Oeste,Distribuidor,1.0,36.1,36.1
2024-04-29,Auriculares,Norte,Tienda,5.0,90.63,453.15
2024-11-25,Auriculares,Oeste,Online,5.0,90.83,454.15
2024-07-08,Webcam,Norte,Tienda,1.0,62.93,62.93
2024-03-29,Auriculares,Sur,Online,4.0,89.3,357.2
2025-12-26,Auriculares,Norte,Online,4.0,93.75,375.0
2024-05-23,Auriculares,Oeste,Distribuidor,5.0,76.74,383.7
2024-02-08,Auriculares,Sur,Online,5.0,91.8,459.0
2024-12-06,Teclado,Este,Distribuidor,3.0,38.51,115.53
2025-02-07,Mouse,Este,Distribuidor,2.0,19.24,38.48
2024-08-25,Auriculares,Sur,Tienda,4.0,94.25,377.0
2024-08-31,Mouse,Norte,Online,1.0,24.28,24.28
2025-12-29,Webcam,Oeste,Online,5.0,65.61,328.05
2024-11-02,Auriculares,Norte,Online,4.0,88.69,354.76
2025-01-05,Auriculares,Centro,Tienda,3.0,89.03,267.09
2025-08-27,Webcam,Norte,Distribuidor,3.0,54.28,162.84
2025-03-07,Mouse,Oeste,Tienda,4.0,24.47,97.88
2025-06-02,Teclado,Centro,Online,3.0,45.88,137.64
2025-01-23,Auriculares,Norte,Online,1.0,88.88,88.88
2025-09-02,Mouse,Norte,Distribuidor,4.0,19.84,79.36
2025-06-25,Teclado,Este,Online,5.0,42.01,210.05
2024-01-10,Mouse,Oeste,Online,5.0,24.62,123.1
2025-03-22,Monitor,Oeste,Tienda,2.0,214.61,429.22
2025-06-27,Monitor,Centro,Distribuidor,3.0,177.7,533.1
2024-08-18,Auriculares,Oeste,Tienda,3.0,85.8,257.4
2024-12-06,Mouse,Centro,Tienda,4.0,25.57,102.28
2024-12-18,Teclado,Norte,Tienda,4.0,45.26,181.04
2024-12-14,Teclado,Este,Tienda,1.0,48.04,48.04
,Monitor,Centro,Online,5.0,215.27,1076.35
2024-11-02,Auriculares,Centro,Tienda,3.0,90.18,270.54
2025-05-25,Mouse,Sur,Online,1.0,24.91,24.91
2024-11-18,Teclado,Oeste,Online,4.0,46.24,184.96
2024-12-23,Auriculares,Centro,Tienda,2.0,87.76,175.52
2025-08-24,Auriculares,Oeste,Tienda,1.0,84.98,84.98
2024-04-08,Webcam,Centro,Tienda,1.0,64.54,64.54
2024-06-24,Mouse,Este,Online,1.0,25.38,25.38
2024-11-12,Teclado,Norte,Tienda,1.0,44.68,44.68
2024-06-18,Auriculares,Sur,Online,1.0,92.14,92.14
2025-12-05,Monitor,Sur,Tienda,3.0,215.08,645.24
2024-02-22,Webcam,Centro,Distribuidor,4.0,53.35,213.4
2024-11-06,Webcam,Sur,Tienda,1.0,68.19,68.19
2024-05-08,Teclado,Norte,Distribuidor,2.0,39.53,79.06
2025-12-19,Auriculares,Este,Online,5.0,91.97,459.85
2024-08-22,Auriculares,Norte,Online,5.0,95.68,478.4
2025-09-08,Teclado,Oeste,Online,5.0,48.56,242.8
2025-03-07,Monitor,Centro,Tienda,1.0,213.89,213.89
2025-04-08,Monitor,Norte,Distribuidor,2.0,184.5,369.0
2024-08-25,Mouse,Oeste,Tienda,2.0,25.17,50.34
2025-02-15,Webcam,Norte,Distribuidor,3.0,49.62,148.86
2024-12-21,Monitor,Norte,Online,2.0,220.59,441.18
2024-10-27,Auriculares,Sur,Tienda,5.0,92.87,464.35
2024-04-11,Monitor,Oeste,Online,4.0,205.37,821.48
2025-03-19,Mouse,Sur,Tienda,5.0,24.77,123.85
2024-11-01,Auriculares,Centro,Online,1.0,93.34,93.34
2024-12-27,Teclado,Sur,Online,3.0,46.06,138.18
2024-01-21,Mouse,Centro,Online,1.0,23.22,23.22
2024-04-04,Webcam,Centro,Distribuidor,5.0,53.55,267.75
2024-11-16,Auriculares,Norte,Tienda,1.0,87.03,87.03
2025-11-03,Monitor,Centro,Tienda,5.0,232.2,1161.0
2024-09-22,Auriculares,Sur,Online,1.0,91.89,91.89
2024-10-12,Mouse,Oeste,Distribuidor,1.0,20.16,409.56
2025-06-20,Mouse,Norte,Distribuidor,1.0,20.88,20.88
2024-04-12,Auriculares,Centro,Online,3.0,93.6,280.8
2025-08-19,Auriculares,Norte,Online,4.0,94.67,378.68
2025-09-26,Teclado,Este,Online,1.0,45.51,45.51
2024-01-26,Teclado,Centro,Distribuidor,3.0,35.45,106.35
2025-12-09,Monitor,Este,Online,3.0,230.25,690.75
2025-06-03,Auriculares,Norte,Online,5.0,88.2,719.79
2024-12-20,Monitor,Este,Online,2.0,214.14,428.28
2024-05-02,Webcam,Este,Tienda,3.0,64.12,192.36
2025-11-21,Monitor,Este,Tienda,4.0,225.69,902.76
2025-11-10,Auriculares,Oeste,Tienda,2.0,89.73,179.46
2024-09-30,Webcam,Centro,Online,2.0,59.96,119.92
2024-04-21,Mouse,Sur,Distribuidor,5.0,20.81,104.05
2025-03-12,Auriculares,Sur,Distribuidor,2.0,73.44,146.88
2024-11-02,Mouse,Este,Tienda,4.0,26.76,107.04
2024-03-04,Webcam,Norte,Distribuidor,5.0,56.71,283.55
2025-03-24,Teclado,Sur,Distribuidor,4.0,38.19,152.76
2024-12-24,Auriculares,Norte,Online,2.0,90.1,180.2
2024-02-19,Monitor,Norte,Tienda,5.0,221.86,1109.3
2025-03-17,Mouse,Centro,Online,1.0,23.22,23.22
2024-03-14,Auriculares,Este,Distribuidor,2.0,66.67,133.34
2025-07-06,Teclado,Este,Online,5.0,45.83,229.15
2024-11-13,Monitor,Sur,Online,1.0,227.1,227.1
2025-07-15,Auriculares,Centro,Distribuidor,5.0,75.75,378.75
2024-04-19,Monitor,Sur,Online,3.0,216.08,749.49
2024-08-03,Monitor,Oeste,Online,1.0,232.8,232.8
2025-09-28,Auriculares,Centro,Online,1.0,93.9,93.9
2025-05-30,Mouse,Oeste,Tienda,5.0,23.15,115.75
2025-04-26,Monitor,Norte,Online,4.0,214.66,858.64
2025-03-22,Webcam,Norte,Tienda,5.0,64.47,322.35
2025-01-28,Auriculares,Norte,Online,5.0,94.7,473.5
2025-12-09,Mouse,Oeste,Online,4.0,25.96,103.84
,Teclado,,Tienda,1.0,43.22,43.22
2024-10-27,Auriculares,Este,Tienda,5.0,89.08,445.4
2025-11-19,Auriculares,Este,Online,3.0,85.88,257.64
2024-08-03,Monitor,Norte,Tienda,2.0,217.14,434.28
2025-12-19,Mouse,Norte,Online,4.0,24.11,96.44
2024-07-03,Monitor,Centro,Online,3.0,219.71,659.13
2025-12-11,Monitor,Oeste,Tienda,4.0,209.84,839.36
2024-02-20,Auriculares,Oeste,Online,2.0,89.41,178.82
2024-09-22,Mouse,Norte,Online,3.0,25.2,75.6
2024-04-15,Mouse,,Distribuidor,2.0,19.89,39.78
2025-04-26,Auriculares,Norte,Online,5.0,94.52,472.6
2024-01-16,Monitor,Este,Online,3.0,219.52,658.56
2025-11-26,Auriculares,Sur,Distribuidor,5.0,73.4,367.0
,Webcam,Sur,Online,2.0,64.21,128.42
2025-02-11,Mouse,Este,Online,1.0,24.58,24.58
2024-12-26,Mouse,Oeste,Tienda,5.0,24.29,121.45
2025-04-27,Webcam,Este,Tienda,3.0,66.02,198.06
2025-07-09,Teclado,Sur,Distribuidor,1.0,38.36,38.36
2025-12-18,Monitor,Norte,Online,1.0,217.02,217.02
2025-07-19,Teclado,Este,Distribuidor,1.0,36.06,36.06
2025-01-15,Teclado,Norte,Tienda,1.0,45.04,45.04
2025-12-01,Mouse,Centro,Online,3.0,25.83,77.49
2024-08-07,Mouse,Sur,Online,3.0,25.67,77.01
2025-03-14,Teclado,Norte,Tienda,2.0,45.92,91.84
2025-07-19,Mouse,Norte,Tienda,3.0,25.31,75.93
2024-12-25,Monitor,Este,Online,1.0,217.53,217.53
2025-09-19,Monitor,Norte,Online,1.0,208.89,208.89
2025-11-05,Auriculares,Oeste,Tienda,5.0,93.73,468.65
2024-05-29,Auriculares,Este,Online,4.0,91.06,364.24
2024-01-28,Teclado,Norte,Tienda,4.0,45.79,183.16
2024-12-10,Auriculares,Este,Online,5.0,92.2,461.0
2024-11-01,Mouse,Sur,Distribuidor,1.0,20.92,20.92
2024-11-25,Auriculares,Centro,Online,4.0,85.09,340.36
2024-02-10,Mouse,Sur,Distribuidor,1.0,19.91,19.91
2024-08-20,Webcam,Norte,Tienda,1.0,67.55,67.55
2025-11-28,Auriculares,Norte,Online,1.0,90.96,90.96
2024-06-28,Auriculares,Centro,Online,4.0,91.1,364.4
2024-12-19,Mouse,Este,Distribuidor,5.0,21.66,108.3
2024-11-03,Monitor,Norte,Tienda,5.0,224.35,1121.75
2024-11-18,Mouse,Norte,Online,4.0,24.32,97.28
2025-08-26,Auriculares,Centro,Distribuidor,3.0,76.09,228.27
2024-12-03,Mouse,Centro,Online,4.0,26.14,104.56
2025-07-18,Teclado,Oeste,Distribuidor,2.0,37.56,75.12
2025-09-28,Auriculares,Oeste,Tienda,2.0,86.13,172.26
2024-01-14,Monitor,Oeste,Online,5.0,222.89,1114.45
2024-07-16,Monitor,Oeste,Tienda,3.0,225.65,676.95
,Mouse,Sur,Tienda,5.0,24.24,121.2
2025-09-06,Monitor,Norte,Tienda,1.0,215.89,215.89
2024-12-10,Auriculares,Centro,Distribuidor,5.0,71.37,356.85
2024-04-07,Webcam,Norte,Distribuidor,3.0,53.94,161.82
2024-02-24,Auriculares,Norte,Online,4.0,87.55,350.2
2025-12-10,Teclado,Este,Tienda,2.0,45.88,91.76
2024-02-10,Auriculares,Este,Distribuidor,1.0,73.97,73.97
2024-05-14,Teclado,Centro,Online,1.0,44.62,44.62
2024-11-07,Monitor,Norte,Tienda,5.0,216.7,1083.5
2025-12-07,Teclado,Norte,Online,4.0,44.44,177.76
2024-08-29,Monitor,Este,Tienda,3.0,220.2,543.52
2024-12-01,Auriculares,Oeste,Tienda,1.0,88.7,88.7
2025-07-21,Mouse,Oeste,Online,4.0,24.77,99.08
2025-06-18,Monitor,Norte,Distribuidor,2.0,175.58,351.16
2025-11-20,Auriculares,Este,Tienda,2.0,89.03,178.06
2025-12-12,Teclado,Centro,Distribuidor,3.0,38.4,115.2
2025-09-11,Auriculares,Oeste,Online,2.0,93.66,187.32
2025-11-05,Mouse,Norte,Distribuidor,3.0,18.72,56.16
2024-12-11,Auriculares,Este,Tienda,3.0,87.78,263.34
2024-08-28,Teclado,Este,Distribuidor,5.0,36.81,184.05
2025-06-16,Auriculares,Norte,Online,2.0,90.3,180.6
2024-01-30,Auriculares,Centro,Online,4.0,87.82,351.28
2025-05-04,Teclado,Sur,Online,1.0,44.12,44.12
2025-01-03,Monitor,Sur,Distribuidor,2.0,184.49,368.98
2025-06-09,Mouse,Norte,Online,1.0,24.43,24.43
2025-06-13,Mouse,Oeste,Tienda,4.0,23.75,95.0
2024-11-16,Teclado,Centro,Online,4.0,44.92,179.68
2025-09-01,Mouse,Sur,Tienda,1.0,24.78,24.78
2025-04-28,Auriculares,Centro,Tienda,5.0,89.31,446.55
2024-11-16,Auriculares,Norte,Online,3.0,88.57,265.71
2025-09-11,Auriculares,Centro,Tienda,3.0,87.89,263.67
2024-04-06,Mouse,Este,Online,5.0,25.04,125.2
2025-02-10,Monitor,Norte,Tienda,1.0,220.75,220.75
2024-12-20,Teclado,Centro,Tienda,5.0,46.7,233.5
2025-12-09,Auriculares,Centro,Distribuidor,1.0,71.28,71.28
2024-11-30,Auriculares,Este,Tienda,3.0,89.9,269.7
2025-07-25,Mouse,Norte,Distribuidor,4.0,20.07,80.28
2024-01-16,Mouse,Norte,Online,5.0,25.36,126.8
2024-12-06,Monitor,Norte,Tienda,3.0,214.09,642.27
2025-12-16,Auriculares,Sur,Online,3.0,87.72,263.16
2025-11-01,Auriculares,Oeste,Distribuidor,2.0,76.01,152.02
2024-03-30,Mouse,Norte,Distribuidor,2.0,19.81,39.62
2024-11-30,Monitor,Norte,Distribuidor,1.0,181.24,181.24
2025-05-22,Mouse,Norte,Online,2.0,23.46,46.92
2025-01-14,Webcam,Sur,Tienda,5.0,65.97,591.5
2024-11-09,Webcam,Este,Online,5.0,66.77,333.85
2024-12-30,Monitor,Centro,Tienda,1.0,222.3,222.3
2024-04-09,Auriculares,Sur,Distribuidor,4.0,69.74,278.96
2025-04-14,Auriculares,Oeste,Distribuidor,5.0,72.06,360.3
2024-05-22,Webcam,Este,Distribuidor,4.0,50.29,201.16
2025-05-06,Teclado,Sur,Online,2.0,45.45,90.9
2025-08-05,Webcam,Oeste,Online,4.0,65.04,260.16
,Monitor,Este,Tienda,3.0,218.05,654.15
2024-02-14,Mouse,Norte,Online,2.0,26.01,52.02
2024-08-25,Mouse,Centro,Distribuidor,2.0,19.89,39.78
2024-12-14,Mouse,Este,Online,2.0,26.38,52.76
2025-12-07,Webcam,Oeste,Distribuidor,1.0,53.25,53.25
2024-06-08,Mouse,Sur,Online,1.0,25.44,25.44
2024-10-18,Auriculares,Sur,Online,3.0,86.27,258.81
2024-03-04,Mouse,Centro,Distribuidor,4.0,20.83,83.32
2024-11-09,Mouse,Este,Online,5.0,24.45,122.25
2025-12-06,Auriculares,Oeste,Online,5.0,96.04,480.2
2025-10-03,Monitor,Sur,Tienda,3.0,210.7,632.1
2025-04-17,Auriculares,Norte,Tienda,1.0,87.63,87.63
,Mouse,Centro,Online,1.0,24.68,24.68
2025-04-05,Auriculares,Sur,Tienda,1.0,91.88,91.88
2025-11-11,Mouse,Norte,Online,3.0,24.82,74.46
2024-05-26,Mouse,Sur,Tienda,3.0,25.03,75.09
2024-08-17,Auriculares,Norte,Tienda,3.0,88.61,265.83
2024-03-04,Webcam,Este,Online,1.0,62.48,62.48
2025-11-30,Webcam,Sur,Tienda,4.0,66.74,266.96
2024-12-28,Teclado,Este,Online,5.0,46.29,231.45
2025-07-30,Teclado,Norte,Online,2.0,45.58,91.16
2025-07-03,Auriculares,Este,Tienda,3.0,92.15,276.45
2024-12-28,Webcam,Este,Tienda,4.0,65.29,261.16
2025-04-09,Mouse,Oeste,Online,5.0,25.98,129.9
2025-04-08,Monitor,Este,Distribuidor,1.0,184.91,184.91
2025-11-24,Webcam,Centro,Online,4.0,63.91,255.64
2025-10-11,Auriculares,Centro,Online,3.0,90.8,272.4
2024-10-03,Mouse,Norte,Online,2.0,23.41,46.82
2025-03-28,Auriculares,Oeste,Distribuidor,4.0,136.44,545.74
2025-04-01,Mouse,Centro,Tienda,2.0,24.15,48.3
2024-04-08,Mouse,Norte,Tienda,2.0,23.98,47.96
2024-12-10,Monitor,Norte,Distribuidor,2.0,180.59,361.18
2024-11-26,Teclado,Centro,Distribuidor,5.0,38.53,192.65
2024-01-16,Monitor,Este,Distribuidor,2.0,178.2,356.4
2025-02-08,Monitor,Sur,Distribuidor,5.0,175.9,879.5
2025-05-28,Auriculares,Oeste,Online,2.0,91.29,182.58
2024-10-25,Webcam,Oeste,Tienda,4.0,64.5,258.0
2025-02-19,Mouse,Este,Online,2.0,25.3,50.6
2024-12-23,Teclado,Centro,Online,1.0,44.03,44.03
2025-12-08,Webcam,Norte,Online,1.0,67.91,67.91
2024-07-21,Mouse,Oeste,Online,3.0,25.89,77.67
2025-02-16,Teclado,Este,Online,1.0,47.66,47.66
2025-04-29,Webcam,Sur,Online,3.0,62.23,186.69
2025-01-07,Monitor,Este,Online,2.0,217.22,434.44
2024-12-14,Teclado,Centro,Online,1.0,43.89,43.89
2025-11-28,Auriculares,Oeste,Distribuidor,3.0,75.04,225.12
2024-12-21,Mouse,Sur,Tienda,3.0,24.61,73.83
2024-12-17,Auriculares,Centro,Online,3.0,95.53,286.59
2024-07-25,Monitor,Este,Tienda,1.0,222.14,222.14
2024-02-07,Monitor,Oeste,Online,1.0,216.77,216.77
2025-04-26,Auriculares,Este,Distribuidor,2.0,76.04,152.08
2025-11-01,Mouse,Centro,Tienda,3.0,23.88,71.64
2024-05-28,Mouse,Este,Online,2.0,23.2,46.4
2024-08-21,Teclado,Este,Tienda,2.0,41.26,82.52
2024-10-14,Teclado,Oeste,Online,2.0,46.44,92.88
2025-11-11,Webcam,Centro,Tienda,3.0,64.44,193.32
2024-11-10,Monitor,Oeste,Online,4.0,228.36,913.44
2024-04-12,Mouse,Norte,Online,5.0,24.95,124.75
2024-07-29,Mouse,Este,Online,3.0,26.36,79.08
2024-01-21,Auriculares,Norte,Distribuidor,2.0,74.05,148.1
2024-06-20,Mouse,Sur,Tienda,2.0,23.32,46.64
2025-04-07,Mouse,Centro,Tienda,3.0,24.88,74.64
2025-12-31,Monitor,Centro,Online,4.0,220.71,882.84
2024-04-08,Mouse,Oeste,Distribuidor,3.0,20.06,60.18
2024-12-16,Mouse,Sur,Tienda,3.0,24.37,73.11
2025-04-14,Webcam,Centro,Tienda,2.0,64.12,128.24
2024-08-27,Teclado,Norte,Distribuidor,5.0,36.63,183.15
2025-12-14,Auriculares,Norte,Tienda,5.0,89.35,446.75
2024-03-29,Webcam,Este,Online,5.0,62.73,313.65
2024-07-13,Monitor,Norte,Online,1.0,216.17,216.17
2024-01-16,Auriculares,Sur,Tienda,4.0,92.31,369.24
2025-08-30,Webcam,Centro,Tienda,1.0,63.83,63.83
2024-11-08,Monitor,Centro,Distribuidor,3.0,183.02,549.06
2024-12-03,Auriculares,Sur,Online,5.0,87.96,439.8
2024-07-28,Monitor,Oeste,Tienda,4.0,212.82,851.28
2025-08-18,Monitor,Norte,Online,3.0,213.34,640.02
2024-06-17,Auriculares,Norte,Online,2.0,87.53,175.06
2025-07-23,Monitor,Norte,Online,1.0,222.96,222.96
2025-01-08,Teclado,Centro,Tienda,2.0,45.31,90.62
2025-02-07,Webcam,Norte,Online,3.0,66.16,198.48
2024-07-03,Monitor,Norte,Online,1.0,221.86,221.86
2025-02-08,Monitor,Oeste,Online,1.0,216.79,216.79
2025-08-30,Mouse,Sur,Online,5.0,26.41,132.05
2025-11-14,Webcam,Este,Online,2.0,65.69,131.38
2024-11-05,Mouse,Norte,Tienda,3.0,24.84,74.52
2024-11-24,Teclado,Sur,Online,5.0,45.48,227.4
2025-02-08,Teclado,Centro,Distribuidor,2.0,38.13,76.26
2024-06-14,Monitor,,Online,2.0,216.12,432.24
2025-06-27,Webcam,Sur,Tienda,1.0,65.92,65.92
2024-11-19,Auriculares,Sur,Online,2.0,93.26,186.52
2025-05-05,Mouse,,Online,4.0,24.02,96.08
2024-12-10,Mouse,Centro,Online,2.0,24.35,48.7
2025-02-22,Teclado,Sur,Distribuidor,3.0,37.21,111.63
2025-09-28,Teclado,,Online,5.0,46.42,232.1
2024-08-31,Mouse,Centro,Online,2.0,26.72,53.44
2025-04-20,Teclado,Norte,Distribuidor,2.0,36.35,72.7
2024-11-19,Webcam,Centro,Tienda,4.0,63.95,255.8
2024-04-18,Monitor,Norte,Tienda,3.0,210.22,630.66
2025-06-24,Teclado,Centro,Online,3.0,44.76,134.28
2024-10-30,Monitor,Este,Tienda,2.0,225.72,451.44
2024-10-29,Mouse,Centro,Online,1.0,23.08,23.08
2025-05-14,Mouse,Norte,Tienda,2.0,25.15,50.3
2025-11-27,Webcam,Centro,Online,5.0,66.92,334.6
2025-04-06,Auriculares,Centro,Online,2.0,89.8,179.6
2024-10-25,Teclado,Centro,Distribuidor,2.0,36.22,72.44
2025-05-20,Auriculares,Oeste,Online,4.0,86.98,347.92
2024-11-01,Teclado,Este,Tienda,1.0,46.29,46.29
2024-01-28,Auriculares,Norte,Tienda,5.0,91.89,459.45
2024-01-07,Teclado,Este,Online,4.0,44.69,178.76
2025-05-19,Mouse,Este,Online,5.0,24.69,123.45
2024-09-20,Monitor,Centro,Online,5.0,219.65,1098.25
2024-09-22,Webcam,Este,Tienda,3.0,61.62,184.86
2024-05-08,Mouse,Sur,Distribuidor,3.0,19.62,58.86
2024-11-24,Mouse,Norte,Online,1.0,24.95,24.95
2025-08-27,Webcam,Norte,Online,4.0,63.33,253.32
2024-12-06,Monitor,Norte,Tienda,3.0,214.09,642.27
2025-12-27,Auriculares,Oeste,Distribuidor,5.0,71.3,356.5
2024-05-25,Monitor,Centro,Distribuidor,4.0,178.68,714.72
2025-11-06,Monitor,Norte,Tienda,2.0,222.02,444.04
2024-05-31,Teclado,Sur,Distribuidor,4.0,38.1,152.4
2025-12-10,Monitor,Oeste,Tienda,5.0,213.87,1069.35
2024-09-12,Teclado,Este,Online,3.0,44.11,132.33
2024-11-21,Mouse,Oeste,Tienda,3.0,26.56,79.68
2024-11-08,Teclado,Centro,Online,2.0,46.42,92.84
2024-04-08,Teclado,,Online,1.0,42.96,42.96
2024-07-28,Mouse,Norte,Online,2.0,24.48,48.96
2024-12-02,Monitor,Este,Tienda,2.0,228.59,457.18
2025-11-24,Mouse,Este,Online,1.0,24.57,24.57
2024-07-05,Auriculares,Sur,Online,2.0,92.26,236.03
2025-12-10,Mouse,Centro,Distribuidor,2.0,21.67,43.34
2025-07-24,Monitor,Norte,Online,3.0,223.18,669.54
2024-06-03,Monitor,Centro,Distribuidor,2.0,188.02,376.04
2025-08-22,Mouse,Oeste,Tienda,2.0,24.52,49.04
2025-05-16,Auriculares,Norte,Online,5.0,94.47,472.35
2025-04-26,Auriculares,Oeste,Tienda,4.0,95.44,381.76
2024-04-17,Webcam,Norte,Tienda,2.0,63.32,126.64
2024-02-24,Webcam,Oeste,Distribuidor,2.0,54.22,108.44
2025-09-17,Auriculares,Centro,Online,5.0,91.9,459.5
2025-03-30,Mouse,Sur,Distribuidor,5.0,21.09,105.45
2025-11-11,Monitor,Centro,Online,1.0,222.89,222.89
2024-12-27,Webcam,Sur,Distribuidor,1.0,49.36,49.36
2024-12-01,Mouse,Norte,Online,1.0,26.39,26.39
2025-07-02,Mouse,Centro,Tienda,5.0,24.48,122.4
2025-04-18,Monitor,Centro,Tienda,2.0,217.1,434.2
2024-09-11,Monitor,Este,Tienda,4.0,213.06,852.24
2025-09-03,Mouse,Oeste,Online,1.0,25.39,25.39
2025-07-06,Auriculares,Sur,Online,5.0,91.51,457.55
2025-07-25,Mouse,Centro,Online,5.0,25.01,125.05
2024-12-10,Teclado,Centro,Online,1.0,43.75,43.75
2024-03-24,Mouse,Oeste,Online,3.0,25.94,77.82
2024-12-15,Mouse,Centro,Online,4.0,24.06,96.24
2025-12-09,Auriculares,Oeste,Online,5.0,84.71,423.55
2025-04-06,Webcam,Sur,Distribuidor,2.0,52.33,104.66
2024-05-13,Webcam,Norte,Online,3.0,64.25,192.75
2024-12-27,Auriculares,Este,Online,1.0,95.13,95.13
2025-03-08,Mouse,Oeste,Online,3.0,24.05,72.15
2024-12-03,Teclado,Norte,Tienda,1.0,46.39,46.39
2024-03-20,Auriculares,Norte,Online,5.0,86.33,431.65
2024-09-08,Auriculares,Centro,Online,3.0,94.45,283.35
2025-06-26,Teclado,Este,Distribuidor,1.0,36.75,36.75
2025-07-10,Mouse,Oeste,Tienda,3.0,26.14,78.42
2025-03-20,Auriculares,Oeste,Online,3.0,85.09,255.27
2025-11-10,Monitor,Oeste,Online,2.0,211.79,423.58
2024-05-25,Teclado,Norte,Online,3.0,44.59,133.77
2024-07-17,Mouse,Norte,Online,5.0,25.81,129.05
2024-06-20,Monitor,Norte,Tienda,2.0,226.68,453.36
2025-11-13,Mouse,Norte,Online,4.0,25.6,102.4
2024-10-19,Teclado,Este,Tienda,1.0,44.61,44.61
2024-11-11,Monitor,Este,Tienda,3.0,218.38,655.14
2024-11-23,Mouse,Norte,Online,2.0,26.28,52.56
2024-07-13,Auriculares,Norte,Tienda,5.0,93.04,465.2
2024-10-17,Mouse,Norte,Distribuidor,3.0,20.48,61.44
2025-07-16,Teclado,Norte,Tienda,1.0,45.75,45.75
2024-08-14,Auriculares,Sur,Online,2.0,92.07,184.14
2024-03-27,Mouse,Sur,Online,3.0,23.9,71.7
2025-12-14,Mouse,Sur,Online,2.0,25.12,50.24
2025-05-01,Auriculares,Centro,Distribuidor,5.0,74.6,373.0
2024-05-25,Mouse,Este,Online,5.0,24.33,121.65
2024-09-05,Monitor,Oeste,Distribuidor,3.0,186.56,559.68
2024-07-25,Monitor,Oeste,Online,2.0,228.17,456.34
2025-08-26,Mouse,Oeste,Tienda,5.0,24.55,122.75
2025-11-01,Webcam,Norte,Online,1.0,66.16,66.16
2024-08-06,Webcam,Centro,Tienda,3.0,62.4,187.2
2024-01-22,Mouse,Centro,Tienda,2.0,25.26,50.52
2025-12-08,Mouse,Norte,Tienda,3.0,24.09,72.27
2025-12-27,Teclado,Norte,Tienda,1.0,45.6,45.6
,Auriculares,Sur,Online,5.0,90.58,452.9
2024-01-07,Auriculares,Oeste,Online,4.0,93.48,373.92
2025-12-13,Teclado,Norte,Tienda,5.0,45.76,228.8
2025-11-21,Teclado,Norte,Tienda,3.0,46.13,138.39
2024-06-14,Monitor,Sur,Distribuidor,5.0,179.79,898.95
2025-04-12,Teclado,Este,Tienda,3.0,44.05,132.15
2025-10-18,Mouse,Centro,Distribuidor,5.0,21.12,105.6
2025-03-23,Teclado,Sur,Online,3.0,46.09,138.27
2025-01-09,Monitor,Norte,Tienda,3.0,214.31,642.93
2024-03-10,Mouse,Norte,Tienda,3.0,25.03,75.09
2024-05-04,Monitor,Sur,Tienda,4.0,216.75,867.0
2025-12-06,Teclado,Este,Online,3.0,44.97,134.91
2024-07-16,Teclado,Sur,Online,5.0,45.93,229.65
2025-10-13,Teclado,Centro,Tienda,2.0,45.99,606.0
2024-12-04,Auriculares,Sur,Online,1.0,91.25,91.25
2025-05-04,Auriculares,Oeste,Online,1.0,91.1,91.1
2025-03-16,Monitor,Norte,Online,5.0,207.99,1039.95
2024-01-06,Webcam,Oeste,Online,5.0,63.08,315.4
2025-07-09,Monitor,Oeste,Tienda,1.0,212.42,212.42
2024-11-06,Mouse,Norte,Distribuidor,3.0,20.66,61.98
2025-11-19,Monitor,Oeste,Tienda,3.0,215.88,647.64
2024-11-25,Webcam,Oeste,Distribuidor,3.0,52.44,157.32
2025-12-29,Mouse,Este,Online,2.0,22.14,44.28
2024-12-10,Auriculares,Este,Online,4.0,90.46,361.84
2024-09-26,Mouse,Oeste,Tienda,4.0,23.89,95.56
2024-10-30,Mouse,Norte,Online,3.0,25.93,77.79
2024-10-13,Mouse,Este,Tienda,3.0,26.32,78.96
2024-12-13,Mouse,Sur,Online,5.0,24.58,122.9
2024-10-24,Teclado,Centro,Tienda,3.0,45.7,137.1
2025-11-15,Teclado,Norte,Online,4.0,44.67,178.68
2024-05-07,Monitor,Norte,Online,1.0,217.12,217.12
2024-04-08,Webcam,Sur,Online,1.0,64.71,64.71
2024-12-16,Mouse,Norte,Online,5.0,24.96,124.8
2025-11-04,Auriculares,Oeste,Tienda,5.0,94.99,474.95
2025-05-03,Monitor,Norte,Tienda,3.0,225.58,676.74
2024-01-01,Mouse,Norte,Tienda,3.0,23.99,71.97
2024-03-22,Mouse,Este,Tienda,2.0,25.86,51.72
2024-12-01,Mouse,Centro,Online,4.0,24.79,99.16
2024-07-05,Auriculares,Oeste,Distribuidor,5.0,74.55,372.75
2025-07-24,Webcam,,Online,4.0,63.81,255.24
2025-12-17,Monitor,Este,Online,2.0,215.09,430.18
2024-01-26,Auriculares,Sur,Distribuidor,2.0,75.4,150.8
2024-04-16,Teclado,Norte,Distribuidor,5.0,37.83,189.15
2024-07-08,Webcam,Sur,Tienda,5.0,66.06,330.3
2024-12-14,Mouse,Norte,Online,1.0,24.5,24.5
2025-12-31,Webcam,Oeste,Online,2.0,63.31,126.62
2024-12-31,Auriculares,Norte,Online,4.0,91.23,364.92
2024-02-27,Auriculares,Sur,Distribuidor,1.0,71.25,71.25
2024-08-13,Auriculares,Centro,Tienda,3.0,85.95,257.85
2025-02-05,Auriculares,Norte,Online,1.0,87.99,87.99
2024-10-07,Mouse,Este,Tienda,5.0,24.6,123.0
2025-10-17,Auriculares,Norte,Distribuidor,2.0,78.37,156.74
2025-03-20,Webcam,Sur,Distribuidor,4.0,54.0,216.0
2024-12-10,Auriculares,Centro,Tienda,2.0,91.01,182.02
2025-05-30,Auriculares,Oeste,Online,2.0,89.7,179.4
2024-11-25,Auriculares,Centro,Tienda,3.0,87.0,261.0
2025-03-08,Auriculares,Norte,Distribuidor,1.0,72.43,72.43
2025-10-31,Teclado,Norte,Distribuidor,3.0,36.43,109.29
2024-11-18,Teclado,Sur,Tienda,1.0,46.47,46.47
2024-11-17,Auriculares,Norte,Online,4.0,89.12,356.48
2025-09-20,Mouse,Oeste,Online,5.0,25.26,126.3
2025-05-04,Mouse,Este,Online,4.0,25.2,100.8
2025-09-23,Mouse,Sur,Tienda,4.0,25.18,100.72
2024-05-16,Mouse,Este,Distribuidor,2.0,20.17,40.34
2024-11-02,Webcam,Centro,Tienda,2.0,64.33,128.66
2025-12-07,Mouse,Norte,Distribuidor,5.0,20.11,100.55
2025-05-04,Mouse,Oeste,Online,2.0,24.44,48.88
2025-12-31,Auriculares,Oeste,Tienda,3.0,86.18,258.54
2024-11-17,Auriculares,Oeste,Online,4.0,86.95,347.8
2024-12-31,Auriculares,Centro,Online,4.0,90.99,363.96
2024-09-12,Auriculares,Sur,Tienda,2.0,92.95,185.9
2025-07-11,Auriculares,Este,Tienda,3.0,91.37,274.11
2025-11-16,Auriculares,Sur,Online,2.0,90.41,180.82
2024-12-31,Mouse,Este,Online,3.0,24.42,73.26
2025-09-02,Monitor,Sur,Online,5.0,228.79,1143.95
2024-08-12,Mouse,Oeste,Online,2.0,24.93,49.86
2024-05-10,Mouse,Sur,Tienda,5.0,25.27,126.35
2024-11-07,Monitor,Este,Online,3.0,220.53,661.59
2024-11-18,Teclado,Norte,Tienda,1.0,45.33,45.33
2025-07-09,Teclado,Norte,Distribuidor,1.0,35.81,35.81
2025-10-20,Monitor,Centro,Tienda,5.0,224.11,1120.55
2024-11-02,Mouse,Este,Online,5.0,24.97,124.85
2024-10-31,Mouse,Norte,Online,2.0,24.15,48.3
2025-11-15,Mouse,Este,Online,1.0,25.75,25.75
2025-12-27,Mouse,Norte,Tienda,2.0,23.82,47.64
2025-07-08,Teclado,Oeste,Online,5.0,44.94,224.7
2025-07-14,Auriculares,Sur,Online,5.0,92.03,460.15
2025-08-17,Auriculares,Este,Online,4.0,84.45,337.8
2025-05-15,Mouse,Oeste,Online,4.0,25.17,100.68
2025-06-13,Mouse,Norte,Tienda,4.0,25.53,102.12
2025-06-26,Mouse,Oeste,Tienda,4.0,24.34,97.36
2025-09-02,Teclado,Oeste,Online,4.0,44.96,179.84
2024-06-10,Auriculares,Este,Online,2.0,90.07,180.14
2024-05-22,Mouse,Centro,Online,4.0,25.28,101.12
2025-11-05,Teclado,Centro,Tienda,3.0,44.88,134.64
2025-06-30,Webcam,Este,Tienda,3.0,65.1,195.3
2025-12-12,Monitor,Este,Online,1.0,212.35,212.35
2025-08-05,Teclado,Norte,Online,4.0,44.56,178.24
2025-12-02,Mouse,Este,Distribuidor,2.0,19.89,39.78
2025-11-21,Teclado,Oeste,Online,2.0,45.96,91.92
2025-02-23,Mouse,Norte,Online,1.0,24.87,24.87
2025-08-07,Mouse,Oeste,Tienda,3.0,24.8,74.4
2025-01-07,Teclado,Oeste,Tienda,2.0,43.2,86.4
2024-03-22,Teclado,Este,Tienda,4.0,43.34,173.36
2024-03-16,Monitor,Oeste,Online,1.0,222.98,222.98
2025-11-24,Teclado,Oeste,Online,1.0,44.24,44.24
2024-12-14,Auriculares,Centro,Tienda,4.0,91.73,366.92
2024-12-13,Teclado,Oeste,Online,5.0,43.23,216.15
2025-10-09,Webcam,Este,Distribuidor,1.0,52.86,52.86
2024-06-23,Teclado,Oeste,Online,1.0,46.45,46.45
2024-11-30,Mouse,Este,Online,5.0,24.98,124.9
2024-06-12,Mouse,Norte,Online,2.0,25.34,50.68
2025-08-01,Monitor,Norte,Online,2.0,212.98,425.96
2024-09-27,Auriculares,Centro,Online,4.0,90.84,363.36
2024-11-03,Auriculares,Centro,Distribuidor,3.0,69.78,209.34
2025-10-11,Teclado,Sur,Online,1.0,45.93,45.93
2024-11-08,Mouse,Norte,Tienda,4.0,25.39,101.56
2025-10-08,Teclado,Norte,Online,5.0,46.89,234.45
2025-03-03,Teclado,Este,Distribuidor,1.0,37.57,37.57
2024-02-01,Mouse,Oeste,Online,3.0,24.56,73.68
2024-11-04,Auriculares,Este,Tienda,4.0,87.86,351.44
2024-07-28,Mouse,Oeste,Online,3.0,24.82,74.46
2025-11-15,Auriculares,Norte,Online,2.0,88.95,81.59
2024-12-15,Teclado,Este,Tienda,2.0,45.74,91.48
2024-12-28,Mouse,Oeste,Online,4.0,25.0,100.0
2025-05-16,Teclado,Norte,Online,2.0,44.76,89.52
2024-06-21,Teclado,Centro,Tienda,3.0,46.02,138.06
2025-12-26,Auriculares,Oeste,Tienda,3.0,90.16,270.48
2024-09-04,Webcam,Norte,Tienda,2.0,66.12,132.24
2025-03-17,Mouse,Este,Online,2.0,25.14,50.28
2025-12-15,Teclado,Centro,Distribuidor,1.0,35.68,35.68
2025-03-02,Teclado,Oeste,Online,4.0,49.15,196.6
2024-06-01,Mouse,Norte,Tienda,2.0,24.36,48.72
2025-11-06,Mouse,Oeste,Online,5.0,24.18,120.9
2024-02-13,Teclado,Centro,Tienda,3.0,48.8,146.4
2025-11-25,Mouse,Centro,Tienda,4.0,24.03,96.12
2024-04-05,Teclado,Este,Online,5.0,42.18,210.9
2025-10-23,Auriculares,Oeste,Tienda,1.0,89.98,89.98
2024-03-28,Auriculares,Norte,Online,5.0,86.99,434.95
2024-08-20,Mouse,Norte,Distribuidor,4.0,20.48,81.92
2025-12-18,Auriculares,Sur,Online,1.0,90.85,90.85
2024-02-27,Auriculares,Oeste,Tienda,3.0,85.69,257.07
2024-05-24,Mouse,Norte,Online,5.0,24.75,123.75
2025-12-18,Teclado,Sur,Tienda,4.0,45.57,182.28
2024-11-28,Teclado,Norte,Tienda,3.0,47.54,142.62
2024-10-05,Teclado,Norte,Tienda,4.0,47.25,189.0
2024-12-15,Auriculares,Este,Online,3.0,85.0,255.0
2024-12-20,Mouse,Este,Online,4.0,26.14,104.56
2024-12-28,Mouse,Norte,Online,3.0,23.59,70.77
2024-12-18,Webcam,Oeste,Online,3.0,63.79,191.37
2024-04-17,Monitor,Centro,Online,1.0,210.11,210.11
2024-06-12,Teclado,Oeste,Distribuidor,,,147.64
2024-03-25,Teclado,Centro,Tienda,5.0,45.03,225.15
2024-08-07,Auriculares,Norte,Online,3.0,98.28,294.84
2024-01-07,Mouse,Sur,Online,2.0,24.02,48.04
2025-08-14,Auriculares,Centro,Tienda,1.0,89.6,89.6
2025-09-13,Auriculares,Sur,Tienda,4.0,87.66,350.64
2024-06-24,Monitor,Este,Online,5.0,225.03,1125.15
2024-10-30,Teclado,Este,Online,4.0,44.23,176.92
2024-06-11,Teclado,Sur,Tienda,3.0,44.03,132.09
2024-12-03,Mouse,Oeste,Tienda,3.0,24.7,74.1
2024-10-06,Teclado,Este,Online,1.0,44.41,44.41
2025-12-29,Mouse,Sur,Online,2.0,24.84,49.68
2025-07-23,Webcam,Este,Distribuidor,2.0,50.77,101.54
2024-03-24,Teclado,Este,Online,1.0,44.21,44.21
2025-03-10,Mouse,Norte,Tienda,4.0,25.05,100.2
2025-11-11,Webcam,Oeste,Online,4.0,65.75,263.0
2024-02-14,Mouse,Sur,Online,4.0,25.7,102.8
2025-05-24,Auriculares,Centro,Online,4.0,87.8,351.2
2025-03-09,Teclado,Este,Online,5.0,44.21,221.05
2025-08-26,Teclado,Centro,Tienda,2.0,43.78,87.56
2025-07-25,Mouse,Norte,Online,5.0,25.38,126.9
2024-06-15,Mouse,Centro,Distribuidor,1.0,21.64,21.64
2024-07-13,Monitor,Norte,Tienda,5.0,226.17,1130.85
2024-03-07,Auriculares,Centro,Tienda,1.0,83.46,83.46
2024-02-21,Monitor,Oeste,Tienda,4.0,225.15,900.6
2025-11-14,Auriculares,Oeste,Tienda,1.0,92.03,92.03
2024-12-29,Mouse,Centro,Distribuidor,3.0,20.33,60.99
2025-09-01,Monitor,Norte,Distribuidor,2.0,170.54,341.08
2024-05-03,Auriculares,,Tienda,3.0,89.75,269.25
2024-10-26,Auriculares,Centro,Distribuidor,3.0,69.42,208.26
2024-11-27,Auriculares,Oeste,Online,5.0,88.25,441.25
2025-08-09,Mouse,Oeste,Online,2.0,24.87,49.74
2024-12-03,Teclado,Norte,Online,3.0,46.46,139.38
2025-12-06,Mouse,Este,Online,5.0,24.31,121.55
2024-07-12,Mouse,Este,Distribuidor,1.0,20.88,20.88
2024-03-14,Auriculares,Centro,Online,2.0,85.94,171.88
2024-07-18,Auriculares,Este,Distribuidor,3.0,76.01,228.03
2025-01-30,Webcam,Sur,Distribuidor,5.0,52.06,260.3
2024-08-16,Mouse,Oeste,Online,1.0,25.73,25.73
2025-11-03,Auriculares,Oeste,Online,1.0,87.74,87.74
2024-08-17,Auriculares,Norte,Online,5.0,89.78,448.9
2024-12-21,Auriculares,Este,Online,4.0,90.66,362.64
2024-03-13,Monitor,Este,Online,2.0,219.06,438.12
2025-06-22,Monitor,Norte,Tienda,1.0,218.29,218.29
2025-03-01,Mouse,Norte,Tienda,4.0,26.19,104.76
2025-06-04,Mouse,Sur,Online,5.0,25.65,128.25
2025-08-27,Teclado,Oeste,Online,1.0,45.53,45.53
2025-11-28,Teclado,Oeste,Online,5.0,46.64,233.2
2025-03-29,Mouse,Norte,Tienda,3.0,25.62,76.86
2025-11-02,Monitor,Este,Online,3.0,213.82,641.46
2025-08-27,Auriculares,Norte,Online,1.0,87.53,87.53
2025-10-31,Webcam,Oeste,Tienda,4.0,64.78,259.12
2024-11-18,Webcam,Oeste,Distribuidor,2.0,51.91,103.82
2024-11-03,Monitor,Este,Distribuidor,4.0,184.06,736.24
2025-11-13,Mouse,Norte,Online,5.0,26.36,131.8
2024-08-18,Webcam,Centro,Online,1.0,65.26,65.26
2025-09-19,Teclado,Sur,Online,1.0,45.58,45.58
2024-12-03,Auriculares,Centro,Distribuidor,3.0,76.08,228.24
2025-09-23,Webcam,Oeste,Tienda,4.0,66.73,266.92
2024-02-13,Webcam,Sur,Online,4.0,62.07,248.28
2024-11-21,Webcam,Sur,Tienda,3.0,61.91,185.73
2025-11-19,Teclado,Centro,Tienda,2.0,44.06,88.12
2025-12-04,Mouse,Oeste,Tienda,5.0,25.31,126.55
2025-01-24,Auriculares,Norte,Tienda,3.0,85.61,256.83
2024-07-24,Auriculares,Centro,Online,4.0,89.48,357.92
2025-11-20,Mouse,Norte,Tienda,1.0,24.43,24.43
2024-08-30,Monitor,Sur,Online,1.0,205.88,205.88
2025-06-20,Auriculares,Centro,Online,2.0,94.24,188.48
2024-01-07,Teclado,Norte,Distribuidor,5.0,35.49,177.45
2024-12-30,Monitor,Sur,Distribuidor,4.0,178.23,712.92
2024-09-27,Mouse,Centro,Online,5.0,24.39,121.95
2025-01-28,Auriculares,Centro,Tienda,1.0,90.02,90.02
2024-04-04,Monitor,Este,Online,4.0,219.92,879.68
2024-11-26,Webcam,Centro,Distribuidor,5.0,52.37,261.85
2025-04-10,Mouse,Norte,Online,2.0,25.77,51.54
2024-11-25,Auriculares,Norte,Online,2.0,87.77,175.54
2025-09-19,Mouse,Este,Tienda,4.0,24.99,99.96
2024-05-01,Auriculares,Sur,Online,1.0,88.86,88.86
2024-08-01,Mouse,Sur,Distribuidor,5.0,20.34,101.7
2024-07-23,Mouse,Norte,Online,5.0,24.83,124.15
2025-05-11,Webcam,Sur,Online,5.0,66.29,331.45
2024-11-02,Webcam,Norte,Tienda,5.0,66.64,333.2
2024-11-03,Mouse,Norte,Tienda,4.0,23.65,94.6
2024-06-26,Auriculares,Oeste,Online,1.0,92.02,92.02
2025-12-15,Mouse,Norte,Distribuidor,5.0,19.83,99.15
2025-02-19,Monitor,Oeste,Online,4.0,223.66,894.64
2025-05-02,Mouse,Norte,Tienda,3.0,25.86,77.58
2025-08-22,Teclado,Norte,Tienda,3.0,44.67,134.01
2024-11-29,Teclado,Este,Distribuidor,5.0,36.59,182.95
2025-10-19,Teclado,Norte,Online,5.0,46.81,234.05
2025-04-21,Mouse,Norte,Distribuidor,3.0,20.59,61.77
2024-09-25,Webcam,Centro,Distribuidor,2.0,53.96,107.92
2025-11-19,Auriculares,Oeste,Distribuidor,4.0,71.62,286.48
2025-12-03,Mouse,Norte,Distribuidor,1.0,19.47,19.47
2024-03-16,Auriculares,Norte,Online,2.0,88.77,177.54
2025-05-30,Teclado,Centro,Tienda,1.0,46.6,46.6
2024-06-03,Teclado,Centro,Online,2.0,43.7,87.4
2025-03-30,Teclado,Sur,Online,5.0,46.23,231.15
2025-11-15,Teclado,Este,Tienda,3.0,47.21,141.63
2024-07-05,Monitor,Oeste,Online,5.0,223.0,1115.0
2025-11-10,Teclado,Centro,Tienda,2.0,45.47,90.94
2025-01-25,Monitor,Centro,Online,4.0,213.34,853.36
2024-05-20,Webcam,Oeste,Online,3.0,65.07,195.21
2024-12-29,Monitor,Centro,Tienda,3.0,219.94,659.82
2025-01-20,Auriculares,Este,Online,1.0,88.52,88.52
2024-03-18,Mouse,Centro,Online,2.0,24.16,48.32
2025-06-12,Webcam,Centro,Tienda,5.0,68.29,341.45
2025-02-02,Teclado,Sur,Online,2.0,46.67,93.34
2025-11-16,Teclado,Norte,Tienda,4.0,45.07,180.28
2025-11-19,Teclado,Este,Online,5.0,47.0,235.0
2024-12-20,Mouse,Norte,Online,1.0,24.72,24.72
2025-08-14,Mouse,Centro,Tienda,5.0,25.78,128.9
2025-01-18,Teclado,Este,Online,1.0,45.01,45.01
2025-11-18,Mouse,Norte,Tienda,3.0,25.35,76.05
2024-03-05,Mouse,Este,Online,4.0,25.32,101.28
2025-12-20,Auriculares,Este,Online,4.0,91.23,364.92
2024-12-22,Teclado,Norte,Online,1.0,47.31,47.31
2024-11-27,Webcam,Norte,Tienda,2.0,59.6,119.2
2024-08-27,Mouse,Centro,Online,1.0,25.56,25.56
2025-12-20,Webcam,Centro,Online,2.0,63.24,126.48
2024-11-07,Webcam,Centro,Distribuidor,1.0,51.91,51.91
2025-11-15,Webcam,Norte,Tienda,1.0,64.46,64.46
2025-06-26,Mouse,Oeste,Tienda,1.0,24.11,24.11
2025-01-24,Mouse,Este,Distribuidor,5.0,20.5,102.5
2024-03-05,Auriculares,Centro,Tienda,2.0,88.78,177.56
2024-02-21,Mouse,,Online,3.0,25.52,76.56
2025-12-08,Teclado,Sur,Tienda,4.0,43.94,175.76
2024-11-25,Mouse,Sur,Distribuidor,2.0,20.48,40.96
2025-04-22,Mouse,Centro,Distribuidor,3.0,20.77,62.31
,Mouse,,Tienda,2.0,24.3,48.6
2024-12-27,Mouse,Este,Distribuidor,5.0,19.77,98.85
2025-03-23,Teclado,Oeste,Distribuidor,3.0,36.87,110.61
2025-04-20,Monitor,Norte,Tienda,5.0,207.52,1037.6
2024-11-30,Auriculares,Oeste,Online,4.0,90.93,363.72
2025-01-20,Mouse,Centro,Online,1.0,24.9,24.9
2024-05-27,Teclado,Oeste,Online,1.0,45.71,45.71
2024-12-24,Auriculares,Norte,Online,4.0,89.07,356.28
2024-12-02,Monitor,Este,Tienda,2.0,228.59,457.18
2024-06-13,Auriculares,Oeste,Distribuidor,2.0,69.57,139.14
2025-08-10,Auriculares,Este,Tienda,5.0,85.81,429.05
2025-05-22,Webcam,Norte,Online,3.0,65.36,196.08
2024-11-24,Teclado,Oeste,Tienda,3.0,44.57,133.71
2025-09-25,Mouse,Oeste,Online,3.0,24.66,73.98
2024-11-02,Monitor,Oeste,Distribuidor,1.0,180.59,180.59
,Auriculares,Oeste,Online,4.0,91.99,367.96
2025-10-07,Webcam,Oeste,Tienda,2.0,60.29,120.58
2024-11-19,Monitor,Oeste,Tienda,3.0,222.41,667.23
2025-11-06,Teclado,Centro,Distribuidor,3.0,37.41,112.23
2024-03-08,Mouse,Este,Online,4.0,25.47,101.88
2024-03-09,Auriculares,Centro,Online,1.0,88.51,88.51
2025-11-11,Teclado,Sur,Online,3.0,44.09,132.27
2025-05-08,Mouse,Este,Tienda,1.0,24.96,24.96
2025-09-08,Webcam,Norte,Distribuidor,1.0,53.68,53.68
2025-04-11,Auriculares,Oeste,Tienda,5.0,92.15,460.75
2024-12-10,Teclado,Este,Online,4.0,45.62,182.48
2025-03-26,Teclado,Sur,Distribuidor,2.0,36.54,73.08
2025-12-02,Mouse,Oeste,Online,4.0,24.84,99.36
2025-10-18,Auriculares,Oeste,Tienda,1.0,94.93,94.93
2024-11-17,Webcam,Norte,Tienda,4.0,67.19,268.76
2025-10-05,Mouse,Norte,Online,3.0,24.93,74.79
2025-10-08,Webcam,Sur,Online,1.0,64.27,64.27
2024-12-30,Monitor,Centro,Online,2.0,218.28,436.56
2024-08-28,Auriculares,Este,Online,2.0,86.77,173.54
2025-12-31,Teclado,Oeste,Tienda,4.0,44.87,179.48
2025-12-31,Auriculares,Norte,Tienda,4.0,91.84,367.36
2024-09-02,Mouse,Centro,Online,1.0,24.75,24.75
2024-06-16,Teclado,Centro,Online,3.0,45.93,137.79
2025-11-11,Mouse,Sur,Tienda,5.0,24.93,124.65
2025-11-06,Auriculares,Norte,Tienda,1.0,85.27,85.27
2025-09-03,Teclado,Norte,Online,2.0,46.15,92.3
2024-10-03,Webcam,Sur,Online,5.0,66.96,334.8
2024-11-05,Teclado,Este,Online,2.0,44.6,89.2
2024-12-22,Mouse,Norte,Online,2.0,24.84,49.68
2025-11-21,Mouse,Este,Online,1.0,25.78,25.78
,Webcam,Centro,Tienda,1.0,61.7,61.7
2025-05-07,Mouse,Oeste,Online,3.0,25.03,75.09
2025-09-30,Mouse,Este,Distribuidor,5.0,20.45,102.25
2025-03-01,Monitor,Sur,Online,4.0,221.74,886.96
2025-07-02,Teclado,Este,Online,1.0,45.91,45.91
2024-11-16,Auriculares,Norte,Tienda,3.0,87.18,261.54
2024-12-03,Auriculares,Norte,Online,1.0,91.31,91.31
2024-10-02,Mouse,Sur,Online,3.0,23.82,508.23
2025-04-04,Mouse,Norte,Tienda,4.0,24.71,98.84
2024-06-07,Mouse,Oeste,Tienda,5.0,25.7,128.5
2024-11-25,Teclado,Norte,Tienda,4.0,47.38,189.52
2024-12-08,Auriculares,Este,Online,4.0,86.99,347.96
2024-11-09,Monitor,Oeste,Online,5.0,210.03,1050.15
2024-04-16,Teclado,Norte,Online,3.0,46.82,140.46
2025-07-25,Teclado,Centro,Tienda,4.0,45.93,183.72
2025-08-28,Auriculares,Este,Tienda,5.0,89.03,445.15
2024-06-01,Monitor,Sur,Online,2.0,231.65,463.3
2024-05-10,Mouse,Norte,Online,5.0,25.36,126.8
2025-12-03,Monitor,Norte,Tienda,1.0,216.69,216.69
2025-07-10,Auriculares,Norte,Tienda,2.0,93.17,186.34
2025-07-25,Mouse,Norte,Distribuidor,4.0,20.83,83.32
2025-12-29,Teclado,Norte,Online,1.0,46.3,46.3
2025-04-11,Mouse,Sur,Tienda,1.0,24.33,24.33
2024-07-24,Teclado,Oeste,Online,1.0,48.24,48.24
2025-05-05,Mouse,Norte,Online,3.0,24.17,72.51
2024-07-28,Teclado,Centro,Tienda,4.0,43.81,175.24
2025-01-27,Mouse,Oeste,Online,1.0,24.31,24.31
2024-05-27,Auriculares,Norte,Tienda,2.0,85.42,170.84
2025-09-11,Mouse,Norte,Online,1.0,23.84,23.84
2025-12-19,Mouse,Sur,Tienda,1.0,24.78,24.78
2025-09-03,Monitor,Sur,Tienda,3.0,212.66,637.98
2024-09-18,Auriculares,Norte,Online,4.0,93.42,373.68
2024-07-25,Mouse,Oeste,Tienda,5.0,25.08,125.4
2024-07-07,Mouse,Este,Tienda,3.0,25.31,75.93
2025-03-13,Mouse,Este,Online,4.0,26.0,104.0
2025-11-30,Monitor,Centro,Online,3.0,224.89,674.67
2025-07-17,Monitor,Norte,Online,4.0,228.66,914.64
2024-06-06,Teclado,Centro,Online,5.0,44.14,220.7
2024-06-24,Monitor,Sur,Distribuidor,2.0,175.8,351.6
2024-04-12,Auriculares,Sur,Online,1.0,91.77,91.77
,Webcam,Norte,Tienda,2.0,65.62,131.24
2025-11-16,Auriculares,Oeste,Tienda,1.0,88.94,88.94
2024-08-14,Webcam,Norte,Online,2.0,62.65,364.28
2025-07-12,Teclado,Oeste,Tienda,2.0,43.84,87.68
2024-02-26,Mouse,Sur,Tienda,2.0,25.47,50.94
2024-12-25,Mouse,Sur,Distribuidor,4.0,21.04,84.16
2025-03-16,Auriculares,Centro,Tienda,1.0,87.65,87.65
2024-06-09,Mouse,Norte,Online,2.0,25.71,51.42
2025-04-19,Teclado,Centro,Tienda,5.0,45.08,225.4
2025-05-11,Monitor,Norte,Tienda,3.0,224.75,674.25
2025-01-28,Teclado,Oeste,Online,2.0,46.2,92.4
2024-09-14,Mouse,Centro,Online,5.0,25.68,128.4
2025-11-21,Mouse,Este,Online,1.0,24.25,24.25
2025-10-30,Teclado,Centro,Tienda,1.0,45.14,45.14
2025-03-05,Auriculares,Centro,Online,1.0,90.29,90.29
2024-06-04,Auriculares,Centro,Online,3.0,90.52,271.56
2024-02-25,Mouse,Oeste,Online,2.0,25.37,50.74
2024-11-19,Monitor,Oeste,Distribuidor,4.0,185.71,742.84
2024-12-13,Mouse,Norte,Online,2.0,24.87,49.74
2025-09-19,Teclado,Sur,Online,5.0,45.2,226.0
2024-12-23,Teclado,Sur,Online,4.0,46.25,185.0
2024-03-20,Webcam,Centro,Online,4.0,65.9,263.6
2024-10-11,Mouse,Norte,Tienda,2.0,24.72,49.44
2025-04-27,Auriculares,Oeste,Online,5.0,91.15,455.75
2024-09-18,Monitor,Centro,Tienda,3.0,214.87,644.61
2025-11-25,Monitor,Sur,Distribuidor,2.0,186.54,373.08
2025-12-20,Mouse,Este,Tienda,3.0,24.84,74.52
2024-09-06,Auriculares,Oeste,Distribuidor,1.0,71.52,71.52
2025-10-16,Auriculares,Este,Distribuidor,1.0,74.87,74.87
2025-11-03,Auriculares,Norte,Online,5.0,91.64,458.2
2025-11-16,Auriculares,Oeste,Online,5.0,95.51,477.55
2024-12-22,Mouse,Este,Online,5.0,24.67,123.35
2024-01-15,Webcam,Norte,Tienda,5.0,62.4,312.0
2024-03-28,Mouse,Sur,Distribuidor,5.0,20.81,104.05
2024-01-02,Teclado,Sur,Distribuidor,2.0,37.12,74.24
2025-07-22,Teclado,Este,Online,3.0,44.83,134.49
2025-04-26,Webcam,Centro,Tienda,1.0,65.02,65.02
2025-07-22,Mouse,Sur,Tienda,3.0,24.81,74.43
2024-07-05,Monitor,Sur,Tienda,5.0,220.99,1104.95
2024-10-04,Teclado,Centro,Tienda,4.0,47.11,188.44
2024-05-14,Mouse,Este,Online,5.0,24.88,124.4
2024-05-24,Teclado,Sur,Online,1.0,46.64,46.64
2025-11-23,Webcam,Norte,Online,2.0,63.37,126.74
2025-12-04,Mouse,Norte,Online,3.0,25.9,77.7
2025-11-11,Webcam,Este,Tienda,2.0,64.82,129.64
2025-12-29,Mouse,Centro,Tienda,3.0,25.74,77.22
2025-10-16,Teclado,Norte,Tienda,5.0,46.74,233.7
2025-10-06,Webcam,Norte,Online,4.0,63.5,254.0
2025-07-30,Teclado,Norte,Tienda,3.0,44.58,133.74
2024-03-31,Mouse,Este,Distribuidor,4.0,20.61,82.44
2025-02-26,Auriculares,Oeste,Online,4.0,93.69,374.76
2025-04-16,Mouse,Norte,Online,1.0,24.98,24.98
2025-05-21,Auriculares,Oeste,Distribuidor,1.0,71.63,71.63
2025-12-28,Teclado,Norte,Tienda,2.0,45.79,91.58
2024-12-13,Mouse,Norte,Online,5.0,24.92,124.6
2025-05-25,Mouse,Este,Distribuidor,4.0,20.85,83.4
2025-09-25,Auriculares,Oeste,Online,1.0,94.26,94.26
2024-03-20,Mouse,Oeste,Online,1.0,25.69,25.69
2024-05-18,Teclado,Oeste,Online,4.0,46.31,185.24
2024-12-04,Auriculares,Norte,Tienda,4.0,88.6,354.4
2024-12-07,Monitor,Oeste,Tienda,1.0,209.75,209.75
2025-09-03,Teclado,Norte,Online,5.0,46.79,233.95
2025-12-30,Mouse,Norte,Distribuidor,2.0,21.11,42.22
2025-12-31,Auriculares,Sur,Online,2.0,92.05,184.1
2025-04-11,Mouse,Norte,Online,4.0,27.56,110.24
2024-05-27,Mouse,Norte,Tienda,5.0,26.29,131.45
2024-12-04,Mouse,Oeste,Online,5.0,24.74,123.7
2024-07-29,Mouse,Centro,Online,4.0,24.52,98.08
2025-12-11,Webcam,Centro,Distribuidor,3.0,52.9,158.7
2024-12-11,Teclado,Centro,Tienda,2.0,45.22,90.44
2024-05-22,Mouse,Oeste,Tienda,5.0,25.05,125.25
2024-12-30,Auriculares,Oeste,Tienda,3.0,86.22,258.66
2025-01-29,Mouse,Oeste,Online,4.0,24.04,96.16
2024-01-23,Mouse,Oeste,Online,4.0,24.6,98.4
2024-10-18,Mouse,Centro,Tienda,5.0,24.66,123.3
2024-10-21,Monitor,Norte,Online,5.0,228.82,1144.1
2024-07-12,Auriculares,Oeste,Tienda,3.0,91.48,274.44
2025-03-18,Mouse,Norte,Online,4.0,25.16,175.93
2024-09-03,Auriculares,Este,Tienda,5.0,88.25,441.25
2025-11-19,Mouse,Este,Tienda,4.0,25.43,101.72
2025-12-15,Monitor,Norte,Online,1.0,208.87,208.87
2024-02-09,Auriculares,Centro,Online,1.0,91.64,91.64
2025-02-09,Mouse,Este,Online,1.0,24.46,24.46
2024-06-12,Webcam,Centro,Online,4.0,62.62,250.48
2025-06-18,Mouse,Centro,Tienda,5.0,24.75,123.75
2025-11-14,Auriculares,Centro,Distribuidor,4.0,76.18,304.72
2024-06-10,Teclado,Este,Tienda,4.0,46.85,187.4
2024-05-10,Mouse,Oeste,Tienda,5.0,23.27,116.35
2025-02-18,Teclado,Oeste,Tienda,1.0,46.03,46.03
2024-11-30,Teclado,Este,Online,4.0,42.8,171.2
2025-05-03,Auriculares,Este,Distribuidor,2.0,70.75,141.5
2025-12-15,Mouse,Norte,Distribuidor,2.0,19.96,39.92
2024-11-20,Monitor,Norte,Online,3.0,218.56,655.68
2024-07-23,Mouse,Norte,Online,1.0,24.27,24.27
2024-12-18,Webcam,Norte,Tienda,1.0,64.56,64.56
2024-12-08,Mouse,Norte,Distribuidor,2.0,,878.29
2024-03-06,Webcam,Sur,Tienda,4.0,62.25,249.0
2024-09-04,Auriculares,Oeste,Online,5.0,85.72,428.6
2025-10-30,Mouse,Sur,Distribuidor,1.0,19.98,19.98
2025-01-26,Monitor,Centro,Online,1.0,217.35,217.35
2025-12-27,Webcam,Sur,Online,5.0,64.55,322.75
2025-08-08,Monitor,Norte,Online,4.0,215.12,860.48
2024-12-28,Webcam,Sur,Tienda,1.0,62.51,62.51
2024-05-25,Auriculares,Norte,Online,4.0,89.54,358.16
2025-11-14,Mouse,Oeste,Tienda,5.0,25.82,129.1
2025-12-12,Teclado,Centro,Online,1.0,48.12,48.12
2024-02-01,Mouse,Oeste,Tienda,2.0,24.92,49.84
2024-06-05,Mouse,Este,Tienda,5.0,25.84,129.2
2024-07-04,Mouse,Norte,Distribuidor,4.0,20.4,81.6
2025-11-10,Mouse,Oeste,Online,1.0,25.95,25.95
2024-10-18,Mouse,Norte,Distribuidor,4.0,20.82,83.28
2024-06-19,Mouse,Sur,Online,1.0,25.28,25.28
2025-04-29,Webcam,Centro,Online,5.0,66.06,330.3
2025-11-13,Webcam,Este,Tienda,3.0,65.18,195.54
2025-11-22,Webcam,Norte,Distribuidor,3.0,52.63,157.89
2025-12-17,Auriculares,Sur,Distribuidor,4.0,74.45,297.8
2025-05-25,Teclado,Norte,Distribuidor,1.0,36.39,36.39
2024-12-18,Webcam,Norte,Online,2.0,65.48,130.96
2025-12-05,Monitor,Sur,Online,5.0,218.24,1091.2
2025-02-01,Auriculares,Centro,Online,3.0,88.42,265.26
2025-12-16,Auriculares,Centro,Tienda,3.0,84.18,252.54
2025-12-05,Teclado,Norte,Online,3.0,45.94,137.82
2024-04-19,Auriculares,Este,Online,2.0,93.66,187.32
2024-11-14,Monitor,Sur,Online,3.0,205.49,616.47
2024-11-16,Monitor,Sur,Tienda,2.0,217.52,435.04
2025-05-16,Teclado,Norte,Tienda,2.0,44.42,88.84
2025-09-26,Teclado,Sur,Tienda,3.0,44.4,133.2
2025-12-31,Monitor,Sur,Online,4.0,230.59,922.36
2024-11-03,Monitor,Sur,Online,3.0,221.4,664.2
2025-09-03,Monitor,Este,Tienda,5.0,212.95,1064.75
2024-07-20,Mouse,Este,Online,5.0,24.6,123.0
2024-08-24,Mouse,Oeste,Tienda,1.0,23.96,23.96
2024-12-29,Webcam,Norte,Online,4.0,62.83,251.32
2024-12-16,Teclado,Este,Online,4.0,47.11,188.44
2024-04-23,Webcam,Norte,Online,5.0,62.37,311.85
2024-11-01,Auriculares,Oeste,Distribuidor,1.0,72.84,72.84
2024-11-29,Teclado,Este,Online,2.0,43.1,86.2
2024-11-16,Auriculares,Sur,Online,1.0,89.31,89.31
2024-12-01,Auriculares,Sur,Distribuidor,3.0,73.16,219.48
2024-08-24,Auriculares,Este,Distribuidor,3.0,75.35,226.05
2024-12-15,Monitor,Sur,Online,5.0,221.89,1109.45
2025-11-18,Webcam,Este,Online,5.0,61.66,308.3
2024-07-08,Mouse,Sur,Online,5.0,24.95,124.75
2024-12-16,Mouse,Norte,Tienda,5.0,24.69,123.45
2024-05-02,Mouse,Este,Online,1.0,25.19,25.19
2025-03-04,Mouse,Sur,Online,4.0,25.82,103.28
2025-03-16,Auriculares,Sur,Online,1.0,88.58,88.58
2025-10-01,Monitor,Norte,Online,2.0,230.89,461.78
2024-11-22,Webcam,Norte,Online,5.0,64.28,321.4
2024-04-05,Mouse,Oeste,Distribuidor,2.0,20.29,40.58
2025-09-08,Mouse,Sur,Tienda,2.0,24.82,49.64
2025-06-02,Webcam,Centro,Online,4.0,67.3,269.2
2024-02-01,Auriculares,Centro,Tienda,5.0,86.42,432.1
2024-07-25,Auriculares,Este,Distribuidor,2.0,73.17,146.34
2025-12-14,Teclado,Este,Online,2.0,45.87,91.74
2024-05-17,Mouse,Sur,Online,2.0,24.6,49.2
2024-10-16,Webcam,Centro,Online,5.0,63.64,318.2
2025-09-01,Auriculares,Sur,Tienda,4.0,86.07,344.28
2025-07-03,Mouse,Sur,Online,2.0,24.69,49.38
2024-12-20,Mouse,Sur,Distribuidor,1.0,21.19,21.19
2024-10-27,Auriculares,Sur,Online,4.0,91.17,364.68
2025-11-26,Auriculares,,Tienda,4.0,92.98,371.92
2025-03-15,Webcam,Sur,Tienda,5.0,68.04,340.2
2024-04-01,Mouse,Norte,Online,2.0,23.7,47.4
2024-05-12,Mouse,Este,Tienda,4.0,25.39,101.56
2025-11-05,Teclado,Norte,Tienda,5.0,46.48,232.4
2024-07-26,Teclado,,Distribuidor,4.0,37.16,148.64
2024-07-15,Mouse,Oeste,Online,1.0,24.08,24.08
2024-10-28,Monitor,Centro,Distribuidor,1.0,173.54,173.54
2025-09-17,Webcam,Norte,Distribuidor,4.0,50.19,200.76
2025-12-07,Mouse,Sur,Online,5.0,25.09,125.45
2025-05-12,Webcam,Centro,Online,3.0,67.45,202.35
2024-02-17,Teclado,Norte,Distribuidor,4.0,38.08,152.32
2024-02-24,Mouse,Sur,Online,2.0,25.21,50.42
2024-11-28,Monitor,Norte,Online,3.0,222.06,666.18
2024-12-13,Mouse,Norte,Online,5.0,25.23,126.15
2024-09-02,Webcam,Este,Online,2.0,64.12,128.24
2024-08-15,Mouse,Este,Tienda,3.0,25.14,75.42
2025-08-03,Monitor,Este,Online,3.0,224.26,672.78
2024-12-10,Auriculares,Centro,Online,4.0,91.71,366.84
2025-12-07,Mouse,Norte,Tienda,3.0,26.2,78.6
2024-11-18,Teclado,Sur,Online,3.0,46.33,138.99
2025-11-03,Auriculares,Sur,Tienda,4.0,93.09,372.36
2024-09-02,Monitor,Este,Tienda,1.0,216.35,216.35
2025-12-30,Mouse,Oeste,Tienda,3.0,25.56,76.68
2024-09-04,Teclado,,Tienda,4.0,46.31,185.24
2025-06-16,Auriculares,Norte,Online,5.0,93.01,465.05
2025-12-27,Monitor,Norte,Online,4.0,214.81,859.24
2024-06-07,Teclado,Sur,Tienda,3.0,45.36,136.08
2025-01-12,Mouse,Centro,Tienda,4.0,25.3,101.2
2025-08-25,Monitor,Centro,Tienda,5.0,228.45,1142.25
2025-11-05,Teclado,Oeste,Online,3.0,44.07,132.21
2024-02-17,Teclado,Norte,Tienda,4.0,45.65,182.6
2025-12-15,Teclado,Norte,Distribuidor,4.0,37.57,150.28
2024-12-28,Auriculares,Este,Tienda,3.0,87.28,261.84
2024-11-25,Mouse,Norte,Online,5.0,25.16,125.8
2024-06-17,Webcam,Norte,Tienda,2.0,64.39,128.78
2024-09-15,Teclado,Norte,Online,1.0,46.54,46.54
2025-10-27,Mouse,Sur,Tienda,4.0,26.2,104.8
2025-12-12,Auriculares,Centro,Online,2.0,90.57,181.14
2025-05-04,Mouse,Centro,Distribuidor,3.0,21.07,63.21
2024-11-07,Auriculares,Centro,Distribuidor,2.0,73.56,147.12
2025-01-19,Mouse,Este,Online,5.0,24.1,120.5
2024-10-23,Teclado,Norte,Distribuidor,4.0,38.45,153.8
2025-04-08,Monitor,Norte,Online,2.0,219.24,438.48
2025-04-06,Mouse,Este,Online,5.0,24.85,124.25
2024-02-16,Mouse,Sur,Online,3.0,24.87,74.61
2024-09-30,Monitor,,Online,1.0,214.9,214.9
2025-05-23,Teclado,Centro,Online,5.0,46.24,231.2
2025-02-04,Teclado,Norte,Online,3.0,49.55,148.65
2024-11-04,Webcam,Oeste,Online,4.0,60.98,243.92
2025-11-14,Monitor,Este,Online,4.0,223.34,893.36
2024-02-20,Auriculares,Este,Online,3.0,95.38,286.14
2024-03-28,Monitor,Centro,Tienda,1.0,221.16,221.16
2024-08-26,Monitor,Centro,Online,5.0,215.42,786.45
2024-12-23,Mouse,Centro,Distribuidor,1.0,19.81,19.81
2024-09-04,Mouse,Norte,Tienda,5.0,24.63,123.15
2025-12-27,Teclado,Centro,Distribuidor,3.0,34.85,104.55
2025-04-16,Auriculares,Oeste,Online,3.0,93.1,279.3
2025-06-05,Monitor,Oeste,Online,5.0,226.76,1133.8
2025-11-09,Mouse,Oeste,Tienda,2.0,24.43,48.86
2024-12-22,Monitor,Sur,Online,1.0,221.91,221.91
2025-12-10,Mouse,Oeste,Tienda,5.0,25.19,125.95
2024-03-04,Auriculares,Sur,Online,3.0,89.12,267.36
2024-12-11,Webcam,Norte,Online,1.0,62.43,62.43
2025-08-02,Teclado,Sur,Online,1.0,45.35,45.35
2025-03-08,Mouse,Centro,Tienda,5.0,25.94,129.7
2024-04-16,Monitor,Norte,Tienda,3.0,227.24,681.72
2025-12-18,Mouse,Norte,Online,2.0,25.55,51.1
2024-05-03,Monitor,Oeste,Tienda,2.0,225.65,451.3
2024-10-01,Auriculares,Centro,Tienda,1.0,90.33,90.33
2024-11-02,Auriculares,Norte,Distribuidor,5.0,73.77,368.85
2024-10-26,Mouse,Centro,Online,3.0,23.92,71.76
2024-08-30,Mouse,Sur,Online,5.0,25.13,125.65
2024-07-10,Monitor,Sur,Online,1.0,223.44,223.44
2025-04-19,Auriculares,Sur,Distribuidor,2.0,75.46,150.92
2025-07-14,Webcam,Este,Distribuidor,4.0,53.64,214.56
2024-10-07,Webcam,Sur,Tienda,5.0,63.25,316.25
2024-04-20,Mouse,Este,Online,4.0,24.27,97.08
2025-04-06,Webcam,Norte,Tienda,1.0,65.65,65.65
2024-12-25,Monitor,Este,Online,5.0,227.99,1139.95
2025-09-14,Teclado,Sur,Online,3.0,47.91,143.73
2024-12-20,Mouse,Norte,Distribuidor,2.0,20.63,41.26
2024-11-16,Monitor,Oeste,Distribuidor,4.0,182.56,730.24
2025-05-26,Webcam,Norte,Distribuidor,1.0,53.92,53.92
2025-08-24,Teclado,Centro,Tienda,3.0,46.39,139.17
2024-12-23,Teclado,Centro,Tienda,3.0,45.05,135.15
,Monitor,Sur,Online,5.0,219.82,1099.1
2025-12-02,Teclado,Sur,Tienda,2.0,44.82,89.64
2024-11-20,Mouse,Sur,Online,1.0,24.4,24.4
2024-08-01,Monitor,Oeste,Online,5.0,228.82,1144.1
2025-07-18,Auriculares,Centro,Tienda,1.0,91.93,91.93
2024-06-14,Auriculares,Centro,Online,5.0,88.37,441.85
2024-11-23,Webcam,Norte,Tienda,4.0,67.83,271.32
2025-12-29,Monitor,Centro,Online,3.0,219.55,658.65
2024-02-22,Monitor,Norte,Tienda,5.0,218.09,1090.45
2024-08-23,Auriculares,Este,Online,5.0,85.3,426.5
2025-11-20,Auriculares,Sur,Tienda,2.0,88.35,176.7
2025-03-10,Auriculares,Centro,Online,1.0,90.53,90.53
2025-09-15,Auriculares,Este,Online,4.0,85.73,286.79
2025-12-14,Auriculares,Norte,Distribuidor,5.0,73.5,367.5
2025-06-18,Mouse,Sur,Online,2.0,24.78,49.56
2024-02-09,Monitor,Centro,Online,1.0,224.51,224.51
2025-10-11,Monitor,Sur,Online,3.0,230.83,692.49
2024-11-12,Teclado,Centro,Online,5.0,48.17,240.85
2024-12-25,Auriculares,Centro,Online,4.0,90.69,362.76
2025-09-06,Monitor,Este,Distribuidor,5.0,187.59,937.95
2024-08-06,Auriculares,Norte,Online,1.0,89.35,89.35
2024-11-29,Mouse,Norte,Online,1.0,24.02,24.02
2025-12-08,Auriculares,Norte,Online,3.0,94.33,282.99
2025-07-26,Auriculares,Este,Tienda,4.0,91.2,364.8
2024-05-12,Mouse,Este,Tienda,4.0,25.39,101.56
2025-08-24,Monitor,Este,Online,4.0,220.55,882.2
2024-11-01,Monitor,Oeste,Distribuidor,5.0,182.21,911.05
2024-12-02,Teclado,Norte,Online,1.0,44.41,44.41
2024-07-13,Monitor,Norte,Tienda,4.0,225.43,901.72
2025-11-25,Monitor,Centro,Online,4.0,213.03,852.12
2025-03-14,Teclado,Este,Online,3.0,45.26,135.78
2024-11-15,Teclado,Sur,Distribuidor,1.0,38.18,38.18
2024-12-11,Auriculares,Sur,Online,3.0,93.54,280.62
2024-06-13,Mouse,Oeste,Online,3.0,24.07,72.21
2025-12-06,Mouse,Centro,Online,5.0,25.59,127.95
2024-09-13,Webcam,Oeste,Online,4.0,63.13,252.52
2024-01-30,Teclado,Oeste,Online,1.0,46.16,46.16
2024-12-25,Webcam,Este,Distribuidor,2.0,54.23,108.46
2025-11-28,Webcam,Oeste,Tienda,4.0,62.6,250.4
2025-12-14,Auriculares,Oeste,Tienda,5.0,94.55,472.75
2025-07-15,Teclado,Sur,Online,4.0,46.05,184.2
2024-10-16,Mouse,Norte,Tienda,3.0,26.31,78.93
2024-04-03,Webcam,Oeste,Online,1.0,61.6,61.6
2025-09-22,Auriculares,Centro,Tienda,5.0,86.41,432.05
2024-03-12,Teclado,Sur,Online,5.0,46.38,231.9
2025-11-22,Monitor,Norte,Distribuidor,1.0,175.04,175.04
2024-06-04,Auriculares,Oeste,Tienda,4.0,92.3,369.2
2024-06-16,Mouse,Centro,Online,3.0,24.41,73.23
2025-03-12,Teclado,Centro,Tienda,4.0,45.27,181.08
2025-07-20,Monitor,Oeste,Online,3.0,221.92,665.76
2024-06-30,Teclado,Norte,Tienda,1.0,46.22,46.22
2024-04-23,Auriculares,Sur,Online,4.0,86.2,344.8
2024-11-24,Teclado,Norte,Tienda,5.0,48.41,242.05
2024-12-24,Monitor,Centro,Online,1.0,215.53,215.53
2025-09-24,Auriculares,Norte,Tienda,4.0,94.47,377.88
2025-12-30,Monitor,Oeste,Tienda,5.0,219.36,1096.8
2025-09-05,Monitor,Este,Online,3.0,231.14,693.42
2024-12-06,Mouse,Norte,Online,3.0,24.56,73.68
2024-05-19,Auriculares,Norte,Online,5.0,92.11,460.55
2025-11-29,Teclado,Oeste,Distribuidor,2.0,37.94,75.88
,Mouse,Oeste,Tienda,4.0,25.16,100.64
2024-05-28,Teclado,Centro,Online,4.0,43.72,174.88
2024-12-27,Monitor,Sur,Online,3.0,209.24,627.72
2024-08-26,Mouse,Norte,Distribuidor,4.0,20.59,82.36
2025-09-11,Mouse,Sur,Online,4.0,25.97,103.88
2025-11-23,Auriculares,Sur,Online,3.0,92.35,277.05
2024-11-09,Auriculares,Centro,Online,3.0,87.58,262.74
2025-11-04,Mouse,Centro,Online,2.0,24.66,49.32
2024-11-06,Teclado,Sur,Tienda,5.0,45.22,226.1
2024-04-30,Mouse,Oeste,Online,4.0,25.14,100.56
2024-11-18,Auriculares,Centro,Tienda,5.0,85.22,426.1
2025-12-08,Mouse,Centro,Tienda,3.0,25.83,77.49
2025-01-07,Teclado,Oeste,Tienda,2.0,43.2,86.4
2024-03-21,Monitor,Norte,Distribuidor,5.0,180.72,903.6
2024-09-08,Webcam,Norte,Tienda,4.0,64.39,257.56
2024-11-22,Monitor,Oeste,Online,4.0,220.52,882.08
2025-09-13,Auriculares,Oeste,Online,3.0,92.06,276.18
2024-08-28,Monitor,Oeste,Distribuidor,3.0,183.3,549.9
2024-11-14,Webcam,Este,Online,5.0,64.29,321.45
2025-07-07,Teclado,Este,Online,3.0,46.08,138.24
2024-08-09,Auriculares,Norte,Online,1.0,90.04,90.04
2025-07-23,Monitor,Norte,Online,2.0,223.05,446.1
2025-12-15,Webcam,Norte,Online,2.0,65.21,130.42
2024-11-15,Mouse,Oeste,Tienda,1.0,24.23,24.23
2024-11-01,Auriculares,Oeste,Online,1.0,89.98,89.98
2025-06-14,Teclado,Oeste,Tienda,2.0,46.0,92.0
2024-11-07,Auriculares,Norte,Online,3.0,90.07,270.21
2024-11-12,Teclado,Norte,Online,3.0,46.98,140.94
2025-11-18,Auriculares,Centro,Tienda,2.0,91.9,335.81
2024-08-02,Webcam,Norte,Tienda,1.0,64.73,64.73
2025-12-21,Auriculares,Norte,Online,3.0,83.02,249.06
2025-05-31,Auriculares,Sur,Online,3.0,90.79,272.37
2024-12-21,Auriculares,Centro,Tienda,4.0,90.14,360.56
2025-11-02,Auriculares,Sur,Online,1.0,89.58,89.58
2024-04-13,Mouse,Norte,Online,1.0,26.13,26.13
2025-01-14,Auriculares,Centro,Tienda,3.0,91.47,274.41
2025-11-10,Auriculares,Norte,Online,2.0,88.42,176.84
2025-02-15,Monitor,Oeste,Distribuidor,4.0,177.16,708.64
2025-11-11,Webcam,Norte,Online,2.0,64.52,129.04
2025-07-20,Auriculares,Centro,Online,1.0,85.56,85.56
2024-07-27,Mouse,Oeste,Tienda,1.0,23.74,23.74
2025-10-11,Auriculares,Centro,Distribuidor,1.0,73.2,441.96
2025-10-16,Auriculares,,Online,5.0,88.16,440.8
2024-01-18,Auriculares,Sur,Tienda,5.0,93.58,467.9
2024-12-20,Webcam,Este,Online,1.0,67.35,67.35
2024-12-05,Auriculares,Centro,Online,4.0,92.09,368.36
2025-12-21,Auriculares,Norte,Online,3.0,85.18,255.54
2024-02-16,Auriculares,Centro,Online,4.0,86.42,345.68
2024-09-16,Mouse,Este,Online,1.0,24.27,24.27
2024-06-18,Mouse,Norte,Online,4.0,25.97,103.88
2024-05-03,Mouse,Sur,Tienda,3.0,25.36,76.08
2025-10-11,Teclado,Oeste,Online,2.0,46.26,92.52
2024-09-24,Auriculares,Centro,Tienda,4.0,89.74,358.96
2025-01-05,Monitor,Este,Distribuidor,4.0,170.7,682.8
2025-03-10,Monitor,Este,Online,1.0,219.13,219.13
2024-01-26,Auriculares,Oeste,Tienda,2.0,88.96,177.92
2025-07-10,Auriculares,Norte,Tienda,1.0,86.94,86.94
2025-07-25,Monitor,Este,Tienda,2.0,227.57,455.14
2025-12-15,Auriculares,Este,Tienda,4.0,92.24,368.96
2024-08-02,Teclado,Este,Distribuidor,2.0,37.61,75.22
2024-01-10,Auriculares,Norte,Tienda,5.0,96.8,484.0
2025-04-26,Teclado,Sur,Online,1.0,46.26,46.26
2025-08-16,Mouse,Sur,Distribuidor,4.0,21.22,84.88
2025-06-16,Auriculares,Oeste,Distribuidor,2.0,72.76,145.52
2024-07-25,Teclado,Sur,Online,4.0,45.73,182.92
2024-01-03,Auriculares,Norte,Distribuidor,2.0,72.36,144.72
2024-01-24,Teclado,Centro,Distribuidor,4.0,37.05,148.2
2025-12-23,Webcam,Sur,Online,2.0,60.46,120.92
2024-07-04,Auriculares,Norte,Tienda,5.0,90.71,453.55
,Teclado,Oeste,Online,4.0,42.64,170.56
2024-05-04,Mouse,Sur,Online,2.0,24.28,48.56
2025-12-01,Mouse,Norte,Online,2.0,24.33,48.66
2025-12-13,Teclado,Oeste,Online,1.0,48.53,48.53
2025-05-25,Auriculares,Sur,Tienda,4.0,91.28,365.12
2025-01-28,Webcam,Norte,Online,2.0,63.67,127.34
2025-12-30,Mouse,Oeste,Online,1.0,25.02,25.02
2025-04-01,Mouse,Norte,Online,2.0,24.71,49.42
2024-05-25,Mouse,Este,Online,5.0,24.33,121.65
2025-07-19,Auriculares,Norte,Online,4.0,89.13,356.52
2025-12-01,Monitor,Norte,Online,1.0,218.42,218.42
2024-06-23,Auriculares,Oeste,Tienda,2.0,89.8,179.6
2025-12-03,Mouse,Norte,Online,4.0,23.49,93.96
2025-11-07,Monitor,Sur,Tienda,5.0,231.05,1155.25
2025-06-14,Teclado,Oeste,Online,5.0,46.4,232.0
2025-11-12,Mouse,Centro,Online,4.0,24.78,99.12
2025-12-01,Monitor,,Online,4.0,208.49,833.96
2024-06-25,Monitor,Norte,Online,5.0,221.28,1106.4
2024-10-09,Mouse,Sur,Tienda,2.0,25.35,50.7
2025-04-30,Auriculares,Oeste,Online,5.0,87.09,435.45
2025-03-20,Monitor,Norte,Online,1.0,212.67,212.67
2025-12-08,Teclado,Este,Distribuidor,3.0,36.59,392.57
2024-11-30,Monitor,Norte,Distribuidor,1.0,180.86,180.86
2024-12-08,Monitor,Norte,Tienda,4.0,207.05,828.2
2025-09-27,Teclado,Centro,Online,5.0,43.75,218.75
2025-06-03,Monitor,Este,Online,5.0,218.36,1091.8
2024-08-20,Mouse,Este,Online,3.0,25.06,75.18
2024-06-18,Webcam,Norte,Online,5.0,65.92,329.6
2025-05-14,Teclado,Norte,Online,3.0,43.89,131.67
2024-12-04,Webcam,Norte,Tienda,2.0,64.65,129.3
2025-12-13,Teclado,Oeste,Online,5.0,46.93,234.65
2024-03-20,Mouse,Centro,Online,4.0,25.61,102.44
2024-12-06,Mouse,Norte,Online,4.0,24.08,96.32
2025-12-10,Auriculares,Sur,Distribuidor,5.0,72.15,360.75
2025-12-28,Mouse,Este,Distribuidor,2.0,20.71,41.42
2024-08-16,Teclado,Este,Distribuidor,2.0,35.87,71.74
2025-08-15,Monitor,Este,Online,4.0,214.1,856.4
2025-11-30,Teclado,Sur,Tienda,3.0,44.44,133.32
2025-02-03,Mouse,Centro,Online,1.0,26.39,26.39
2024-11-15,Monitor,Centro,Online,5.0,215.97,1079.85
2025-12-18,Mouse,Centro,Online,3.0,25.02,75.06
,Monitor,Norte,Online,2.0,207.1,414.2
2024-11-13,Webcam,Centro,Online,4.0,61.48,245.92
2025-06-24,Teclado,Oeste,Tienda,2.0,46.01,92.02
2025-11-03,Monitor,Norte,Online,3.0,222.89,668.67
2024-02-20,Teclado,Sur,Tienda,1.0,45.88,45.88
2025-06-19,Webcam,Centro,Tienda,3.0,66.27,198.81
2025-07-06,Mouse,Sur,Tienda,1.0,24.91,24.91
2024-12-10,Monitor,Norte,Tienda,4.0,224.4,897.6
2024-03-07,Mouse,,Online,4.0,24.71,98.84
2024-03-12,Monitor,Norte,Online,1.0,221.85,221.85
2024-09-22,Webcam,Oeste,Tienda,5.0,62.54,312.7
2025-12-25,Webcam,Centro,Distribuidor,1.0,51.59,51.59
2025-10-28,Auriculares,Este,Online,3.0,93.85,281.55
2025-07-24,Auriculares,Norte,Tienda,1.0,87.76,87.76
2025-03-08,Mouse,Sur,Online,2.0,26.13,52.26
2025-04-09,Webcam,Este,Online,4.0,63.09,252.36
2024-10-20,Webcam,Este,Online,2.0,66.43,132.86
2024-09-04,Teclado,Sur,Online,2.0,45.2,90.4
2025-09-03,Mouse,Norte,Distribuidor,2.0,21.1,42.2
2024-12-03,Auriculares,Sur,Distribuidor,1.0,73.98,73.98
2025-12-21,Auriculares,Este,Tienda,5.0,97.78,488.9
2025-09-15,Webcam,Sur,Tienda,3.0,61.59,184.77
2024-03-10,Mouse,Norte,Online,1.0,24.01,24.01
2025-12-31,Teclado,Norte,Tienda,3.0,44.17,132.51
2024-11-04,Auriculares,Sur,Tienda,5.0,89.48,447.4
2024-07-04,Mouse,Oeste,Online,1.0,24.75,24.75
2025-06-03,Monitor,Norte,Online,4.0,228.82,915.28
2025-07-22,Mouse,Oeste,Online,2.0,24.58,49.16
2025-12-13,Teclado,Sur,Tienda,5.0,46.32,231.6
2024-07-17,Webcam,Oeste,Tienda,1.0,66.36,66.36
2024-06-03,Mouse,Norte,Online,1.0,24.25,24.25
2024-04-03,Mouse,Norte,Online,4.0,25.22,100.88
2025-12-26,Auriculares,Centro,Distribuidor,3.0,76.04,228.12
2024-12-02,Auriculares,Centro,Tienda,4.0,85.69,342.76
2024-12-19,Auriculares,Este,Tienda,4.0,90.59,362.36
2024-09-28,Monitor,Este,Online,2.0,214.0,428.0
2025-07-21,Monitor,Centro,Tienda,4.0,229.08,916.32
2024-09-09,Teclado,Oeste,Online,3.0,47.88,143.64
2025-08-29,Mouse,Sur,Online,5.0,26.54,132.7
2024-04-23,Monitor,Sur,Online,5.0,224.28,1121.4
2024-02-11,Mouse,Norte,Distribuidor,3.0,19.95,59.85
2025-12-16,Mouse,Oeste,Online,4.0,24.82,99.28
2025-11-24,Auriculares,,Online,5.0,90.83,454.15
2025-12-17,Teclado,Norte,Tienda,4.0,47.18,188.72
2024-12-14,Mouse,Norte,Tienda,3.0,26.02,78.06
2025-03-29,Monitor,Oeste,Online,5.0,213.94,656.15
2024-12-16,Webcam,Centro,Tienda,1.0,64.22,214.08
2024-08-28,Teclado,Norte,Tienda,3.0,47.11,141.33
2025-11-02,Auriculares,Norte,Tienda,2.0,93.35,186.7
2025-11-26,Mouse,Centro,Tienda,3.0,26.4,79.2
2025-11-13,Teclado,Centro,Online,2.0,45.06,90.12
2024-01-29,Monitor,Norte,Distribuidor,4.0,186.4,745.6
2025-09-22,Auriculares,Norte,Distribuidor,5.0,72.88,364.4
2024-07-31,Mouse,Este,Online,5.0,22.81,114.05
2024-04-11,Auriculares,Norte,Tienda,5.0,91.89,459.45
2024-10-08,Monitor,Oeste,Tienda,5.0,228.24,1141.2
2025-12-05,Webcam,Sur,Distribuidor,2.0,52.11,104.22
2025-12-05,Webcam,Sur,Online,4.0,67.06,268.24
2024-08-10,Monitor,,Online,1.0,207.48,207.48
2025-06-03,Mouse,Oeste,Tienda,1.0,24.37,24.37
2025-07-31,Teclado,Este,Online,5.0,44.24,221.2
2024-05-19,Teclado,Este,Online,1.0,44.1,44.1
2024-04-17,Auriculares,Norte,Online,5.0,89.14,445.7
2025-01-28,Auriculares,Norte,Online,3.0,90.73,272.19
2025-11-26,Mouse,Sur,Tienda,5.0,25.48,127.4
2024-11-28,Mouse,Norte,Distribuidor,1.0,20.65,20.65
2025-08-18,Webcam,Sur,Tienda,1.0,63.88,63.88
2024-08-16,Mouse,Norte,Distribuidor,5.0,20.68,103.4
2025-12-21,Mouse,Oeste,Online,1.0,24.76,24.76
2025-07-23,Mouse,Norte,Tienda,1.0,25.35,25.35
2025-12-15,Auriculares,Sur,Online,2.0,91.52,183.04
2025-11-10,Auriculares,Norte,Online,4.0,86.61,346.44
2025-12-22,Mouse,Norte,Online,2.0,26.24,52.48
2025-04-03,Mouse,Oeste,Online,5.0,25.06,125.3
2024-12-09,Auriculares,Sur,Tienda,5.0,87.01,435.05
2024-06-14,Auriculares,Norte,Distribuidor,1.0,75.12,75.12
2025-07-29,Monitor,Norte,Online,1.0,219.44,219.44
2025-09-24,Teclado,Oeste,Tienda,4.0,46.2,184.8
2025-11-12,Teclado,Centro,Online,4.0,45.6,182.4
2024-12-08,Monitor,Este,Online,1.0,216.67,216.67
2024-03-11,Monitor,Sur,Online,3.0,228.52,685.56
2025-12-07,Mouse,Norte,Tienda,3.0,26.2,78.6
2024-12-29,Mouse,Norte,Tienda,5.0,24.43,122.15
2024-12-28,Teclado,Norte,Distribuidor,2.0,39.15,78.3
2025-10-06,Auriculares,Oeste,Online,4.0,84.8,339.2
2025-07-24,Monitor,Sur,Online,2.0,210.97,421.94
2024-05-08,Teclado,Norte,Online,1.0,45.42,45.42
2024-07-14,Teclado,Oeste,Tienda,4.0,45.58,182.32
2025-09-27,Teclado,Sur,Tienda,5.0,43.44,217.2
2025-11-09,Auriculares,Oeste,Distribuidor,2.0,75.71,151.42
2024-07-08,Teclado,Centro,Online,5.0,44.3,221.5
2025-11-07,Auriculares,Este,Online,4.0,90.3,361.2
2025-12-13,Auriculares,Oeste,Online,3.0,85.28,255.84
2025-11-01,Auriculares,Sur,Online,,,184.22
2024-08-22,Teclado,Oeste,Online,5.0,44.37,221.85
2024-05-22,Auriculares,Norte,Tienda,5.0,94.03,470.15
2025-08-28,Mouse,Centro,Online,2.0,25.38,50.76
2025-04-20,Teclado,Norte,Online,1.0,46.1,46.1
2025-12-07,Mouse,Norte,Online,1.0,25.48,25.48
2024-04-14,Mouse,Sur,Tienda,3.0,23.81,71.43
2024-06-27,Webcam,Este,Online,2.0,66.11,132.22
2025-04-13,Mouse,Norte,Online,2.0,25.17,50.34
2024-10-11,Auriculares,Norte,Online,1.0,93.65,93.65
,Auriculares,Sur,Tienda,2.0,86.29,172.58
2025-12-31,Monitor,Centro,Tienda,2.0,211.6,423.2
2024-05-03,Teclado,Centro,Distribuidor,2.0,36.18,72.36
2025-01-06,Mouse,Oeste,Tienda,1.0,24.29,24.29
2025-06-01,Auriculares,Norte,Online,1.0,85.81,85.81
2025-10-11,Teclado,Norte,Online,1.0,44.44,44.44
2024-12-03,Webcam,Oeste,Tienda,4.0,65.85,263.4
2025-12-29,Teclado,Centro,Distribuidor,3.0,37.07,111.21
2025-12-30,Mouse,Oeste,Online,1.0,25.25,25.25
2025-08-27,Webcam,Sur,Online,2.0,64.65,129.3
2025-12-17,Teclado,Centro,Tienda,5.0,47.6,238.0
2024-02-11,Auriculares,Centro,Tienda,4.0,90.38,361.52
2025-11-13,Auriculares,Oeste,Tienda,5.0,89.15,445.75
2025-09-15,Monitor,Centro,Tienda,2.0,228.81,457.62
2025-09-28,Monitor,,Online,1.0,233.4,233.4
2024-10-25,Auriculares,Sur,Online,3.0,90.89,272.67
2025-11-21,Monitor,Este,Online,3.0,219.88,659.64
2024-08-07,Teclado,Este,Online,1.0,44.91,44.91
2025-05-21,Mouse,Norte,Tienda,3.0,25.16,75.48
2024-11-26,Webcam,Norte,Online,1.0,65.7,65.7
2024-03-09,Webcam,Centro,Online,4.0,62.34,249.36
2024-07-03,Teclado,Sur,Online,3.0,43.96,131.88
2024-05-31,Auriculares,Oeste,Online,5.0,88.4,442.0
2025-08-05,Monitor,Sur,Tienda,4.0,215.15,860.6
2024-10-18,Webcam,Sur,Distribuidor,5.0,52.47,262.35
2024-11-21,Webcam,Oeste,Tienda,1.0,63.57,63.57
2025-11-22,Mouse,Centro,Online,1.0,26.24,26.24
2024-01-20,Auriculares,Oeste,Tienda,5.0,91.49,457.45
2024-05-14,Auriculares,,Online,3.0,87.2,261.6
2025-05-14,Mouse,Sur,Online,2.0,25.48,50.96
2024-12-21,Webcam,Norte,Tienda,1.0,65.03,65.03
2024-04-16,Monitor,Norte,Tienda,1.0,213.5,213.5
,Teclado,Centro,Tienda,4.0,46.85,187.4
2024-02-21,Webcam,Este,Distribuidor,4.0,50.45,201.8
2025-11-12,Mouse,Norte,Online,3.0,24.93,74.79
2025-06-07,Mouse,Este,Distribuidor,3.0,20.03,60.09
2024-05-29,Auriculares,Sur,Online,4.0,86.78,347.12
2024-03-14,Auriculares,Norte,Online,2.0,91.54,183.08
2024-07-02,Webcam,Sur,Tienda,3.0,59.71,179.13
2024-12-21,Mouse,Centro,Online,1.0,25.92,25.92
2025-01-02,Monitor,Norte,Tienda,3.0,225.12,675.36
2025-11-20,Mouse,Centro,Online,1.0,25.24,25.24
2025-06-04,Mouse,Sur,Online,5.0,25.65,128.25
2024-09-21,Mouse,Oeste,Tienda,1.0,24.77,24.77
2024-05-17,Auriculares,Norte,Online,5.0,93.88,469.4
2024-07-08,Teclado,Norte,Tienda,1.0,47.94,47.94
2024-12-08,Teclado,Sur,Tienda,5.0,44.03,220.15
2025-10-11,Auriculares,,Tienda,1.0,93.11,93.11
2025-12-06,Teclado,Centro,Online,1.0,44.51,44.51
2024-06-03,Teclado,Norte,Online,5.0,42.41,212.05
2025-02-27,Teclado,Centro,Online,4.0,47.92,191.68
2025-12-26,Auriculares,Norte,Distribuidor,4.0,73.99,295.96
2025-03-31,Teclado,Este,Online,2.0,41.97,83.94
2025-11-30,Monitor,Sur,Tienda,1.0,201.04,201.04
2025-04-19,Teclado,Sur,Online,5.0,45.25,226.25
2025-06-28,Auriculares,Sur,Tienda,3.0,89.93,269.79
2024-11-05,Mouse,Norte,Online,4.0,24.75,99.0
2024-11-28,Teclado,Este,Online,5.0,46.03,230.15
2025-08-20,Mouse,Centro,Online,1.0,26.33,26.33
2025-08-09,Webcam,Norte,Online,3.0,64.3,192.9
2024-09-08,Monitor,Norte,Online,1.0,222.56,222.56
2024-05-20,Mouse,Norte,Distribuidor,5.0,21.11,105.55
2024-12-15,Auriculares,Oeste,Online,3.0,92.15,276.45
2024-07-15,Auriculares,Norte,Online,3.0,97.36,292.08
2024-11-30,Auriculares,Norte,Online,3.0,91.48,274.44
2024-12-29,Monitor,Norte,Tienda,3.0,224.62,673.86
2025-12-30,Teclado,Norte,Distribuidor,2.0,38.05,76.1
2024-12-16,Teclado,Este,Online,2.0,48.06,96.12
2025-11-26,Auriculares,Sur,Online,2.0,88.93,177.86
2025-08-19,Teclado,Este,Distribuidor,2.0,37.48,74.96
2025-11-12,Monitor,Norte,Distribuidor,3.0,179.67,539.01
2024-05-15,Monitor,Oeste,Tienda,1.0,217.72,217.72
2025-11-11,Auriculares,Norte,Tienda,5.0,87.6,438.0
2025-12-22,Auriculares,Centro,Tienda,3.0,92.09,276.27
2025-06-12,Mouse,Este,Online,1.0,25.78,25.78
2024-02-21,Mouse,Este,Online,3.0,25.73,77.19
2025-10-23,Webcam,Sur,Distribuidor,2.0,51.9,103.8
2025-12-09,Mouse,Norte,Tienda,1.0,25.17,25.17
2025-10-03,Auriculares,Sur,Distribuidor,4.0,74.23,296.92
2025-08-23,Auriculares,Oeste,Distribuidor,3.0,74.71,224.13
2024-04-02,Monitor,Norte,Tienda,3.0,210.14,630.42
2024-12-06,Monitor,Este,Tienda,2.0,217.36,434.72
2024-01-05,Monitor,Este,Tienda,1.0,213.94,213.94
2025-11-05,Mouse,Este,Distribuidor,2.0,20.62,41.24
2024-12-13,Teclado,Centro,Tienda,2.0,44.6,89.2
2024-01-31,Mouse,Centro,Distribuidor,2.0,20.53,41.06
2025-05-20,Mouse,Norte,Distribuidor,5.0,20.94,104.7
2024-12-25,Monitor,Este,Tienda,5.0,217.83,1089.15
2024-12-29,Monitor,Centro,Online,5.0,214.57,1072.85
2025-11-22,Mouse,Sur,Online,4.0,24.36,97.44
2025-06-13,Teclado,Norte,Distribuidor,1.0,38.02,38.02
2024-11-06,Teclado,Oeste,Distribuidor,1.0,39.63,39.63
2024-11-25,Teclado,Sur,Distribuidor,2.0,38.21,76.42
2025-12-25,Webcam,Oeste,Online,4.0,66.38,265.52
2025-11-11,Mouse,Centro,Tienda,5.0,24.81,124.05
2025-01-10,Auriculares,Este,Distribuidor,5.0,75.63,378.15
2024-12-10,Auriculares,Este,Distribuidor,1.0,75.33,75.33
2024-11-17,Monitor,Sur,Online,1.0,217.23,217.23
2024-07-16,Teclado,Centro,Distribuidor,3.0,37.66,112.98
2025-01-19,Auriculares,Oeste,Distribuidor,1.0,77.01,77.01
2024-10-01,Teclado,Centro,Online,4.0,46.07,184.28
2024-04-18,Webcam,,Online,2.0,64.1,128.2
2025-06-03,Monitor,Norte,Distribuidor,2.0,181.68,363.36
2025-11-15,Teclado,Centro,Online,2.0,46.42,92.84
2024-12-14,Mouse,Sur,Online,1.0,24.34,24.34
2024-02-24,Teclado,Centro,Tienda,2.0,48.06,96.12
2025-12-09,Teclado,Sur,Tienda,3.0,45.21,135.63
2025-12-25,Monitor,Sur,Online,3.0,221.93,665.79
2024-05-31,Auriculares,Oeste,Online,5.0,95.48,477.4
2025-09-19,Monitor,Oeste,Tienda,4.0,226.89,907.56
2025-11-14,Mouse,Este,Tienda,2.0,24.25,48.5
2024-08-26,Auriculares,Centro,Tienda,3.0,90.95,272.85
2025-02-04,Mouse,Oeste,Online,4.0,25.24,100.96
2025-12-31,Webcam,Norte,Online,2.0,66.14,132.28
2025-12-30,Monitor,Centro,Distribuidor,4.0,181.17,724.68
2025-06-08,Teclado,Oeste,Tienda,5.0,46.37,231.85
2024-10-15,Mouse,Oeste,Tienda,5.0,24.37,121.85
2025-11-11,Mouse,Oeste,Tienda,5.0,24.33,121.65
2025-02-19,Mouse,Norte,Distribuidor,1.0,20.62,20.62
2025-11-12,Mouse,Norte,Distribuidor,3.0,20.73,62.19
2024-05-20,Auriculares,Norte,Online,5.0,88.57,442.85
2025-09-17,Webcam,Sur,Tienda,1.0,66.94,66.94
2025-12-17,Mouse,Norte,Online,2.0,24.29,48.58
2025-04-06,Webcam,Centro,Tienda,2.0,63.92,127.84
2024-10-09,Mouse,Sur,Online,4.0,24.34,97.36
2025-03-07,Monitor,Oeste,Distribuidor,5.0,172.75,863.75
2024-06-03,Monitor,Sur,Online,2.0,226.29,452.58
2025-05-30,Mouse,Norte,Tienda,5.0,24.56,122.8
2025-11-09,Mouse,Sur,Online,3.0,25.5,76.5
2024-09-04,Auriculares,Centro,Online,1.0,93.14,93.14
2025-03-31,Webcam,Sur,Tienda,5.0,65.59,327.95
2024-12-06,Mouse,Sur,Distribuidor,2.0,21.04,42.08
2024-07-08,Webcam,Sur,Online,3.0,60.72,182.16
2025-08-30,Mouse,Este,Tienda,1.0,25.51,25.51
2025-11-03,Mouse,Norte,Tienda,3.0,24.4,73.2
2024-02-27,Webcam,Norte,Distribuidor,5.0,54.0,270.0
2025-07-19,Mouse,Oeste,Online,2.0,24.0,48.0
2024-03-13,Teclado,Centro,Distribuidor,4.0,37.54,150.16
2024-09-10,Mouse,Norte,Tienda,5.0,25.07,125.35
2024-12-02,Auriculares,Sur,Online,3.0,87.3,261.9
2024-11-27,Monitor,Sur,Tienda,2.0,205.88,411.76
2024-02-19,Auriculares,Norte,Tienda,1.0,93.54,93.54
2024-02-19,Webcam,Norte,Distribuidor,3.0,51.37,154.11
2024-02-02,Mouse,,Distribuidor,5.0,20.03,100.15
2025-11-16,Mouse,Norte,Tienda,1.0,24.83,24.83
,Mouse,Centro,Online,2.0,26.12,219.21
2024-03-30,Teclado,Sur,Online,1.0,45.22,45.22
2025-11-13,Monitor,Sur,Tienda,2.0,227.19,454.38
2024-02-03,Webcam,Sur,Online,4.0,63.35,253.4
2025-12-17,Teclado,Norte,Distribuidor,2.0,36.58,73.16
2024-12-26,Webcam,Norte,Online,1.0,61.7,61.7
2024-08-06,Webcam,Sur,Distribuidor,1.0,51.05,51.05
2025-12-29,Mouse,Oeste,Tienda,5.0,24.51,122.55
2024-12-22,Auriculares,Norte,Distribuidor,3.0,77.53,232.59
2024-08-31,Auriculares,Centro,Distribuidor,5.0,74.24,371.2
2024-11-07,Teclado,Oeste,Online,5.0,45.81,229.05
2025-03-18,Teclado,Norte,Distribuidor,4.0,35.65,142.6
2024-11-18,Mouse,Este,Distribuidor,4.0,20.85,83.4
2025-10-05,Auriculares,Norte,Online,5.0,89.37,446.85
2025-03-13,Teclado,Sur,Online,1.0,45.02,45.02
2024-11-15,Teclado,Oeste,Online,4.0,46.54,186.16
2025-10-23,Mouse,Este,Tienda,2.0,23.59,47.18
2024-08-23,Monitor,Oeste,Distribuidor,3.0,184.64,553.92
2024-07-21,Mouse,Este,Online,3.0,23.63,70.89
2025-04-29,Teclado,Norte,Online,4.0,43.43,173.72
2025-03-01,Auriculares,Sur,Distribuidor,4.0,72.89,291.56
2024-09-23,Mouse,Norte,Online,4.0,25.59,102.36
2024-09-24,Auriculares,Oeste,Online,1.0,90.93,90.93
2025-03-15,Mouse,Centro,Tienda,2.0,24.36,48.72
2025-08-20,Teclado,Centro,Tienda,2.0,44.0,88.0
2025-01-07,Auriculares,Centro,Online,4.0,85.82,343.28
2025-11-16,Teclado,Norte,Online,1.0,43.7,43.7
2024-04-16,Teclado,Centro,Tienda,5.0,44.87,224.35
2025-11-17,Mouse,Centro,Online,4.0,23.85,95.4
2024-09-16,Teclado,Norte,Distribuidor,3.0,35.86,107.58
2024-01-31,Webcam,Sur,Tienda,2.0,68.91,137.82
2025-03-02,Auriculares,Centro,Online,1.0,86.74,86.74
2024-12-18,Auriculares,Este,Tienda,1.0,87.92,87.92
2024-02-10,Teclado,Este,Online,1.0,43.5,43.5
2025-06-25,Mouse,Este,Online,2.0,24.85,49.7
2025-10-17,Mouse,Centro,Tienda,2.0,25.23,50.46
2025-12-13,Mouse,Sur,Tienda,5.0,25.66,128.3
2025-12-11,Mouse,Este,Online,3.0,25.51,76.53
,Auriculares,Oeste,Online,1.0,86.22,86.22
2025-11-14,Auriculares,Centro,Distribuidor,4.0,75.33,301.32
2024-11-24,Auriculares,Este,Online,3.0,89.93,269.79
2025-08-18,Mouse,Oeste,Online,1.0,24.32,24.32
2024-11-18,Auriculares,Norte,Online,1.0,88.91,88.91
2024-12-02,Auriculares,Sur,Tienda,1.0,89.11,89.11
,Mouse,Norte,Online,2.0,26.31,52.62
2024-12-30,Mouse,Norte,Online,1.0,25.19,25.19
2024-06-03,Mouse,Oeste,Tienda,3.0,24.71,74.13
2025-12-12,Auriculares,Norte,Tienda,4.0,93.56,374.24
2025-11-26,Monitor,Este,Distribuidor,3.0,183.17,623.68
2025-12-13,Mouse,Oeste,Online,2.0,25.41,50.82
2024-12-20,Mouse,Centro,Online,4.0,25.3,101.2
2025-10-01,Teclado,Este,Tienda,5.0,44.37,221.85
2024-12-19,Mouse,Oeste,Online,3.0,25.35,76.05
2024-08-13,Teclado,Norte,Online,4.0,46.21,184.84
2025-07-27,Mouse,Sur,Tienda,3.0,24.65,73.95
2025-03-22,Mouse,Este,Distribuidor,3.0,19.73,59.19
2024-02-06,Auriculares,Sur,Tienda,5.0,87.14,435.7
2025-08-01,Mouse,Sur,Tienda,4.0,23.86,95.44
2024-03-11,Monitor,Este,Distribuidor,2.0,183.41,366.82
2025-02-19,Mouse,Norte,Online,5.0,25.41,127.05
2025-06-12,Webcam,Norte,Tienda,5.0,61.61,308.05
2025-11-27,Mouse,Norte,Online,5.0,24.56,122.8
2025-10-29,Teclado,Norte,Online,5.0,46.42,232.1
2025-08-04,Webcam,Oeste,Online,4.0,63.23,252.92
2025-08-05,Auriculares,Oeste,Tienda,5.0,89.01,445.05
2025-01-04,Teclado,Oeste,Tienda,3.0,46.3,138.9
2025-09-02,Mouse,Oeste,Online,1.0,24.21,24.21
2024-12-15,Mouse,Norte,Tienda,3.0,24.01,72.03
2024-12-16,Teclado,Sur,Online,5.0,46.38,231.9
2025-06-05,Mouse,Sur,Online,1.0,23.62,23.62
2024-11-20,Mouse,Centro,Online,5.0,24.51,122.55
2024-11-24,Mouse,Centro,Distribuidor,1.0,20.93,20.93
2025-11-06,Teclado,Oeste,Distribuidor,4.0,36.47,145.88
2024-12-10,Teclado,Centro,Online,4.0,44.11,176.44
2024-11-27,Mouse,Sur,Tienda,3.0,25.93,77.79
2024-04-07,Monitor,Norte,Distribuidor,2.0,179.66,359.32
2025-05-15,Auriculares,Este,Online,4.0,87.45,349.8
2025-12-18,Webcam,Centro,Tienda,4.0,63.21,252.84
2025-03-31,Teclado,Centro,Online,3.0,47.27,571.41
2025-04-15,Teclado,Oeste,Online,3.0,48.9,146.7
2025-03-06,Teclado,Norte,Tienda,3.0,45.16,135.48
2025-06-22,Auriculares,Norte,Online,3.0,91.12,273.36
,Mouse,Este,Tienda,3.0,25.14,75.42
2025-01-11,Auriculares,Sur,Online,5.0,82.14,410.7
2025-12-11,Teclado,Norte,Online,4.0,45.69,182.76
2024-09-17,Mouse,Oeste,Online,4.0,24.86,99.44
2025-11-14,Mouse,Sur,Tienda,1.0,24.93,24.93
2025-03-03,Teclado,Oeste,Online,4.0,46.89,187.56
2025-10-13,Teclado,Este,Online,2.0,43.65,87.3
2024-11-04,Auriculares,Norte,Online,1.0,95.44,95.44
2025-01-26,Teclado,Norte,Distribuidor,4.0,38.1,152.4
2024-06-19,Auriculares,Centro,Tienda,4.0,85.1,340.4
2024-12-20,Webcam,Norte,Tienda,2.0,65.79,131.58
2025-06-25,Mouse,Este,Online,3.0,25.39,76.17
2024-11-06,Webcam,Este,Distribuidor,3.0,50.7,152.1
2025-07-22,Teclado,Norte,Online,1.0,44.12,44.12
2024-04-20,Mouse,Sur,Online,1.0,25.08,25.08
2024-03-24,Mouse,,Online,2.0,25.93,51.86
2024-09-06,Auriculares,Norte,Tienda,5.0,87.01,435.05
2025-08-14,Mouse,Oeste,Online,4.0,25.26,101.04
2025-04-08,Auriculares,Norte,Tienda,5.0,86.69,433.45
2024-11-30,Mouse,Oeste,Online,1.0,24.6,24.6
2025-04-30,Mouse,Norte,Online,3.0,24.47,73.41
2024-08-26,Mouse,Sur,Tienda,5.0,24.9,124.5
2025-02-01,Webcam,Oeste,Tienda,1.0,63.54,63.54
2024-12-07,Auriculares,Centro,Distribuidor,1.0,75.74,75.74
2025-09-21,Webcam,Centro,Tienda,4.0,65.48,261.92
2024-08-09,Monitor,Norte,Tienda,2.0,218.28,436.56
2025-12-13,Webcam,Norte,Tienda,4.0,64.16,256.64
2024-07-16,Monitor,Sur,Tienda,1.0,212.99,212.99
2025-07-13,Auriculares,Norte,Tienda,1.0,83.61,83.61
2025-08-19,Monitor,Oeste,Tienda,1.0,225.22,225.22
2024-03-15,Auriculares,Oeste,Online,2.0,91.13,182.26
2024-11-16,Monitor,Este,Distribuidor,3.0,188.17,564.51
2024-11-08,Teclado,Norte,Online,2.0,46.15,92.3
2025-11-10,Auriculares,Norte,Distribuidor,1.0,72.53,72.53
2025-10-04,Webcam,Oeste,Tienda,4.0,65.76,263.04
2025-12-03,Auriculares,Oeste,Tienda,4.0,87.83,351.32
2024-12-12,Webcam,Oeste,Distribuidor,5.0,50.97,254.85
2025-02-20,Auriculares,Norte,Online,1.0,86.0,86.0
2025-10-10,Teclado,Norte,Online,3.0,43.62,130.86
2025-10-29,Teclado,Oeste,Online,1.0,47.51,47.51
2025-08-08,Teclado,Centro,Online,3.0,45.89,137.67
2025-10-25,Teclado,Oeste,Online,3.0,44.54,133.62
2025-11-01,Teclado,Este,Online,1.0,45.33,45.33
2024-06-23,Mouse,Centro,Online,4.0,25.52,102.08
2025-08-10,Webcam,Centro,Tienda,1.0,62.76,62.76
2024-08-17,Mouse,Norte,Tienda,3.0,23.95,71.85
2024-05-06,Mouse,Centro,Tienda,4.0,25.55,102.2
2024-08-13,Auriculares,Oeste,Online,4.0,94.13,376.52
2024-07-11,Auriculares,Sur,Tienda,2.0,92.55,185.1
2024-12-15,Teclado,Sur,Tienda,1.0,45.54,45.54
2025-02-17,Webcam,Este,Tienda,5.0,62.79,313.95
2024-12-08,Mouse,Centro,Online,4.0,23.73,94.92
2024-06-24,Mouse,Norte,Tienda,3.0,25.39,76.17
2024-05-30,Webcam,Este,Online,1.0,65.37,65.37
2024-09-25,Teclado,Este,Distribuidor,2.0,35.94,71.88
2025-03-09,Auriculares,Este,Distribuidor,1.0,74.15,74.15
2025-11-02,Mouse,Sur,Online,3.0,25.66,76.98
2024-12-06,Monitor,Centro,Online,1.0,220.52,220.52
2025-11-06,Mouse,Oeste,Tienda,4.0,24.03,96.12
2025-12-03,Auriculares,Norte,Tienda,2.0,89.25,178.5
2024-08-03,Webcam,Norte,Tienda,4.0,66.38,265.52
2025-06-03,Teclado,Este,Tienda,1.0,44.46,44.46
2025-02-09,Auriculares,Norte,Online,2.0,88.63,177.26
2024-12-30,Mouse,Este,Distribuidor,4.0,20.57,82.28
2025-12-05,Teclado,Este,Tienda,4.0,45.98,183.92
2025-05-03,Auriculares,Centro,Online,2.0,88.66,177.32
2024-12-28,Teclado,Este,Online,5.0,46.29,231.45
2024-12-14,Auriculares,Norte,Distribuidor,1.0,72.52,72.52
2024-12-29,Auriculares,Sur,Tienda,3.0,89.59,268.77
2024-06-22,Webcam,Oeste,Online,5.0,64.24,321.2
2025-08-17,Auriculares,Norte,Tienda,5.0,91.98,459.9
2025-07-20,Mouse,Centro,Distribuidor,2.0,20.97,41.94
2024-11-24,Mouse,Este,Online,2.0,24.8,49.6
2025-08-07,Auriculares,Este,Online,3.0,96.66,289.98
2025-08-19,Auriculares,Sur,Tienda,4.0,91.25,365.0
2025-03-15,Mouse,Sur,Distribuidor,2.0,19.61,39.22
2024-04-22,Monitor,Oeste,Tienda,5.0,221.96,1109.8
2024-10-30,Auriculares,Centro,Online,5.0,94.83,474.15
2025-02-16,Monitor,Sur,Online,4.0,215.8,863.2
2024-04-17,Auriculares,Centro,Online,2.0,88.93,177.86
2025-07-20,Teclado,Norte,Tienda,2.0,47.57,95.14
2024-07-14,Mouse,Norte,Distribuidor,1.0,21.33,21.33
2025-07-03,Mouse,Oeste,Online,3.0,23.63,70.89
2024-12-13,Auriculares,Oeste,Tienda,3.0,90.06,270.18
2025-12-11,Auriculares,Sur,Distribuidor,2.0,73.26,146.52
2025-12-17,Webcam,,Tienda,4.0,63.51,254.04
2025-05-05,Auriculares,Oeste,Online,2.0,87.99,175.98
2025-09-23,Mouse,Norte,Tienda,4.0,26.41,105.64
2025-10-14,Monitor,Norte,Online,2.0,218.81,437.62
2025-04-03,Webcam,Sur,Online,4.0,64.28,257.12
2025-03-23,Auriculares,Norte,Online,2.0,85.43,170.86
2024-12-18,Mouse,Norte,Online,2.0,23.82,47.64
2024-11-23,Teclado,Sur,Tienda,5.0,45.57,227.85
2024-05-17,Mouse,Norte,Tienda,3.0,24.92,74.76
2024-03-06,Teclado,Este,Online,2.0,47.43,94.86
2024-07-30,Mouse,Norte,Tienda,3.0,24.82,74.46
2025-11-23,Webcam,Norte,Online,2.0,63.37,126.74
,Webcam,Centro,Online,4.0,63.81,255.24
2024-12-24,Auriculares,Sur,Online,5.0,90.28,451.4
2024-12-21,Mouse,Este,Tienda,2.0,23.36,46.72
2025-12-10,Auriculares,Sur,Distribuidor,1.0,74.49,74.49
2024-08-04,Teclado,Centro,Online,2.0,46.64,93.28
2025-11-28,Mouse,Sur,Online,2.0,23.53,47.06
2025-06-25,Auriculares,Sur,Online,2.0,90.02,180.04
2024-10-27,Monitor,Norte,Online,2.0,216.3,432.6
2024-07-13,Auriculares,Sur,Tienda,3.0,90.46,271.38
2024-10-23,Teclado,Oeste,Tienda,3.0,44.96,134.88
2024-04-06,Auriculares,Sur,Tienda,5.0,92.61,463.05
2025-05-29,Auriculares,Sur,Tienda,3.0,92.48,277.44
2024-11-08,Auriculares,Norte,Online,5.0,90.3,451.5
2024-10-11,Monitor,Norte,Online,1.0,209.87,209.87
2024-08-16,Auriculares,Norte,Distribuidor,1.0,73.4,73.4
2024-10-13,Auriculares,Sur,Distribuidor,3.0,71.08,213.24
2025-04-01,Mouse,Centro,Distribuidor,2.0,20.22,40.44
2024-06-16,Teclado,,Online,5.0,46.53,232.65
2025-11-19,Monitor,Este,Online,4.0,223.74,894.96
2025-01-29,Auriculares,Oeste,Tienda,2.0,90.08,180.16
2024-02-07,Teclado,Este,Online,2.0,46.02,92.04
2024-06-05,Teclado,Norte,Tienda,5.0,45.24,226.2
2024-11-07,Auriculares,Centro,Online,5.0,93.05,465.25
2024-05-06,Teclado,Oeste,Online,3.0,44.97,134.91
2025-09-19,Mouse,Oeste,Online,2.0,24.67,49.34
2025-05-02,Teclado,Norte,Online,3.0,43.21,129.63
2024-02-02,Auriculares,Sur,Online,5.0,90.52,452.6
2024-09-17,Monitor,Norte,Online,3.0,225.16,675.48
2024-12-31,Teclado,Oeste,Distribuidor,3.0,36.83,110.49
2024-08-02,Auriculares,Centro,Online,5.0,91.25,456.25
2024-11-16,Mouse,Sur,Online,2.0,24.15,48.3
2024-12-09,Teclado,Oeste,Online,2.0,45.46,90.92
2025-02-08,Webcam,Centro,Tienda,1.0,65.68,65.68
2024-03-12,Auriculares,Norte,Online,2.0,87.97,175.94
2025-12-31,Mouse,Este,Online,5.0,23.89,119.45
2024-10-08,Auriculares,Este,Online,3.0,94.03,282.09
2024-10-24,Teclado,Norte,Online,4.0,43.86,175.44
2024-08-09,Monitor,Este,Tienda,5.0,213.36,1066.8
2024-11-09,Mouse,Norte,Online,4.0,24.91,99.64
2025-10-19,Auriculares,Norte,Online,2.0,88.77,177.54
2025-11-23,Monitor,Sur,Online,5.0,221.11,1105.55
2024-03-12,Monitor,Oeste,Distribuidor,2.0,174.21,348.42
2024-01-02,Auriculares,Oeste,Tienda,5.0,89.02,445.1
2024-03-14,Auriculares,Oeste,Distribuidor,1.0,74.83,74.83
2025-12-27,Mouse,Norte,Online,4.0,25.02,100.08
2025-09-03,Teclado,Norte,Online,3.0,46.16,138.48
2024-01-06,Webcam,Norte,Online,3.0,66.04,198.12
2025-11-17,Auriculares,Norte,Online,1.0,87.0,87.0
2025-02-14,Auriculares,Centro,Online,2.0,90.82,181.64
2024-12-28,Monitor,Norte,Tienda,1.0,225.89,225.89
2025-03-07,Mouse,Norte,Online,1.0,24.76,24.76
2025-03-25,Monitor,Norte,Online,1.0,215.22,215.22
2025-04-30,Teclado,Norte,Online,2.0,45.75,91.5
2024-07-12,Teclado,Sur,Online,3.0,46.25,138.75
2024-10-30,Mouse,Norte,Tienda,5.0,24.9,124.5
2024-11-02,Webcam,Norte,Online,3.0,60.42,181.26
2024-01-16,Monitor,Centro,Tienda,1.0,213.88,213.88
2024-03-17,Auriculares,Norte,Tienda,5.0,94.62,473.1
2024-12-13,Auriculares,Sur,Tienda,3.0,91.75,275.25
2024-11-25,Auriculares,Centro,Online,4.0,92.99,371.96
2025-03-07,Auriculares,Centro,Online,2.0,89.9,179.8
2024-01-03,Teclado,Centro,Distribuidor,4.0,35.31,141.24
2025-04-25,Mouse,Centro,Tienda,5.0,25.41,127.05
2024-12-09,Mouse,Oeste,Online,1.0,25.7,25.7
2025-08-12,Webcam,Sur,Online,2.0,66.12,132.24
2024-11-30,Mouse,Centro,Distribuidor,3.0,20.17,60.51
2024-12-07,Monitor,Centro,Online,3.0,208.23,624.69
2024-05-12,Teclado,Centro,Distribuidor,1.0,36.77,36.77
2025-12-27,Mouse,Oeste,Tienda,5.0,25.44,127.2
2025-10-09,Teclado,Este,Online,2.0,46.0,92.0
2025-04-19,Mouse,Este,Tienda,1.0,24.89,24.89
2025-11-18,Teclado,Sur,Tienda,3.0,44.56,133.68
,Monitor,Norte,Distribuidor,4.0,191.35,765.4
2025-11-14,Mouse,Este,Tienda,4.0,26.26,105.04
2025-11-16,Teclado,Este,Online,1.0,45.35,45.35
2024-11-28,Auriculares,Norte,Online,1.0,87.83,87.83
2025-04-29,Teclado,Sur,Online,5.0,46.25,231.25
2025-12-28,Mouse,Norte,Online,5.0,24.26,121.3
2025-01-31,Mouse,Norte,Tienda,2.0,24.71,49.42
2025-12-27,Auriculares,Este,Distribuidor,3.0,71.33,213.99
2025-03-12,Teclado,Centro,Online,4.0,44.59,178.36
2025-09-11,Monitor,Oeste,Tienda,5.0,226.18,1130.9
,Mouse,Centro,Online,5.0,23.77,118.85
2025-12-07,Mouse,Centro,Distribuidor,2.0,21.64,43.28
2024-05-29,Webcam,Centro,Tienda,4.0,66.98,267.92
2024-03-10,Auriculares,Norte,Distribuidor,1.0,76.17,76.17
2025-09-30,Auriculares,Centro,Distribuidor,1.0,74.69,74.69
2025-12-27,Teclado,Norte,Online,4.0,46.47,185.88
2024-04-04,Auriculares,Sur,Online,4.0,91.13,364.52
2025-09-23,Monitor,Oeste,Online,4.0,228.07,912.28
2024-11-11,Mouse,Sur,Tienda,4.0,24.62,98.48
2025-11-24,Mouse,Oeste,Online,3.0,25.19,75.57
2025-12-02,Monitor,Centro,Tienda,3.0,221.49,116.84
2024-12-23,Teclado,Centro,Tienda,4.0,42.76,171.04
2024-09-12,Webcam,Sur,Tienda,3.0,67.57,202.71
2025-11-29,Auriculares,Este,Distribuidor,5.0,71.2,356.0
2024-09-15,Mouse,Oeste,Online,1.0,25.94,25.94
2024-09-21,Auriculares,Oeste,Online,4.0,92.25,369.0
2025-11-01,Mouse,Centro,Online,2.0,24.74,49.48
2024-04-29,Mouse,Oeste,Tienda,5.0,25.3,126.5
2024-08-14,Auriculares,Sur,Online,4.0,87.72,350.88
2024-12-02,Auriculares,Este,Distribuidor,5.0,77.65,388.25
2024-05-21,Auriculares,Oeste,Online,1.0,87.77,87.77
2025-06-08,Teclado,Centro,Distribuidor,4.0,36.09,144.36
2025-06-28,Mouse,Este,Online,3.0,25.66,76.98
2024-11-20,Auriculares,Norte,Tienda,1.0,91.05,91.05
2025-02-05,Mouse,Este,Online,3.0,26.73,385.23
2025-12-15,Auriculares,Centro,Online,5.0,93.3,466.5
2025-01-03,Mouse,Norte,Tienda,5.0,23.98,119.9
2025-05-01,Auriculares,Oeste,Online,3.0,89.34,268.02
2025-05-14,Auriculares,Oeste,Tienda,3.0,84.26,252.78
2024-04-11,Mouse,Sur,Tienda,3.0,24.9,74.7
2025-12-24,Auriculares,Norte,Online,2.0,84.75,169.5
2025-01-24,Webcam,Oeste,Tienda,4.0,61.16,244.64
2025-12-06,Teclado,Centro,Online,4.0,46.21,184.84
2025-11-13,Mouse,Norte,Online,5.0,25.06,125.3
2024-12-25,Mouse,Sur,Online,4.0,24.86,99.44
,Webcam,Norte,Tienda,4.0,65.89,263.56
2024-11-25,Auriculares,Centro,Tienda,5.0,87.71,438.55
2024-07-11,Auriculares,Centro,Distribuidor,2.0,71.79,143.58
2025-10-21,Mouse,Sur,Online,5.0,24.59,122.95
2025-12-28,Monitor,Este,Online,2.0,218.68,437.36
2024-01-04,Webcam,Norte,Online,4.0,64.61,258.44
2025-01-01,Auriculares,Norte,Tienda,3.0,89.47,268.41
2025-02-24,Mouse,Centro,Online,3.0,26.67,80.01
2024-08-05,Monitor,,Tienda,4.0,224.94,899.76
2025-11-27,Auriculares,Este,Online,3.0,89.25,267.75
2024-11-12,Mouse,Centro,Online,1.0,25.68,25.68
2025-06-17,Webcam,Oeste,Online,1.0,61.28,61.28
2024-02-27,Monitor,Centro,Online,1.0,207.95,207.95
2024-08-23,Teclado,Norte,Tienda,1.0,47.3,47.3
2025-12-23,Mouse,Sur,Online,3.0,25.14,75.42
2025-05-22,Teclado,Oeste,Distribuidor,3.0,37.88,113.64
2025-01-06,Mouse,Oeste,Tienda,1.0,24.29,24.29
2025-11-21,Teclado,Oeste,Distribuidor,1.0,39.84,39.84
2025-12-11,Webcam,Este,Tienda,4.0,61.96,247.84
2025-09-10,Webcam,Centro,Online,1.0,65.24,65.24
2024-10-20,Teclado,Sur,Tienda,1.0,45.03,45.03
2025-11-01,Auriculares,Sur,Online,4.0,88.95,355.8
2024-12-02,Mouse,Norte,Tienda,5.0,24.87,124.35
2025-02-24,Teclado,Norte,Online,1.0,44.08,44.08
2025-07-15,Monitor,Este,Online,1.0,223.7,223.7
2025-05-21,Teclado,Norte,Online,5.0,46.02,230.1
2025-11-09,Mouse,Norte,Online,3.0,25.98,77.94
2025-07-31,Teclado,Centro,Online,1.0,46.85,46.85
2024-12-13,Teclado,Oeste,Distribuidor,2.0,37.4,74.8
2025-04-30,Mouse,Norte,Tienda,1.0,26.23,26.23
2025-06-11,Webcam,Norte,Online,,,269.28
2025-11-24,Mouse,Norte,Online,4.0,24.84,99.36
2025-12-17,Mouse,Sur,Online,5.0,24.71,123.55
2025-09-17,Mouse,Centro,Distribuidor,4.0,20.59,82.36
2024-02-21,Mouse,Norte,Tienda,1.0,24.28,24.28
2025-05-25,Auriculares,Oeste,Tienda,4.0,83.3,333.2
2025-11-26,Mouse,Sur,Online,2.0,24.14,48.28
2024-11-14,Auriculares,Oeste,Online,3.0,93.36,280.08
2025-01-07,Teclado,Norte,Tienda,3.0,44.31,132.93
2025-11-06,Mouse,Norte,Tienda,3.0,25.16,75.48
2024-12-17,Monitor,Centro,Online,2.0,230.22,460.44
2025-05-06,Mouse,Norte,Online,3.0,25.35,76.05
2025-06-03,Auriculares,Oeste,Online,1.0,87.8,87.8
2025-11-11,Auriculares,Norte,Online,2.0,89.77,179.54
2025-03-20,Teclado,Sur,Online,2.0,47.74,95.48
2025-09-05,Monitor,Centro,Tienda,1.0,229.13,229.13
2024-12-30,Auriculares,Centro,Online,3.0,87.56,262.68
2024-10-02,Monitor,Sur,Tienda,2.0,214.81,429.62
2024-08-25,Auriculares,Este,Distribuidor,2.0,75.0,150.0
2025-11-25,Monitor,Este,Tienda,1.0,205.99,205.99
2025-12-10,Auriculares,Norte,Online,2.0,90.5,181.0
2024-05-21,Monitor,Norte,Online,1.0,228.78,228.78
2025-03-12,Teclado,Norte,Online,4.0,44.14,176.56
2024-08-03,Mouse,Oeste,Online,5.0,25.28,126.4
2024-10-31,Teclado,Sur,Tienda,3.0,45.46,136.38
2025-01-07,Mouse,Centro,Tienda,2.0,24.85,49.7
2025-11-11,Teclado,Centro,Tienda,2.0,45.03,90.06
2024-03-19,Auriculares,Centro,Tienda,1.0,89.42,89.42
2024-12-29,Monitor,Centro,Distribuidor,1.0,178.29,178.29
2024-03-18,Webcam,Norte,Distribuidor,2.0,51.7,103.4
2024-08-04,Monitor,Sur,Online,,,427.72
2025-03-16,Auriculares,Norte,Tienda,4.0,88.55,354.2
2025-03-07,Teclado,Este,Tienda,4.0,43.72,174.88
2024-03-23,Monitor,Sur,Online,3.0,222.13,666.39
2025-08-12,Webcam,Sur,Distribuidor,4.0,53.89,215.56
2025-01-22,Teclado,Norte,Tienda,1.0,45.43,45.43
2024-12-01,Teclado,Oeste,Online,5.0,43.97,219.85
2025-09-07,Auriculares,Este,Online,1.0,91.82,91.82
2025-06-15,Mouse,Este,Distribuidor,3.0,21.03,63.09
2024-03-22,Monitor,Este,Online,5.0,223.73,1118.65
2025-09-23,Mouse,Sur,Tienda,1.0,24.91,24.91
2025-10-03,Monitor,Sur,Tienda,3.0,210.7,632.1
2024-05-22,Teclado,Este,Distribuidor,1.0,39.55,39.55
2024-07-20,Mouse,Oeste,Distribuidor,5.0,20.36,101.8
2025-12-22,Mouse,Sur,Distribuidor,5.0,20.25,101.25
2024-12-07,Mouse,Norte,Distribuidor,4.0,20.73,82.92
2025-12-28,Teclado,Oeste,Tienda,2.0,44.44,88.88
2024-09-15,Auriculares,Este,Online,1.0,87.72,87.72
2024-10-08,Mouse,Oeste,Online,1.0,26.38,26.38
2024-12-16,Mouse,Este,Distribuidor,5.0,20.39,101.95
2024-12-17,Auriculares,Norte,Online,2.0,82.99,165.98
2025-05-11,Monitor,Oeste,Online,3.0,207.1,621.3
2025-12-28,Monitor,Oeste,Online,5.0,212.62,1063.1
2024-12-05,Monitor,Centro,Tienda,1.0,215.64,215.64
2025-12-29,Auriculares,Centro,Online,2.0,86.9,173.8
2024-03-10,Mouse,Norte,Online,1.0,24.01,24.01
2025-11-05,Monitor,Este,Tienda,2.0,228.48,456.96
2025-06-07,Teclado,Este,Tienda,4.0,46.92,507.67
2024-12-06,Auriculares,Oeste,Online,5.0,94.71,473.55
2024-03-01,Mouse,Este,Online,1.0,24.48,24.48
2024-11-14,Mouse,Este,Online,1.0,24.77,24.77
2024-01-18,Mouse,Sur,Tienda,1.0,24.09,24.09
2025-04-03,Mouse,Oeste,Online,5.0,25.06,125.3
2024-02-08,Webcam,Norte,Online,4.0,61.35,245.4
2024-04-24,Mouse,Sur,Distribuidor,5.0,20.41,102.05
2024-12-25,Auriculares,Norte,Tienda,3.0,90.59,271.77
2024-06-23,Teclado,Sur,Distribuidor,3.0,35.23,105.69
2025-03-08,Auriculares,Sur,Online,3.0,92.17,276.51
2024-02-25,Auriculares,Este,Online,5.0,88.53,442.65
2024-08-24,Mouse,Este,Tienda,4.0,25.01,100.04
2025-10-25,Webcam,Sur,Online,3.0,64.72,194.16
2025-02-08,Auriculares,Sur,Online,5.0,85.57,427.85
2024-03-03,Auriculares,Centro,Online,1.0,92.41,92.41
2025-12-14,Monitor,Centro,Distribuidor,5.0,186.75,933.75
2024-06-05,Teclado,Sur,Tienda,2.0,45.97,91.94
2025-07-09,Mouse,Centro,Tienda,3.0,24.29,72.87
2025-04-25,Teclado,Norte,Tienda,3.0,45.75,137.25
2025-12-09,Webcam,Este,Online,2.0,64.59,129.18
2024-04-11,Teclado,Oeste,Online,5.0,44.18,220.9
2024-05-22,Webcam,Norte,Tienda,4.0,64.51,258.04
2025-12-08,Auriculares,Norte,Tienda,3.0,93.5,280.5
2025-08-07,Teclado,Sur,Online,2.0,46.71,93.42
2025-11-18,Mouse,Norte,Online,2.0,25.69,51.38
2024-09-27,Auriculares,Este,Online,4.0,93.48,373.92
2024-08-18,Auriculares,Norte,Online,2.0,94.09,188.18
2025-11-01,Mouse,Este,Online,4.0,23.95,95.8
2025-12-01,Teclado,Centro,Distribuidor,2.0,35.82,71.64
2025-12-02,Teclado,Centro,Distribuidor,1.0,37.84,37.84
2024-12-16,Mouse,Centro,Online,3.0,25.31,75.93
2025-03-22,Auriculares,Este,Distribuidor,4.0,77.05,308.2
,Teclado,Sur,Distribuidor,5.0,36.43,859.61
2025-01-06,Auriculares,Norte,Tienda,2.0,91.79,183.58
2024-07-18,Auriculares,Oeste,Online,3.0,87.12,261.36
2025-02-09,Mouse,Sur,Online,2.0,24.24,48.48
2024-04-08,Mouse,Norte,Tienda,5.0,25.32,126.6
2024-07-05,Teclado,Este,Online,3.0,45.87,137.61
2024-01-18,Teclado,Norte,Online,3.0,42.8,128.4
2025-12-04,Mouse,Norte,Online,4.0,25.76,103.04
2024-11-11,Mouse,Oeste,Online,3.0,23.97,71.91
2024-12-19,Teclado,Oeste,Online,4.0,46.04,184.16
2025-10-12,Teclado,Norte,Online,3.0,45.69,137.07
2024-01-12,Teclado,Sur,Online,5.0,45.01,225.05
2024-07-06,Teclado,Centro,Online,1.0,43.64,43.64
2025-06-03,Monitor,Este,Online,5.0,218.36,1091.8
,Webcam,Este,Distribuidor,3.0,50.36,151.08
2025-04-13,Teclado,Norte,Online,4.0,46.13,184.52
2024-12-04,Monitor,Oeste,Tienda,3.0,230.99,692.97
2024-10-18,Webcam,Este,Online,3.0,64.47,193.41
2024-02-03,Teclado,Sur,Online,1.0,45.5,45.5
2025-07-25,Webcam,Centro,Online,3.0,62.11,186.33
2025-07-13,Webcam,Centro,Tienda,1.0,62.8,62.8
2024-07-03,Teclado,Norte,Online,1.0,43.81,43.81
2025-08-29,Auriculares,Centro,Online,5.0,92.08,460.4
2025-04-23,Teclado,Oeste,Distribuidor,4.0,37.08,148.32
2024-12-08,Webcam,Oeste,Online,3.0,61.54,184.62
2024-03-16,Teclado,Norte,Online,1.0,44.47,44.47
2024-10-11,Teclado,Oeste,Distribuidor,3.0,39.6,118.8
2024-09-28,Teclado,Centro,Tienda,4.0,44.36,177.44
2024-07-04,Mouse,Oeste,Tienda,1.0,25.37,25.37
2024-03-30,Teclado,Este,Online,4.0,47.55,190.2
2025-08-31,Auriculares,Norte,Online,4.0,90.42,361.68
2024-10-01,Monitor,Centro,Online,4.0,216.14,864.56
2025-12-23,Teclado,Centro,Tienda,1.0,47.95,47.95
2024-11-03,Mouse,Centro,Online,2.0,25.03,50.06
2025-12-13,Mouse,Centro,Online,5.0,25.49,127.45
2025-09-25,Monitor,Sur,Tienda,1.0,209.02,209.02
2025-11-20,Auriculares,Sur,Distribuidor,5.0,73.92,369.6
2025-03-19,Auriculares,Sur,Online,3.0,88.27,264.81
2025-07-31,Teclado,,Online,5.0,45.66,228.3
2024-04-14,Teclado,Sur,Tienda,2.0,45.84,91.68
2024-11-13,Teclado,Este,Tienda,3.0,43.77,131.31
2024-09-13,Mouse,Centro,Tienda,3.0,24.7,74.1
2025-10-23,Mouse,Este,Online,2.0,24.41,48.82
2025-07-09,Teclado,Centro,Tienda,2.0,45.49,90.98
2025-12-04,Teclado,Este,Tienda,4.0,46.51,186.04
2025-05-25,Teclado,Centro,Tienda,2.0,45.36,90.72
2025-10-26,Teclado,Centro,Online,2.0,45.12,90.24
2024-11-05,Auriculares,Este,Tienda,1.0,87.81,87.81
2024-08-05,Mouse,Centro,Tienda,5.0,23.83,119.15
2025-05-17,Auriculares,Oeste,Online,2.0,92.01,184.02
2024-05-15,Mouse,Norte,Online,4.0,25.41,101.64
2024-10-12,Auriculares,Sur,Tienda,4.0,84.77,339.08
