Fecha,Producto ,region,Canal,unidades_vendidas,Precio Unitario,ingreso
2025-10-03,Teclado,Norte,TIENDA,3,43.95,"€131,85"
05/12/2024,Monitor,Centro,Distribuidor,3,,"547,35"
2025-02-07,Mouse,Este,Tienda,5,24.48,"122,40"
09/07/2024,Monitor,Centro,Tienda,2,219.98,"439,96 €"
2024-03-27,Mouse,Este,Online,4,25.64,"102,56 €"
2025-07-16,Auriculares,Centro,Tienda,1,91.96,"91,96 €"
,Teclado,Oeste,Online,3,46.3,"138,90"
2025-10-14,Mouse,Norte,TIENDA,4,25.74,"102,96 €"
2024-10-25,Teclado,OESTE,Online,3,46.78,"€140,34"
2024-07-28,Mouse,Norte,distribuidor,4,21.22,"84,88 €"
2025-03-09,Webcam,Oeste,Online,3,68.19,"204,57 €"
2025-01-30,Teclado,Norte,Online,9647,,"218,30 €"
2024-04-09,Monitor,Norte,Tienda,2,221.61,"443,22"
2024-04-16,Teclado,Sur,on-line,3,45.39,"136,17"
2024-07-17,Webcam,Norte,Tienda,2,58.82,"117,64"
2025-12-21,Teclado,Oeste,Tienda,3,45.88,"137,64"
2024-04-12,Mouse,Centro,ONLINE,4,26.03,"104,12 €"
2024-10-30,Mouse,Norte,Online,4,24.87,"99,48 €"
2025-01-09,Webcam,Centro,Tienda,2,61.89,"123,78"
2024-06-22,Auriculares,Norte,Tienda,2,89.68,"179,36"
2025-10-08,Monitor,Este,Online,3,195.45,"586,35"
2025-12-15,Teclado,Este,TIENDA,5,43.72,"218,60"
01/10/2024,MONITOR,  Sur ,Tienda,3,204.78,"614,34"
,Mouse,centro,Distribuidor,1,21.02,"21,02"
2025-09-19,Monitor,Norte,Distrib.,5,184.44,"922,20"
2024-08-07,Webcam,Norte,Tienda,1,66.56,"66,56 €"
2024-05-31,Monitor,Oeste,Online,1,217.8,"217,80 €"
2025-06-15,Mouse,Sur,Distribuidor,4,21.35,"85,40 €"
2025-04-23,Mouse,Centro,Tienda,1,26.25,"26,25 €"
2024-07-04,Auriculares,CENTRO,Tienda física,N/A,89.82,"179,64"
2024-09-01,Teclado,ESTE,Online,5,45.55,"227,75"
2025-04-04,Webcam,Norte,Online,5,68.02,"340,10"
2025-11-04,Auriculares,Centro,Distribuidor,4,76.3,"305,20 €"
24/09/2025,Webcam,Oeste,Online,5,62.45,"312,25"
2025-04-15,Auriculares,Sur,Online,4,88.7,"354,80"
2025-11-20,Monitor,Norte,Online ,3,223.23,"669,69"
2025-04-06,Mouse,Centro,Online,4,24.79,"99,16 €"
2024-07-06,Webcam,Centro,Online,2,61.02,"€122,04"
2025-04-01,Mouse,Norte,Online,5,25.18,"125,90 €"
2025-07-30,Auriculares,Norte,Tienda,5,NULL,"464,80 €"
08-13-2025,Monitor,Oeste,Online,,212.04,"848,16 €"
2025-03-19,Mouse,Oeste,Tienda,1,23.73,"€23,73"
2024-11-25,Auriculares,Oeste,Online,5,85.29,"325,45"
2025-09-17,Auriculares,Oeste,Tienda,7416,91.55,"274,65"
2024-06-18,Mouse,Norte,Tienda,4,25.35,"101,40 €"
2025-12-24,MOUSE,Norte,Online,1,23.47,"23,47"
2024-11-28,Mouse,Sur,Tienda,2,24.86,"49,72"
2024-11-13,Teclado,Este,Online,3,45.86,"137,58 €"
2024-09-10,Monitor,Este,Tienda,3,209.55,"628,65"
2025-11-18,Teclado,Norte,Online,4,46.42,"185,68 €"
2024-11-16,Webcam,Sur,Online,1,64.41,"64,41"
2025-01-18,Webcam,Este,Distribuidor,2,50.31,"100,62 €"
2025-12-30,Teclado,Este,Online,1,NULL,"45,41"
2024-03-08,WEBCAM,Este,Distribuidor,5,54.87,"274,35"
2025-05-23,Auriculares,Centro,Tienda,3,88.05,"264,15"
2024-07-02,TECLADO,Sur,Tienda,5,46.44,"232,20"
2024-04-18,Mouse,Norte,on-line,5,24.81,"124,05"
2025-06-20,Monitor,Oeste,Tienda,5,204.97,"1.024,85 €"
2025-06-29,Mouse,Este,Tienda,3,25.56,"76,68 €"
30/09/2024,Mouse,Este,Online,1,26.18,"26,18"
2025-11-25,Auriculares,Norte,Online,1,88.71,"88,71"
2025-12-14,Auriculares,NORTE,Online,3,85.84,"257,52"
2025-06-30,Webcam,Norte,Distribuidor,3,53.62,"160,86"
2025-12-10,Monitor,Oeste,Distribuidor,2,181.94,"363,88"
2025-09-09,Mouse,Norte,Online,3,24.73,"74,19 €"
2024-09-19,Auriculares,desconocida,Distrib.,3,74.37,"223,11"
2024-07-29,Webcam,Oeste,online,3,63.07,"189,21"
2024-11-25,AURICULARES,Sur,Online ,2,90.29,"180,58"
2025-03-02,Monitor,Norte,Online,5,233.53,"1.167,65 €"
2025-10-06,MOUSE,Norte,Online,2,24.01,"48,02"
2025-12-09,Mouse,  Este ,Online,5,24.52,"122,60 €"
23/04/2024,Auriculares,Centro,Tienda,1,90.66,"90,66"
2024-06-11,Auriculares,Oeste,Online,4,92.26,"369,04 €"
2025-11-08,Teclado,Centro,Tienda,3,44.82,"134,46"
2025-11-22, Webcam,Norte,Online,4,62.78,"251,12"
2024-11-09,Mouse,Norte,Online,5,25.33,"€126,65"
2024-10-13,Auriculares,Oeste,ONLINE,4,90.52,"362,08 €"
2025-12-06,Auriculares,ESTE,Distribuidor,2,77.85,"155,70"
2024-12-11,Teclado,Norte,Tienda,2,45.69,"91,38"
2025-05-09,Auriculares,Norte,Online,3,89.93,"269,79 €"
2025-04-21,Auriculares,,Tienda,1,86.77,"86,77"
2025-12-02,Webcam,centro,online,4,65.24,"260,96"
2024-06-07,Mouse,Sur,Online,4,24.7,"98,80"
2025-12-30,Webcam,Centro,Distrib.,5,55.52,"277,60"
2025-08-17,Teclado,Sur,Online,3,47.28,"141,84 €"
28/07/2024,Monitor,Centro,Distrib.,2,178.39,"356,78 €"
2024-12-21,Auriculares,NORTE,Online,5,92.04,"460,20 €"
2024-12-13,Mouse,Oeste,Online,4,25.2,"100,80"
17/03/2024,Teclado,Sur,Tienda,3,46.67,"140,01 €"
2025-09-08,Auriculares,Oeste,Tienda,2,86.11,"172,22 €"
2025-11-19,Webcam,Norte,Online,3,65.88,"197,64"
2024-11-21,Auriculares,  Centro ,Online,3,89.89,"269,67"
2024-03-06,Mouse,Centro,Online,1,NULL,"839,56"
2025-12-26,Webcam,Oeste,Tienda,1,64.85,"64,85"
2025-11-24,Auriculares,Norte,Tienda,1,90.15,"90,15"
2025-08-04,MOUSE,Sur,Online,1,25.46,"25,46 €"
2024-02-04,Mouse,Este,Tienda,4,25.62,"102,48"
2024-11-05,Auriculares,Sur,Tienda,2,91.72,"183,44"
24/06/2024,Mouse,Este,Online,5,24.41,"122,05"
2024-06-03,Mouse,oeste,Online,1,26.07,"26,07 €"
2025-11-09,Mouse,Norte,Online,4,24.45,"97,80"
2024-12-21,Monitor,Este,Online,3,221.57,"664,71 €"
2024-09-03,Auriculares,NORTE,Online,5,92.87,"464,35 €"
2025-06-28,Teclado,Centro,Online,2,45.63,"91,26"
2024-10-25,Teclado,Este,TIENDA,2,46.32,"92,64"
2024-12-22,Mouse,NORTE,Online,3,25.07,"75,21 €"
2024-12-07,Teclado,CENTRO,Online,5,46.68,"€233,40"
2025-09-26,Monitor,Norte,Distribuidor,5,169.49,"847,45 €"
2024-12-26,Auriculares,Este,Online,1,90.16,"90,16"
2024-11-03,Auriculares,Este,tienda,2,89.68,"179,36"
2024-05-11,Mouse,Sur,Online,2,25.3,"50,60"
2025-11-25,Auriculares,Oeste,Tienda,2,91.21,"182,42"
2025-11-23,Auriculares,Oeste,Distribuidor,2,72.82,"145,64"
2025-02-17,Mouse,Oeste,Online,3,25.46,"76,38"
2024-12-13,Auriculares,Centro,Online,5,85.75,"428,75"
2024-05-24, Mouse,  Centro ,Distribuidor,null,21.28,"€106,40 €"
2025-10-25,Mouse,Oeste,Tienda,3,25.31,"75,93"
2025-03-29,Auriculares,Norte,Tienda,2,92.1,"184,20"
2024-06-11,Auriculares,Norte,Online,5,88.62,"443,10"
2024-01-19,Mouse,Este,Online,2,24.87,"49,74"
2024-12-01,Monitor,NORTE,online,4,225.87,"314,95"
11-03-2025,Teclado,  Norte ,Online,3,44.16,"132,48"
2024-04-01,Mouse,  Sur ,Tienda,8372,23.95,"23,95 €"
2024-04-18,Teclado,Norte,Tienda,1,46.24,"46,24"
2025-03-21,Teclado,Norte,Tienda Fisica,1,45.17,"45,17"
2024-12-03,Teclado,Norte,Distribuidor,1,37.42,"37,42"
2024-02-23,Teclado,Este,Online,1,47.66,"47,66"
2025-12-19,Mouse,Oeste,Online,5,25.58,"127,90 €"
2024-11-01,Teclado,Norte,Tienda,2,43.12,"86,24"
2024-05-23,Monitor,Oeste,Tienda,N/A,216.9,"650,70"
2025-03-23,Webcam,Centro,Online,3,64.47,"€193,41"
2024-09-22,Monitor,Sur,Tienda,3,216.54,"649,62 €"
2024-11-20,Auriculares,Norte,Tienda,1,86.49,"86,49"
2025-09-05,Monitor,Centro,Online,3,208.54,"625,62 €"
2024-04-11,Mouse,Oeste,Online,1,24.79,"24,79"
2024-12-19,Teclado,Sur,Distribuidor,1,35.04,"35,04 €"
2024-10-31, Webcam,Oeste,Tienda,2,63.59,"127,18 €"
2025-12-16,Teclado,Sur,Distribuidor,2,39.71,"79,42"
2025-07-13,Auriculares,Norte,Distribuidor,2,77.81,"155,62"
2024-11-17,Teclado,Centro,Distribuidor,4,37.94,"151,76"
2024-09-12,Monitor,Norte,Online,4,NULL,"913,28"
2024-12-24,Webcam,Oeste,online,5,63.57,"317,85"
2024-05-10,Mouse,  Norte ,Distribuidor,4,21.27,"85,08"
2025-11-15,Mouse,Centro,Online,4,25.52,"102,08 €"
2024-06-04,Mouse,Norte,Online,4,26.16,"104,64 €"
2024-05-25,Mouse,Este,Online,3,25.91,"77,73 €"
2024-04-11,Monitor,Norte,Online,3,n/a,"651,21"
2025-12-25,Teclado,Sur,online,4,45.48,"181,92 €"
,Teclado,Oeste,Online,N/A,45.88,"229,40"
2024-09-18,Mouse,Norte,Tienda,5,24.59,"122,95"
18/04/2025,Mouse,CENTRO,ONLINE,1,24.28,"24,28 €"
2025-03-29,Mouse,Sur,Distribuidor,1,19.41,"19,41"
2024-09-18,Mouse,NORTE,Distribuidor,3,21.35,"64,05 €"
2025-02-03,Auriculares,Norte,Distribuidor,1,73.37,"€73,37"
2025-02-11,Mouse,Norte,Tienda,5,24.86,"124,30"
2025-03-14,Mouse,Oeste,Online,1,24.85,"24,85"
2025-11-08, Auriculares,Sur,Distribuidor,4,73.82,"295,28 €"
04-21-2024,Monitor,Norte,ONLINE,-4,219.86,"439,72 €"
2025-12-05,Webcam,Sur,DISTRIBUIDOR,2,52.11,"104,22"
2024-12-31,Monitor,Oeste,Distribuidor ,5,177.19,"885,95"
2025-10-17,Mouse,Oeste,Online,2,25.49,"50,98"
2024-11-10,Auriculares,Este,Tienda,3,92.46,"277,38"
01/02/2024,Webcam,Oeste,Tienda física,3,62.31,"186,93"
09/05/2025,Mouse,Sur,Tienda,1,24.1,"463,10"
2024-07-15,Webcam,Sur,Tienda Fisica,3,60.84,"182,52"
05-16-2025,Webcam,Este,Tienda,5,63.49,"317,45"
2025-09-11,Auriculares,Sur,Online,2,92.45,"184,90 €"
2024-11-05,Monitor,Oeste,Online,1,216.47,"216,47 €"
2025-01-25,Mouse,Sur,on-line,2,24.68,"49,36 €"
2024-03-02, Auriculares,Sur,Online,1,86.95,"86,95"
2025-10-05,Mouse,Norte,Online,3,25.56,"76,68 €"
2024-11-14,TECLADO,NORTE,Distribuidor,2,37.69,"75,38"
2025-08-01,Monitor,OESTE,ONLINE,3,222.19,"666,57"
2025-03-05,Monitor,  Sur ,Distribuidor,3,186.32,"558,96 €"
2025-10-26, Teclado,Centro,Tienda,3,46.84,"140,52 €"
2025-08-25,Auriculares,Norte,Online,4,92.64,"370,56"
11-13-2024,Webcam,Sur,Distribuidor,5,52.47,"262,35 €"
2024-03-05,Mouse,Este,Distribuidor,3,20.61,"61,83"
2025-12-12,WEBCAM,Norte,Tienda,2,64.89,"129,78"
2024-12-19,Webcam,Oeste,tienda,4,64.6,"258,40"
2025-02-11,Mouse,Sur,Tienda,2,24.76,"49,52"
2024-05-22,Mouse,Centro,Online,3,23.9,"71,70"
2025-12-03,Auriculares,Norte,Tienda,3,88.45,"265,35"
06-15-2025,Auriculares,Centro,Tienda,1,88.99,"88,99"
,Webcam,SUR,Online ,4,63.67,"254,68 €"
2025-11-26,Auriculares,Sur,Tienda,1,90.57,"90,57 €"
2025-08-21,Monitor,Norte,Tienda,2,208.53,"417,06"
2025-05-30,Auriculares,Este,Online,1,94.43,"€94,43 €"
2024-06-03,Monitor,Sur,Tienda,4,220.79,"883,16 €"
2025-09-09,Mouse,Centro,Online,5,25.07,"125,35"
2025-06-04,Teclado,Oeste,online,4,43.94,"175,76"
2024-12-24,Webcam,Oeste,Distribuidor,5,50.61,"253,05"
2024-11-04,Auriculares,Centro,Online,1,93.94,"€93,94 €"
2025-12-15,Teclado,Este,Tienda,5,43.72,"218,60"
2024-05-05,Mouse,Norte,Online,2,24.8,"49,60"
2024-10-26,Mouse,Centro,Distribuidor,N/A,21.0,"€42,00 €"
2025-10-28, Webcam,Oeste,Tienda,4,61.47,"838,22"
11/11/2024,Teclado,Centro,Tienda,4,45.06,"180,24"
2024-06-16,Monitor,Norte,Tienda,2,232.13,"464,26"
11-18-2025,Teclado,Este,Online,3,47.8,"143,40 €"
2024-02-23,Mouse,Centro,Online,5,25.12,"125,60"
2024-06-14,Monitor,?,Online,2,216.12,"€432,24"
03/06/2025,Webcam,Sur,Online,3,60.35,"181,05"
2025-02-27,Mouse,Norte,DISTRIBUIDOR,5,,"103,45"
2024-08-08,Monitor,Norte,Online,2,227.17,"€454,34"
12-20-2025,Monitor,ESTE,Distribuidor,1,175.62,"175,62"
2025-08-30,Auriculares,Este,Distribuidor,5,74.66,"373,30 €"
24/11/2025,Teclado,Este,Tienda,4,43.83,"175,32 €"
2025-07-06,Teclado,CENTRO,Online,2,46.07,"92,14"
2025-11-30,Teclado,Norte,Online,2,44.88,"89,76 €"
2025-02-09,Teclado,Oeste,Tienda,5,45.02,"€225,10 €"
2024-12-04,Auriculares,Norte,Distribuidor,3,68.94,"206,82"
2024-07-28,Teclado,Sur,Tienda,3,43.34,"130,02"
2024-12-11, Teclado,Oeste,Online,4,45.33,"181,32"
2025-11-25,Webcam,Sur,on-line,3,63.22,"189,66"
2024-06-24,Teclado,Centro,on-line,2,46.05,"92,10"
2025-12-12,Teclado,Centro,Online,3,45.63,"136,89 €"
2024-08-15,Mouse,Norte,Distribuidor,2,20.8,"41,60 €"
10-04-2024,Teclado,Norte,Online,3,44.86,"134,58"
2025-11-08,Mouse,Oeste,Tienda,1,25.37,"25,37"
2025-08-24,Monitor,Norte,Tienda,4,211.86,"847,44"
2024-07-21,Mouse,Norte,Tienda,2,27.08,"54,16 €"
2025-05-28,Monitor,Sur,Online,3,212.0,"636,00 €"
2025-09-14,Auriculares,Sur,Distribuidor,1,76.21,"76,21"
2025-11-19,Mouse,Norte,tienda,4,23.03,"92,12 €"
04-20-2025,TECLADO,OESTE,Tienda,1,42.27,"42,27"
2025-05-05,Teclado,Oeste,Online ,5,46.87,"234,35"
2025-12-22,Monitor,Este,Online ,2,221.04,"442,08 €"
2025-08-14,Monitor,CENTRO,Online,2,224.75,"449,50"
2024-08-03,Mouse,Oeste,Tienda,3,25.21,"75,63"
2025-09-28,Mouse,,Online,5,24.4,"122,00 €"
2024-12-31,Monitor,Oeste,Tienda,3,215.13,"645,39"
2024-07-29,Mouse,Norte,Online,1,23.17,"23,17 €"
2024-09-20,Auriculares,Este,Distribuidor,2,74.62,"€149,24 €"
2024-08-09,Auriculares,Oeste,Tienda,3,89.2,"267,60"
2025-02-27,Auriculares,Sur,Distribuidor,3,77.11,"231,33 €"
2025-12-23,WEBCAM,Centro,Distribuidor,4,51.78,"207,12"
2025-11-12,Auriculares,Sur,ONLINE,3,89.29,"267,87"
2024-08-25,Webcam,SUR,Online,3,65.43,"196,29"
2025-11-10,Teclado,Norte,Online,4,46.21,"184,84 €"
2025-01-10,Auriculares,Centro,Tienda,5,87.22,"436,10"
2024-08-04,Monitor,Centro,DISTRIBUIDOR,5,180.36,"901,80"
02/12/2025,Auriculares,Centro,Online,3,87.72,"263,16"
2025-03-25,Monitor,Este,Tienda,4,221.04,"884,16"
2025-07-20,Webcam,Oeste,Online,1,64.9,"64,90 €"
2025-12-20,Monitor,Oeste,Online,5,218.89,"1.094,45"
2024-03-28,Webcam,Oeste,Online,3,64.57,"€193,71"
2025-10-28,Webcam,Oeste,on-line,5,65.0,"325,00"
10-04-2025,Mouse,Este,Distribuidor,2,21.44,"42,88"
2025-08-13, Monitor,Centro,Online,2,232.41,"464,82 €"
2024-05-11,Teclado,Centro,Online,1,46.98,"€46,98 €"
2024-04-22,Mouse,OESTE,Distribuidor,2,21.11,"42,22"
2025-01-24,Auriculares,SUR,Distribuidor,2,73.43,"146,86"
2025-03-04, Monitor,Oeste,Online,1,220.79,"€220,79 €"
2025-12-09,Webcam,Norte,Tienda,4,65.36,"261,44"
2025-06-03,Webcam,Sur,Tienda,2,64.07,"128,14"
2025-09-01,Auriculares,Oeste,Distribuidor,2,67.19,"134,38"
2024-09-29,Auriculares,OESTE,Online,5,90.3,"€451,50 €"
2024-05-14,Mouse,Oeste,Online,3,24.85,"€74,55"
2025-11-25,Teclado,Norte,Distribuidor,1,n/a,"35,42 €"
2024-11-20,Webcam,Centro,Distribuidor,2,52.62,"105,24"
2025-02-13,Teclado,Centro,ONLINE,2,44.24,"88,48"
2025-09-05,AURICULARES,oeste,Distribuidor,4,76.38,"305,52 €"
24/07/2024,Auriculares,Este,Tienda física,5,92.3,"461,50 €"
,Monitor,Norte,Online,3,219.85,"659,55"
2025-12-27,Auriculares,Centro,Tienda Fisica,5,93.26,"466,30"
2025-05-05,Mouse,Norte,Distribuidor,3,19.85,"59,55 €"
14/05/2024,Auriculares,Este,Online,2,87.55,"175,10"
2024-12-13,Teclado,Norte,Online,4,44.42,"€177,68 €"
2024-12-24,AURICULARES,NORTE,Online,1,93.04,"93,04 €"
2024-01-28, Teclado,Este,Online,3,45.55,"136,65 €"
2024-05-21,Monitor,  Oeste ,TIENDA,2,215.15,"430,30 €"
04/11/2024,Teclado,oeste,Distribuidor,5,37.19,"185,95"
2025-04-14,Mouse,SUR,Distribuidor,3,21.07,"63,21 €"
2024-03-10,Auriculares,Centro,tienda,2,88.03,"176,06"
2025-02-23,Auriculares,Norte,Tienda,5,90.95,"454,75"
2025-10-30,Teclado,Este,Online,3,45.12,"135,36 €"
13/02/2025,Teclado,Este,Online,4,42.98,"171,92 €"
2025-01-26,AURICULARES,Oeste,Tienda,4,89.67,"358,68"
2025-09-27,Auriculares,Este,Tienda,4,86.44,"345,76 €"
2024-10-30,Teclado,Oeste,Online,3,46.16,"138,48"
2024-09-18,Monitor,Sur,Tienda,2,236.61,"473,22 €"
2025-12-06,Mouse,Este,ONLINE,5,24.31,"121,55 €"
2025-04-16,Mouse,Norte,Distrib.,3,20.4,"61,20 €"
14/06/2024,Monitor,Este,Online,3,216.56,"649,68"
2025-11-30,Teclado,Norte,Online,5,45.02,"225,10"
03-05-2024,Webcam,Este,Tienda,1,62.07,"62,07 €"
2025-08-26,Mouse,  Oeste ,Tienda,5,24.55,"122,75 €"
2024-11-18,Webcam,Norte,Distribuidor,5,53.49,"267,45"
2025-04-16,Webcam,Norte,Online,1,65.37,"65,37"
2024-08-24,Teclado,Centro,Tienda,4,45.91,"183,64 €"
2025-12-25,Teclado,Sur,Tienda,5,n/a,"220,95"
,Auriculares,Oeste,Online,5,86.9,"434,50"
2025-10-01,Mouse,Centro,Online,N/A,25.33,"126,65"
2025-02-07,Monitor,Sur,tienda,4,207.36,"829,44"
2024-07-21,Mouse,Este,on-line,5,25.45,"127,25"
06/03/2024, Auriculares,OESTE,Tienda,5,90.18,"450,90 €"
2024-08-01,AURICULARES,Norte,Tienda,3,90.53,"271,59"
2024-04-03,Auriculares,Centro,Tienda,4,89.33,"357,32"
2025-04-12,Webcam,Norte,Online,3,63.26,"189,78"
2024-11-20,Mouse,NORTE,Tienda,4,25.81,"103,24"
2025-05-31,Auriculares,Centro,Tienda,2,88.12,"176,24 €"
2024-01-23,Monitor,Oeste,Distribuidor,1,170.72,"170,72 €"
2024-07-30,Monitor,Centro,Tienda,5,234.52,"1.172,60 €"
2025-02-24,Monitor,Norte,Tienda,1,204.66,"204,66 €"
2024-09-23,Auriculares,sur,Online,1,88.13,"88,13"
2024-06-10,Teclado,Oeste,on-line,2,47.0,"94,00"
04/09/2024,Teclado,Este,distribuidor,4,38.71,"154,84 €"
2025-02-16,Auriculares,Norte,Online,4,88.68,"354,72 €"
2024-08-28,Monitor,Sur,Tienda,4,212.94,"851,76 €"
2024-12-11,Webcam,Centro,ONLINE,4,61.92,"247,68"
04-09-2024,Teclado,Sur,Online,-,45.16,"225,80 €"
13/10/2024,Auriculares,Centro,Distrib.,1,75.52,"75,52 €"
2025-05-22,Mouse,OESTE,Online ,3,23.6,"70,80"
2024-07-26,Monitor,Sur,Tienda,2,212.17,"424,34 €"
2024-11-28,Mouse,Sur,Tienda,2,24.86,"49,72"
2025-11-20,Mouse,Este,Tienda,4,24.31,"97,24"
2025-05-24,Auriculares,SUR,Online,4,89.65,"358,60"
2025-01-26,Mouse,Este,Online,3,24.87,"€74,61"
2024-09-30,Teclado,oeste,Online ,2,45.07,"90,14"
2024-11-30,Teclado,Centro,Distribuidor,4,37.58,"150,32 €"
12-25-2025,Monitor,Sur,Tienda,-,222.53,"667,59"
2024-06-01,Webcam,Sur,Tienda,1,60.38,"60,38 €"
30/03/2025,Monitor,Este,Tienda,5,222.42,"1.112,10"
2025-03-15,Mouse,Oeste,Online,4,24.48,"97,92 €"
2024-09-11,Monitor,Oeste,Online,2,225.33,"450,66"
2024-06-11,Teclado,Centro,Online,4,44.46,"€177,84"
2025-07-24,Mouse,Centro,Tienda,2,24.87,"49,74 €"
03/06/2024,Teclado,Este,Online ,3,46.58,"139,74 €"
2024-04-18,Mouse,Norte,ONLINE,4,25.91,"€103,64"
2025-12-02,Auriculares,Este,Online,2,89.83,"179,66 €"
2024-09-15,Auriculares,Sur,Online,2,90.46,"180,92 €"
2024-12-08,Monitor,Este,Online,2,221.25,"442,50"
2025-12-02,Auriculares,Norte,Tienda,1,93.1,"93,10"
2025-11-07,Teclado,Norte,Tienda,2,45.95,"91,90"
2025-12-03,Webcam,SUR,Online,5,63.37,"316,85 €"
2024-11-03,Monitor,Sur,Tienda,3,208.55,"625,65"
2024-12-31,Teclado,Sur,Online,4,43.72,"174,88 €"
2025-01-13,Mouse,Este,Tienda,3,23.54,"70,62"
2025-05-14,Monitor,Oeste,Tienda,4,216.33,"865,32 €"
2025-06-12,Teclado,Sur,Tienda,1,45.84,"45,84"
2024-08-17,Mouse,Este,Online,4,25.14,"100,56"
2024-07-01,Auriculares,Norte,Online,2,86.57,"173,14"
2025-10-13,Auriculares,Centro,Online,N/A,87.96,"263,88"
2024-04-24,Webcam,Sur,online,1,61.8,"61,80"
2024-12-21,Mouse,  Oeste ,Online,5,24.85,"124,25 €"
2025-06-12,Teclado,Norte,Tienda,3,46.36,"€139,08"
2024-12-02,Webcam,oeste,Distribuidor,4,52.75,"211,00"
2024-04-20,Teclado,Norte,Online,1,45.05,"45,05 €"
2024-01-01,Auriculares,ESTE,Online,5,89.69,"448,45 €"
2024-04-08,Mouse,sur,Online,4,25.7,"102,80"
2024-11-06,Teclado,Oeste,Tienda,4,47.69,"190,76"
11-09-2025,Mouse,Oeste,Distribuidor,4,19.64,"78,56"
2025-09-08,Mouse,CENTRO,Online,4,24.71,"€98,84"
25/06/2024,Monitor,Norte,Online,4,228.17,"912,68"
2025-09-11,Teclado,Este,ONLINE,5,45.08,"225,40 €"
2024-11-05,Mouse,  Sur ,Distribuidor,1,21.32,"21,32"
2024-11-17,Mouse,centro,Tienda Fisica,2,0.0,"50,14 €"
2024-01-10,Monitor,Sur,Online,3,216.6,"649,80"
2024-11-11,Mouse,  Oeste ,Distribuidor,1,20.24,"20,24"
2025-11-01,Teclado,Este,Tienda,5,44.81,"224,05"
2024-04-03,Teclado,Centro,Online,5,44.22,"221,10"
2025-03-19,Mouse,Norte,Distribuidor,4,21.12,"84,48"
2025-03-31,Teclado,Centro,Online,2,43.12,"€86,24 €"
2025-01-26,Webcam,Norte,tienda,4,NULL,"253,04"
05/12/2024,Auriculares,Norte,Online,2,89.7,"179,40"
2024-11-25,Monitor,Oeste,Distribuidor,5,181.35,"€906,75"
2024-06-02,Auriculares,NORTE,Tienda,3,89.51,"268,53 €"
2024-10-21,Mouse,centro,Online,2,25.51,"51,02"
2025-11-10,Auriculares,este,Distribuidor,4,74.82,"299,28 €"
2025-11-30,Teclado,Centro,Tienda,3,44.49,"€133,47"
2025-10-05,Mouse,,Online,5,26.7,"133,50"
2025-07-31,Teclado,oeste,Tienda,3,46.54,"139,62"
2025-07-24,Monitor,Norte,Online,-1,222.89,"€222,89"
2025-11-23,Monitor,sur,Online,1,220.01,"220,01"
2024-07-08,Webcam,Sur,TIENDA,5,66.06,"€330,30"
2024-06-14,Monitor,Este,Online,3,213.42,"€640,26 €"
2024-02-03,Mouse,Oeste,Tienda,5,23.68,"118,40"
2024-04-12,Auriculares,Norte,Distribuidor,2,75.89,"151,78"
2025-12-10,Auriculares,Oeste,Tienda,3,86.97,"260,91 €"
2025-07-20,Teclado,Este,Online,3,45.44,"136,32"
13/03/2025,Webcam,NORTE,Online,1,62.07,"62,07"
2025-10-29,Auriculares,Norte,Online,3,88.68,"266,04"
17/11/2024,Auriculares,Oeste,Tienda,3,93.09,"279,27"
2025-03-02,Auriculares,Este,Online,2,90.29,"180,58"
2024-12-05,Mouse,Sur,Online,1,24.74,"24,74 €"
2024-12-18,Webcam,Este,Online,1,64.35,"64,35"
2025-11-20,Auriculares,Norte,Tienda Fisica,2,87.93,"175,86 €"
2024-12-28,Auriculares,?,Tienda,2,91.34,"182,68 €"
2025-12-04,Teclado,  Oeste ,tienda,-3,45.73,"137,19 €"
2024-01-10,Mouse,Oeste,Tienda,5,26.46,"132,30"
2024-04-10,Monitor,Centro,tienda,2,222.51,"445,02"
12-25-2025,Monitor,Norte,Online,1,224.12,"224,12 €"
28/08/2025,Webcam,Este,Tienda,4,66.03,"264,12"
2024-04-07,Monitor,Sur,Distribuidor,5,179.24,"896,20"
06/04/2025,Monitor,Sur,Tienda Fisica,2,213.4,"426,80"
2024-11-23,Webcam,Norte,Online,1,66.89,"66,89 €"
2024-05-26,Auriculares,Norte,Distribuidor,3,73.45,"220,35 €"
2025-11-08,TECLADO,Norte,Tienda,1,46.09,"46,09"
2025-02-09,Webcam,Centro,Online,5,61.79,"308,95"
2024-07-25,Mouse,Oeste,Online,5,25.36,"126,80"
10/07/2025,Mouse,Norte,Tienda,5,25.29,"126,45 €"
2024-02-09,Webcam,Este,Online,2,63.94,"127,88 €"
2024-08-20,Webcam,  Oeste ,Distribuidor,3,55.58,"166,74"
2024-07-03,Webcam,Oeste,Tienda,2,63.09,"596,58"
2025-10-31,Monitor,  Este ,Online,2,221.58,"443,16 €"
2025-12-26,Mouse,Oeste,Distribuidor,5,20.27,"101,35"
2025-07-19,WEBCAM,Sur,distribuidor,,50.91,"€203,64 €"
2024-04-26,Auriculares,Centro,Tienda,3,86.4,"259,20"
2024-07-10,Webcam,Este,Tienda,4,64.58,"258,32"
23/03/2024,Teclado,Oeste,ONLINE,5,44.54,"222,70 €"
2025-09-17,Teclado,Oeste,Tienda Fisica,2,47.46,"94,92"
2025-04-03,Teclado,Sur,ONLINE,1,45.01,"45,01 €"
2024-09-05,Teclado,Norte,Tienda,2,,"93,30 €"
2025-11-24,Teclado,Centro,Online,1,42.55,"42,55 €"
2024-12-16,Monitor,Norte,Online,4,220.55,"882,20 €"
,Teclado,,Tienda,5,46.6,"233,00 €"
06/11/2024,Webcam,Norte,Tienda,1,62.4,"62,40"
2025-08-30,Mouse,Oeste,Online,1,24.52,"24,52 €"
2024-08-20,Auriculares,Oeste,Online,2,90.53,"181,06"
2025-05-04,Auriculares,Sur,Distribuidor,3,74.32,"222,96 €"
2025-08-28,Webcam,Sur,Online,3,10066.92,"202,17"
2024-12-04,AURICULARES,oeste,Distribuidor,4,72.4,"€289,60 €"
2024-07-11,Teclado,Norte,Online,2,45.11,"90,22 €"
2024-05-28,Mouse,  SUR ,Distribuidor,4,20.28,"81,12"
2024-06-28,Auriculares,Oeste,Tienda,1,94.32,"€94,32"
2024-10-01,Webcam,Sur,Online,1,60.91,"60,91"
2024-07-10,Auriculares,Este,Tienda física,1,92.42,"92,42"
2024-12-17,Monitor,Norte,Distribuidor,5,174.61,"873,05"
2024-10-26,Auriculares,Este,Online,2,94.5,"189,00 €"
2025-04-13,Mouse,Este,ONLINE,2,0.0,"49,50 €"
2024-07-08,Teclado,Sur,Distribuidor,2,35.84,"71,68"
2025-05-30,Auriculares,Centro,Distribuidor,5,70.77,"353,85"
2024-01-13,Auriculares,Centro,Distribuidor,3,72.93,"218,79 €"
2024-11-17,Mouse,Sur,Tienda,4,25.39,"101,56"
2024-07-04,Monitor,Centro,Tienda,5,220.6,"€1.103,00"
2024-08-08,Teclado,Norte,Tienda,2,42.55,"85,10"
2024-12-26,Teclado,Norte,ONLINE,2,46.61,"93,22"
2024-11-28,Teclado,Este,Online,1,45.96,"45,96 €"
2025-01-20,Teclado,Sur,Tienda,2,45.71,"91,42"
2024-05-08,Mouse,Norte,Distribuidor,5,19.28,"96,40 €"
2024-03-03,Auriculares,Centro,Online,4,93.54,"374,16 €"
2024-03-18,Mouse,Norte,Online,5,24.62,"123,10 €"
2024-01-02,Auriculares,Centro,Tienda,3,95.83,"287,49"
01/06/2025,Teclado,Centro,Tienda,1,44.16,"44,16"
06-07-2024,Monitor,Oeste,on-line,4,,"870,00"
2024-07-22,Auriculares,Norte,Online ,5,90.81,"454,05"
10-15-2024,Mouse,Norte,Online,3,24.82,"74,46"
2024-11-02,Mouse,,Online,5,23.59,"117,95 €"
2025-05-21,Auriculares,Norte,Distribuidor ,2,73.19,"146,38 €"
2025-11-29,Mouse,Oeste,Online,5,25.15,"125,75"
2025-03-06,Monitor,Oeste,Online,4,227.01,"908,04"
2024-06-18,Teclado,Este,Tienda,4,44.75,"179,00"
2024-05-02,Teclado,Este,Tienda,2,47.35,"94,70 €"
2024-11-03,Auriculares,Sur,Online,5,85.92,"429,60 €"
2025-11-02,Webcam,  Oeste ,Online,1,65.09,"65,09"
2025-10-23,Auriculares,,Distribuidor ,2,72.89,"145,78"
2024-06-18,Mouse,Oeste,Tienda,1,25.45,"25,45 €"
2025-12-25,Monitor,Centro,Online,2,227.3,"454,60"
2025-12-21,Auriculares,Este,Distribuidor,1,74.04,"74,04"
2024-02-12,Auriculares,Este,Online,4,88.62,"€354,48"
2024-11-06,Webcam,Sur,Online,4,61.94,"247,76 €"
2024-03-12,Monitor,Norte,ONLINE,1,221.85,"221,85"
04/06/2024,Monitor,centro,Online,1,227.64,"€227,64"
22/04/2025,Monitor,Este,ONLINE,3,210.61,"631,83"
2025-06-01,Auriculares,  Este ,Tienda,3,88.03,"264,09"
2024-12-23,Monitor,Sur,Online,3,214.23,"642,69 €"
2025-04-12,Webcam,  sur ,Tienda,4,63.83,"255,32"
2024-12-03,Webcam,Este,Distribuidor ,3,55.28,"€165,84 €"
2024-10-20,Monitor,Este,Distribuidor,2,170.35,"340,70"
2024-11-09,Teclado,Oeste,Tienda,1,44.89,"44,89"
2024-12-25,Auriculares,Este,Tienda,4,88.58,"354,32"
2024-02-09,Teclado,Oeste,TIENDA,4,47.73,"190,92"
2025-02-11,Mouse,OESTE,Tienda,5,25.21,"126,05 €"
2025-05-24,Monitor,Oeste,Online,3,218.16,"€654,48 €"
2025-06-17,Teclado,Centro,Online,,42.11,"126,33"
2024-12-14,Monitor,Oeste,Tienda,3,213.11,"639,33 €"
2025-02-01,Teclado,,Online ,5,45.75,"€228,75"
,,,,,,
2024-10-24,Mouse,Este,Online,2,26.65,"€53,30 €"
2025-10-04,Monitor,Norte,Online,3,220.4,"661,20 €"
03-03-2025, Teclado,Norte,Online,1,44.71,"44,71"
2025-10-05,Auriculares,Norte,on-line,1,89.97,"89,97 €"
2024-05-21,Auriculares,Oeste,Online,5,83.93,"419,65 €"
2025-02-28,Teclado,Este,Online,5,46.02,"230,10"
2025-11-02,Auriculares,,Tienda,5,89.25,"446,25"
2024-06-27,Auriculares,Centro,Online,3,93.86,"281,58"
2025-03-06,Mouse,Norte,Tienda,5,25.49,"127,45 €"
2024-03-30, Auriculares,Este,Online ,4,88.93,"355,72"
2025-12-19,Teclado,Oeste,Online,NA,42.91,"128,73"
2025-10-25,Mouse,Este,Tienda,1,23.63,"23,63 €"
2024-11-25,Teclado,oeste,Tienda,1,47.35,"47,35 €"
2025-06-06,MOUSE,Este,Online,4,,"566,02"
2024-05-14,Mouse,Centro,ONLINE,3,24.15,"72,45"
2024-12-01,Mouse,  Norte ,Tienda,5,24.5,"122,50"
2025-12-21,Teclado,Oeste,Tienda,3,45.88,"137,64"
2024-09-14,Auriculares,SUR,on-line,3,94.06,"€282,18"
05-12-2024,Auriculares,  Centro ,TIENDA,N/A,93.99,"€375,96"
2025-04-06,Monitor,Norte,Online,5,218.68,"1.093,40"
2024-12-29,Auriculares,Sur,Online,5,94.34,"471,70 €"
2024-04-26,Auriculares,Este,Tienda,1,84.79,"84,79"
2024-04-21,Mouse,Este,Tienda,4,24.67,"98,68"
2024-03-20,Monitor,Oeste,Online,1,222.26,"222,26"
2025-08-15,Teclado,Sur,Tienda,2,44.65,"89,30"
2024-11-07,Mouse,Sur,Distribuidor,4,19.43,"77,72"
2024-09-20,Auriculares,Oeste,Distribuidor,5,69.46,"347,30"
2025-12-23,Auriculares,Oeste,Online,2,90.38,"180,76"
2024-09-27,Teclado,Centro,Tienda,1,42.77,"€42,77"
2025-07-09,Monitor,Norte,Online,1,227.85,"227,85 €"
2025-11-22,Monitor,Centro,Tienda,1,231.95,"231,95 €"
2024-12-18,Auriculares,Este,Online,5,89.45,"447,25"
2024-05-25,Auriculares,Sur,Tienda,4,88.61,"354,44"
2024-05-26,Mouse,Centro,Online,5,24.4,"122,00 €"
2024-11-07,Teclado,Centro,Online,4,44.56,"178,24"
2025-06-13,Teclado,Centro,TIENDA,1,46.22,"46,22 €"
11-19-2025,Auriculares,Norte,Online,1,87.21,"87,21"
2024-06-09,Auriculares,NORTE,Online,3,90.57,"271,71 €"
2024-09-01,Monitor,Norte,Online,3,220.77,"662,31 €"
2024-12-30,Webcam,Este,Distribuidor,1,53.04,"53,04 €"
2024-11-20, Webcam,Sur,Tienda,1,62.35,"62,35"
2025-10-16,Auriculares,Norte,Distribuidor,5,74.5,"37,76"
11-04-2025,Teclado,Centro,on-line,1,44.51,"44,51"
2025-09-18,Auriculares,  Norte ,online,2,86.44,"172,88 €"
2025-12-08,Webcam,,Distribuidor,3,51.3,"153,90"
11-06-2025,MOUSE,OESTE,Tienda,2,25.64,"51,28 €"
2024-12-10,Auriculares,Norte,Tienda física,5,82.94,"414,70"
2024-12-11,Teclado,Centro,Online,3,43.88,"131,64 €"
2024-04-18,Teclado,norte,Online,2,46.84,"93,68"
13/10/2024,Auriculares,Norte,Tienda,4,86.39,"345,56"
2025-11-14,Teclado,Sur,Online,2,n/a,"92,58"
2025-12-15,Mouse,Norte,Online,3,24.78,"74,34"
26/04/2024,Auriculares,Oeste,Distribuidor,3,73.48,"220,44 €"
2024-04-19,Mouse,Norte,Distribuidor,1,20.25,"20,25"
2025-01-21,Webcam,Norte,Tienda,5,61.19,"305,95"
2025-12-14,Mouse,Sur,Tienda,1,24.78,"24,78"
2024-10-09,Mouse,Sur,Online,4,25.86,"103,44"
2025-03-15,Teclado,Oeste,Online,4,NULL,"183,04"
2024-04-22,Mouse,Centro,Tienda,4,24.55,"98,20"
2025-04-27,Monitor,Oeste,tienda,5,214.61,"1.073,05"
2025-03-05,Teclado,Norte,Tienda,1,43.31,"43,31 €"
2025-08-27,Auriculares,OESTE,Online,4,89.43,"357,72"
2024-11-07,Webcam,  Norte ,Tienda,3,63.59,"190,77"
2024-12-11,Auriculares,Norte,Tienda,4,88.53,"354,12"
2024-03-03,Auriculares,NORTE,Tienda,3,93.87,"281,61"
2025-05-29,Mouse,Centro,Tienda,5,23.6,"118,00"
2025-12-17,Auriculares,Este,Tienda,4,88.22,"352,88"
2025-04-06,Teclado,SUR,Online,2,45.57,"€91,14"
2024-12-04,Auriculares,Centro,Online,5,92.45,"462,25"
17/11/2024,Teclado,Centro,Distribuidor,5,37.61,"188,05 €"
05/10/2024,Auriculares,Este,Distribuidor,2,73.23,"146,46"
2025-08-02,Mouse,  Centro ,Online,4,24.08,"€96,32 €"
2025-05-25,Teclado,Sur,online,3,46.8,"140,40"
2024-12-12,Teclado,Norte,Distribuidor,5,36.35,"181,75"
2024-04-06,Webcam,Sur,Tienda,4,66.49,"265,96"
2025-07-23,Webcam,Este,Distribuidor,2,50.77,"101,54"
2025-05-07,Auriculares,Centro,Online,2,89.06,"178,12"
2024-12-22,Mouse,  Centro ,Distribuidor,4,19.95,"79,80"
2025-07-30,Auriculares,Oeste,Tienda,5,86.27,"431,35"
2024-11-20,Auriculares,CENTRO,Online,5,87.21,"436,05"
,Auriculares,Centro,Online,4,96.89,"387,56"
2024-03-18,Teclado,Este,Tienda,4,47.32,"189,28"
2025-08-05,Monitor,sur,TIENDA,4,215.15,"860,60"
2024-12-23,Monitor,Sur,Online,5,209.33,"1.046,65"
2025-06-08,Mouse,Norte,Distribuidor,5,19.49,"97,45"
2024-03-02,Webcam,Sur,Tienda,4,59.03,"236,12"
2025-10-19,Teclado,Centro,Distribuidor,5,36.61,"183,05 €"
2024-06-05,Webcam,Centro,Online,3,63.31,"189,93 €"
2024-11-02,Mouse,Norte,Online,3,25.14,"75,42"
2025-07-09, Teclado,Centro,Distribuidor,4,38.13,"152,52 €"
2024-09-22,Monitor,Sur,Online,3,219.22,"657,66 €"
2025-01-16,Mouse,Este,online,2,26.05,"52,10 €"
2024-05-11,Mouse,Centro,Online,5,24.65,"123,25"
2025-02-05,Auriculares,oeste,ONLINE,5,88.65,"443,25"
2024-09-03,Teclado,Norte,Online,N/A,44.15,"132,45 €"
2024-12-18,Teclado,Centro,Online,4,44.79,"179,16"
2025-12-09,Mouse,Norte,Tienda,1,24.03,"24,03"
2025-09-18,Teclado,Norte,Online ,N/A,47.28,"47,28 €"
2025-01-05,Teclado,ESTE,Tienda,2,44.35,"€88,70"
11-28-2024,Auriculares,Oeste,Online,3,91.51,"274,53"
2024-12-19,Mouse,Centro,Online,3,24.06,"72,18"
2024-04-27,Teclado,Oeste,Online,2,44.52,"89,04 €"
2024-12-23,Mouse,Este,Tienda,4,24.93,"99,72"
2024-11-26,Auriculares,Oeste,on-line,5,92.13,"460,65 €"
2024-11-25,Mouse,oeste,Distribuidor,3,20.95,"62,85"
2024-01-23,Teclado,Oeste,Distribuidor,NA,38.35,"38,35 €"
2025-03-04,Monitor,Centro,Online,1,226.99,"226,99 €"
2024-12-12,Monitor,OESTE,Tienda,5,227.23,"1.136,15"
2024-04-09,Auriculares,Norte,Distribuidor,3,76.61,"229,83 €"
18/12/2025,Mouse,Oeste,Distribuidor,2,20.4,"40,80 €"
2024-02-15,Teclado,Oeste,Online,5,44.19,"220,95"
2024-06-22,Monitor,Norte,Online,4,217.09,"868,36"
2024-07-07,Webcam,Norte,Online,1,64.27,"64,27 €"
2024-06-06,Auriculares,Norte,Online,5,87.31,"436,55"
05-13-2024,Teclado,,distribuidor,3,37.53,"112,59"
2025-03-17,Webcam,?,Online,2,63.08,"126,16"
2025-11-15,Teclado,Norte,Tienda,1,41.93,"41,93 €"
27/09/2025,Mouse,Oeste,Distribuidor,3,20.34,"61,02"
2025-07-13,MOUSE,Centro,Online,5,24.39,"121,95 €"
2024-11-09,Mouse,Norte,Online,4,25.05,"€100,20"
2024-06-12, Mouse,Centro,Online,2,23.5,"47,00"
2024-02-10,Mouse,oeste,Online,4,24.92,"99,68"
2024-10-08,Mouse,Este,Online,5,24.51,"€122,55"
2024-05-12,Monitor,Este,Online,3,211.46,"634,38"
2024-07-21,Auriculares,Centro,online,5,88.27,"441,35"
2025-05-23,Monitor,,Online,4,222.73,"890,92"
2024-12-16,Mouse,Norte,Tienda,5,24.98,"124,90"
2025-12-07,Auriculares,Este,Tienda Fisica,4,91.85,"367,40"
2024-02-13,Mouse,Centro,Online,3,26.17,"78,51"
2024-04-25,Mouse,sur,Tienda,5,23.4,"117,00"
09-30-2024,Auriculares,Norte,Online,5,89.59,"447,95"
03/11/2024,Mouse,  Oeste ,Online,NA,24.07,"48,14"
08/11/2025,Auriculares,Sur,Distribuidor,5,74.93,"374,65 €"
2024-08-31,Auriculares,Oeste,Distribuidor,1,75.29,"75,29 €"
27/01/2024,Mouse,Sur,Online,3,25.05,"75,15 €"
2025-03-24,Teclado,Centro,Online,4,42.35,"169,40 €"
2024-08-21,TECLADO,OESTE,Tienda,3,46.71,"€140,13 €"
2024-09-29,Mouse,  Este ,ONLINE,1,24.95,"24,95 €"
2025-01-28,Monitor,Centro,Tienda,2,222.79,"€445,58"
2024-04-13,Monitor,Este,Online,2,222.1,"444,20"
16/08/2024,Mouse,Sur,Distribuidor,2,19.46,"38,92"
2024-12-10,Mouse,Norte,Online ,2,24.89,"49,78"
2024-09-09,Mouse,NORTE,Tienda física,1,24.7,"24,70 €"
2025-06-05,Mouse,Sur,Tienda,2,23.65,"47,30"
2025-04-30,Mouse,Sur,Online,4,24.8,"99,20 €"
2025-01-10,Mouse,Sur,Distribuidor,1,21.11,"€21,11"
2024-03-01, Mouse,Oeste,Distribuidor,2,19.93,"39,86 €"
2024-11-15,Monitor,Norte,Online,3,212.98,"638,94"
2025-06-27,Teclado,Centro,TIENDA,4,45.98,"183,92 €"
07-17-2024,Monitor,Centro,Tienda,1,219.94,"219,94 €"
17/09/2024,Webcam,  Centro ,Distrib.,3,53.12,"159,36"
2025-06-06,Mouse,Norte,on-line,3,24.02,"72,06"
2025-12-12,Webcam,Centro,DISTRIBUIDOR,5,53.8,"269,00 €"
2025-12-29,Webcam,Oeste,ONLINE,5,65.61,"328,05"
2025-12-24,Auriculares,Norte,Tienda,1,93.59,"93,59"
2024-07-30,Mouse,Oeste,Online,1,25.04,"25,04"
2024-02-05,Auriculares,Centro,Distribuidor,3,74.8,"224,40"
2024-05-22,Auriculares,?,Online,3,89.59,"268,77 €"
2024-11-24,Auriculares,Oeste,Online,3,89.84,"269,52"
2025-08-25,Auriculares,Norte,Distribuidor,2,75.49,"150,98"
2025-10-16,Auriculares,Norte,Tienda,1,92.39,"92,39"
2024-03-01,Monitor,Este,tienda,1,222.25,"222,25 €"
16/05/2025,Mouse,Centro,Online ,4,26.05,"104,20"
2024-03-04,Webcam,Sur,Online,3,64.57,"193,71"
2024-04-26,Auriculares,Centro,Online,5,92.11,"460,55"
2025-12-06,Webcam,Oeste,Distribuidor,4,53.0,"212,00"
2025-06-28,Mouse,Centro,Online,3,26.05,"78,15 €"
2025-06-20,Auriculares,Centro,Online,1,17722.45,"88,45"
2024-04-24,MONITOR,Oeste,Tienda,5,0.0,"€1.076,00 €"
2025-12-10,Mouse,Oeste,Online,4,25.26,"€101,04 €"
2025-04-11,Mouse,Oeste,Distribuidor,5,20.71,"€103,55"
2024-06-09,AURICULARES,Oeste,Tienda,1,90.33,"90,33"
2025-12-04,Mouse,Norte,Tienda,2,26.66,"53,32"
2024-10-05,Mouse,oeste,Tienda,2,25.37,"50,74 €"
2025-11-13,Mouse,Sur,Online,2,25.36,"50,72 €"
2024-12-17,Mouse,Norte,Tienda,5,26.54,"132,70"
2024-11-14,Mouse,Norte,Online,NA,24.17,"72,51"
2025-07-22,Webcam,Oeste,Online,5,60.77,"303,85"
2025-03-16,Webcam,Centro,Online,3,65.36,"196,08 €"
2024-06-21,Mouse,Centro,Tienda,5,24.06,"120,30"
2025-11-04,Auriculares,Centro,Online,4,88.5,"€354,00"
2025-11-08,Auriculares,Norte,Tienda,3,89.34,"268,02"
2024-11-05,Monitor,Centro,Online,4,214.55,"858,20"
2025-10-21, Auriculares,Norte,Online,2,93.11,"€186,22"
2025-04-09,Monitor,Sur,Tienda,5,225.82,"1.129,10"
2024-11-08,Monitor,Sur,Online,4,222.33,"889,32"
2024-12-08,Auriculares,Este,Online,4,90.77,"363,08"
2025-09-02,Monitor,Este,Distribuidor,2,168.54,"337,08 €"
2024-08-26,Teclado,Sur,Tienda,1,45.03,"45,03"
2025-06-22,Mouse,Sur,Online,1,24.61,"24,61"
2025-10-13,Mouse,Este,Distribuidor,2,19.95,"39,90 €"
2024-12-22,Monitor,Este,Tienda,4,217.49,"869,96"
2024-10-19,Webcam,Sur,Online,5,66.03,"330,15"
09/06/2025,Auriculares,Sur,Online,-,89.64,"448,20"
2025-08-27,MOUSE,Norte,distribuidor,3,20.65,"61,95 €"
2024-03-13,Monitor,Norte,Distribuidor,2,177.9,"355,80"
2024-11-14,Monitor,Norte,Online,1,215.93,"215,93 €"
2024-10-11,Auriculares,Este,Tienda,1,87.51,"87,51 €"
2025-11-23,Monitor,Oeste,Online,1,219.51,"219,51"
2025-11-27,Monitor,Oeste,Online,4,217.04,"868,16 €"
2025-12-15,Teclado,  Oeste ,Tienda,1,45.06,"45,06"
2024-04-11,Mouse,Centro,Tienda,1,26.78,"26,78 €"
27/04/2024,Auriculares,Centro,Distribuidor,4,75.82,"303,28 €"
2025-09-30,Mouse,Oeste,Online ,1,25.56,"25,56"
2024-03-22,Auriculares,  Sur ,Online,4,95.38,"381,52"
2025-08-28,Mouse,Centro,on-line,2,24.92,"€49,84"
2025-01-16,Auriculares,Oeste,Online,5,93.61,"468,05 €"
2024-11-23,Auriculares,Norte,Tienda,5,87.01,"435,05"
2025-04-11,Monitor,Norte,Online,2,213.67,"427,34"
2024-12-07,Monitor,Oeste,Online,2,218.69,"437,38"
2024-03-30,Auriculares,Centro,Online,-1,85.36,"85,36"
2025-10-11,Webcam,Sur,Tienda,2,64.86,"129,72"
15/03/2024,Auriculares,Norte,Online,1,86.89,"€86,89"
2025-12-10,Mouse,Norte,Tienda,4,25.31,"101,24 €"
2025-04-19,Mouse,Norte,Tienda,1,24.82,"24,82"
2024-08-15,Monitor,Norte,Tienda,2,220.86,"441,72"
,Teclado,Norte,Distribuidor,5,35.82,"179,10"
2024-03-08,Webcam,Centro,Distribuidor,1,51.41,"51,41 €"
2024-05-22,Auriculares,?,Online,3,89.59,"268,77 €"
2024-04-25,Monitor,  Centro ,Online,6400,,"223,03 €"
2025-10-16,Auriculares,desconocida,ONLINE,5,88.16,"€440,80"
2025-01-20,Webcam,Oeste,Online ,4,62.44,"249,76"
2025-05-14,Mouse,Norte,TIENDA,2,25.15,"50,30 €"
2025-08-29,Mouse,Norte,Online,2,24.61,"49,22"
2024-06-25,Teclado,Sur,Online,3,44.88,"134,64"
2025-11-03,Mouse,Centro,Online,5,24.06,"120,30"
2025-03-13,Auriculares,Sur,Tienda,3,92.69,"278,07 €"
2025-12-06,TECLADO,Norte,Tienda,5,44.07,"220,35"
28/11/2025,Teclado,Oeste,Online,2,46.2,"92,40"
2025-06-25,Monitor,Oeste,Tienda,5,218.5,"1.092,50"
04-11-2024,Webcam,Oeste,on-line,1,62.49,"62,49"
2024-12-03,Mouse,oeste,Tienda,5,24.92,"124,60 €"
2025-07-24,Mouse,Oeste,Distribuidor,4,20.9,"83,60"
15/06/2024,Teclado,Este,Tienda,3,45.11,"135,33 €"
2024-06-24,Mouse,Centro,Tienda,2,23.88,"47,76"
2025-01-01,Teclado,Norte,Tienda,5,44.7,"223,50 €"
2025-06-08,Auriculares,Centro,Tienda,4,92.86,"371,44 €"
06/11/2025,Webcam,Sur,Online,2,65.51,"131,02 €"
2025-09-20,Mouse,Oeste,Online,2,26.25,"52,50 €"
2025-10-07,Auriculares,Sur,Online,1,88.48,"88,48 €"
2025-11-29,Auriculares,Norte,Tienda,2,85.59,"171,18"
2025-10-31,Teclado,  Oeste ,Online,2,,"92,58"
2025-07-13,Webcam,SUR,Online,4,64.76,"259,04"
2025-08-25,Webcam,Este,Tienda,3,64.86,"194,58"
2025-11-07,Mouse,Oeste,Tienda,2,24.2,"48,40"
2024-02-16,Mouse,Norte,Tienda,1,25.38,"€25,38"
2024-05-17,Teclado,Este,Distrib.,2,37.04,"74,08"
2025-01-08,Auriculares,Centro,Tienda,2,86.61,"173,22"
25/09/2025,Auriculares,oeste,Tienda,1,,"85,54"
2024-11-22,Mouse,Norte,Tienda,4,NULL,"98,48"
2024-03-02,Mouse,Centro,Online,2,25.65,"51,30"
2025-05-27,Mouse,Este,Tienda,3,23.93,"71,79 €"
2025-12-08,Mouse,Oeste,Online,4,25.22,"100,88"
2025-12-19,Teclado,Norte,Online,3,45.49,"136,47"
2025-05-22,Auriculares,OESTE,Tienda,2,90.04,"180,08"
2025-04-25,Auriculares,Norte,Tienda,1,88.21,"88,21 €"
2025-07-01,Webcam,Norte,Online,1,66.57,"66,57"
2025-02-27,Mouse,Norte,Distribuidor,5,,"103,45"
2024-02-14,Mouse,Este,Online,5,24.46,"122,30 €"
,Teclado,Sur,Distribuidor,3,35.01,"105,03 €"
30/09/2025,Monitor,Sur,Online,2,222.13,"444,26"
2025-12-10,Teclado,Norte,Online ,3,45.51,"136,53"
2025-02-26,Monitor,Centro,Online,4,212.24,"848,96"
2024-11-27,Auriculares,Norte,Online,2,90.97,"181,94"
2025-05-10,Monitor,Centro,Online,2,222.38,"444,76"
24/12/2024,Teclado,oeste,Online,4,45.21,"180,84 €"
09-23-2024,Auriculares,Centro,on-line,1,88.01,"88,01 €"
2024-09-19,Auriculares,  Sur ,Online,3,88.7,"€266,10"
2024-06-17,Monitor,Sur,Online,2,218.71,"437,42 €"
11/11/2024,Auriculares,Sur,Online,5,89.74,"448,70"
2025-12-07,Mouse,Centro,Distribuidor,1,20.29,"20,29"
2025-11-07,Monitor,Este,Online,1,226.79,"226,79"
2025-09-28,AURICULARES,Oeste,Tienda,5,89.17,"445,85 €"
2025-06-17,Auriculares,Oeste,Online,1,89.28,"89,28"
02-16-2024,Monitor,Centro,on-line,2,216.86,"433,72"
,,,,,,
14/04/2024,Auriculares,Sur,Distrib.,3,72.59,"217,77 €"
2024-09-26,Teclado,Norte,Tienda,2,n/a,"95,06"
2025-06-11,Mouse,Centro,ONLINE,1,25.43,"25,43 €"
2024-05-09,Auriculares,Este,Tienda,NA,88.73,"443,65 €"
2025-01-19,Monitor,Oeste,Tienda,1,216.15,"216,15"
2024-03-13,Teclado,Norte,Tienda,4,45.49,"181,96"
2024-08-20,Monitor,Centro,Distribuidor ,5,171.56,"857,80"
2025-11-17,Teclado,Sur,ONLINE,5,44.25,"221,25 €"
2025-11-25,Auriculares,Sur,Tienda,1,88.29,"88,29 €"
2025-01-01,Auriculares,Norte,tienda,null,89.75,"€359,00"
2024-03-27,Mouse,Este,Online,4,25.64,"102,56 €"
2025-06-06,Auriculares,Oeste,Online,1,92.41,"92,41"
2024-08-07,Mouse,Oeste,Online,2,,"48,30 €"
2024-12-10,Auriculares,Norte,online,4,92.27,"369,08"
2024-11-09,Monitor,Norte,Distribuidor,3,182.51,"547,53 €"
2025-01-03,Teclado,centro,Tienda,5,46.69,"233,45"
2024-10-21,Teclado,Centro,Online,4,45.54,"182,16 €"
2025-04-20,Mouse,Norte,Tienda,5,25.05,"384,74"
2024-12-08,Monitor,Norte,Online,3,218.78,"656,34 €"
2024-08-06,Auriculares,  Este ,Distribuidor,1,66.25,"224,03"
2025-07-12,Mouse,Norte,Online,4,24.73,"98,92"
2025-12-27,Webcam,Sur,Distribuidor,5,52.36,"261,80 €"
2025-10-30,Teclado,Norte,Online,2,42.5,"€85,00"
2025-11-02,Mouse,NORTE,Online,3,24.1,"€72,30 €"
2024-09-19,Teclado,Centro,Online,3,46.79,"140,37"
2025-11-10,Mouse,Sur,Tienda,4,25.19,"100,76"
2025-04-23,Auriculares,Este,Distribuidor,1,80.19,"80,19"
2024-12-11,Webcam,Norte,DISTRIBUIDOR,5,52.84,"264,20 €"
2024-05-17,Monitor,Centro,Online,4,225.78,"903,12 €"
2025-03-08,Auriculares,Norte,Tienda,5,86.29,"431,45 €"
2025-02-06,Mouse,Sur,Online,2,24.35,"48,70 €"
11-21-2024,Auriculares,  Este ,ONLINE,2,94.71,"189,42"
2024-12-13,Teclado,  Oeste ,Online ,5,46.21,"231,05 €"
2024-01-03,Mouse,  Oeste ,Distribuidor,4,20.63,"82,52 €"
2025-03-07,Monitor,NORTE,Distribuidor,4,183.53,"734,12"
2025-09-06,Teclado,Centro,Tienda,4,46.75,"187,00"
2024-06-25,Monitor,Oeste,Distribuidor,3,182.83,"548,49 €"
2024-11-08,Auriculares,Oeste,Online,4,93.63,"374,52 €"
2024-10-21,Auriculares,Este,Tienda,1,89.05,"89,05"
2024-04-06,Auriculares,Este,Online,1,90.85,"90,85"
2024-12-31,Auriculares,Sur,Tienda,3,87.08,"261,24 €"
2024-07-13,Monitor,Sur,online,3,229.01,"687,03"
2025-12-23,Mouse,Norte,Online,2,26.13,"52,26"
2025-12-07,Mouse,?,Online ,1,24.56,"24,56"
2025-03-06,Mouse,Centro,Online,2,24.71,"€49,42"
2024-11-06,Auriculares,Norte,Online,5,90.87,"454,35"
2024-09-04,Mouse,Norte,Distribuidor,2,20.07,"40,14"
2025-11-22,Mouse,Oeste,Online,2,26.47,"52,94"
2024-07-10,WEBCAM,oeste,Online,4,65.57,"262,28"
2024-12-20,Auriculares,Centro,Tienda,4,96.44,"385,76 €"
2024-11-24,Teclado,Oeste,Tienda,6391,45.07,"180,28 €"
2024-03-05,Webcam,centro,Online,5,63.08,"€315,40"
2025-05-20,Auriculares,Norte,Online,5,82.68,"413,40"
2024-10-19,Mouse,Este,Tienda,3,25.0,"75,00"
05/12/2024,Webcam,Oeste,Online,1,63.87,"63,87"
2025-11-13,Webcam,Sur,Distribuidor ,2,50.05,"100,10"
2024-12-30,Auriculares,OESTE,Online,1,NULL,"€90,54 €"
2024-09-15,Teclado,Norte,Online,2,45.11,"90,22"
2025-12-27,Teclado,Sur,Online,3,46.58,"139,74 €"
2024-05-18,Webcam,Oeste,Online,4,64.52,"258,08"
16/09/2024,MOUSE,Norte,Distribuidor,4,21.32,"85,28"
2024-11-12,Teclado,Sur,Online,4,48.47,"193,88"
2024-05-26,Monitor,Oeste,Tienda Fisica,2,221.58,"443,16 €"
05-22-2024,Mouse,Norte,Online,3,26.52,"79,56 €"
2024-02-11,Teclado,Norte,Online,5,45.33,"226,65 €"
2024-03-03,Mouse,Sur,online,1,24.15,"24,15"
2025-10-13,Auriculares,Centro,Tienda,5,91.84,"459,20"
2025-12-21,Mouse,Este,Tienda,4,25.14,"€100,56 €"
2025-11-20,Webcam,Norte,Online,4,63.22,"€252,88 €"
2024-11-27,Monitor,  Sur ,Tienda,1,213.4,"213,40 €"
2024-03-25,Teclado,Centro,Distribuidor,5,35.36,"€176,80"
2024-07-29,Auriculares,NORTE,Online,2,87.66,"175,32"
2024-03-21,Mouse,Centro,tienda,4,24.79,"99,16 €"
2025-11-16,Teclado,Este,Distribuidor,1,37.11,"37,11 €"
2025-06-02,TECLADO,Centro,DISTRIBUIDOR,5,38.94,"194,70 €"
2025-06-21,Mouse,Sur,Distribuidor,1,19.79,"19,79"
2025-08-24,Mouse,Este,ONLINE,3,24.47,"73,41"
2025-12-07,Mouse,Norte,Online ,2,25.59,"51,18"
2025-08-13,Auriculares,Norte,Online,4,90.76,"€363,04"
03-02-2024,Mouse,Centro,Tienda,3,25.57,"76,71"
12-06-2025,Mouse,Norte,Online,4,24.3,"97,20 €"
2024-09-16,Auriculares,Centro,Online,4,90.25,"€361,00 €"
2025-05-31,Mouse,Este,Tienda,3,26.59,"79,77"
2025-11-28,Teclado,Sur,Tienda,1,47.59,"47,59"
2024-05-06,Webcam,Norte,Online,1,64.8,"64,80"
04-17-2025,Mouse,Norte,Distribuidor,5,20.39,"101,95 €"
2025-11-16,Auriculares,Norte,Online,4,88.31,"€353,24 €"
2024-05-24,Monitor,Norte,Tienda,1,215.36,"215,36"
28/07/2025,Mouse,Centro,Online,5,24.86,"124,30"
2025-12-31,Monitor,este,Distribuidor,2,175.82,"351,64 €"
2024-10-26,Monitor,Norte,TIENDA,NA,217.1,"1.085,50 €"
08/12/2025,Auriculares,Norte,tienda,2,90.89,"181,78"
2024-03-10,Monitor,  Centro ,Tienda,3,222.92,"668,76"
2025-11-19,Webcam,Norte,Tienda,1,64.96,"64,96"
11-29-2024,Monitor,Norte,Tienda,2,218.62,"437,24"
2024-12-30,Teclado,Oeste,Distribuidor,5,36.52,"182,60"
2024-10-05,MOUSE,Oeste,Online,4,24.88,"€99,52"
2025-11-05,Teclado,Este,Online,4,42.07,"168,28"
2024-11-06,Auriculares,Centro,Tienda,2,95.09,"190,18"
2024-12-23,MOUSE,Centro,Online,1,26.11,"26,11 €"
2024-12-05,Webcam,norte,Distribuidor,NA,55.48,"55,48"
2025-12-23,Auriculares,Sur,Tienda,1,84.47,"84,47"
2024-03-21,Webcam,Centro,Distribuidor,3,54.36,"€163,08"
2025-12-13,Auriculares,Este,Tienda,4,91.36,"365,44"
06/07/2024,Mouse,Norte,ONLINE,1,25.04,"25,04"
2024-12-29,Mouse,Centro,Online,1,24.27,"24,27"
2025-07-24,Auriculares,Norte,Tienda,3,85.91,"257,73"
2025-11-02,Auriculares,Este,Online,5,89.43,"447,15"
2025-11-09,Monitor,Sur,Online,3,214.61,"643,83"
2025-12-08,Teclado,  Este ,Tienda,1,45.16,"45,16"
2025-04-03,Teclado,Sur,ONLINE,1,45.01,"45,01 €"
2025-02-07,Mouse,Este,Distrib.,2,19.24,"38,48"
2024-11-26,Mouse,Sur,Tienda,5,25.07,"125,35"
2025-09-19,Auriculares,Oeste,Distribuidor,1,NULL,"72,16"
08/05/2024,Teclado,Norte,Online,N/A,44.57,"89,14"
2024-07-17,Monitor,Sur,Tienda,3,213.51,"640,53"
2024-06-28,Auriculares,Sur,tienda,5,90.88,"454,40"
05-18-2025,Mouse,SUR,distribuidor,5,20.88,"€104,40 €"
03-17-2025,Monitor,Oeste,Online,2,215.57,"431,14"
24/12/2025,Mouse,Este,Online,1,24.56,"24,56"
24/08/2025,Monitor,Norte,Tienda,5,205.8,"1.029,00 €"
2024-04-10,Teclado,SUR,Online,5,45.18,"225,90 €"
16/10/2025, Auriculares,Oeste,Tienda,5,86.89,"434,45 €"
2024-12-08,Monitor,Este,Online,4,211.49,"845,96 €"
2024-12-13,Monitor,Oeste,Distribuidor,1,178.35,"178,35 €"
2024-08-22,Mouse,Sur,Tienda,2,23.58,"47,16"
2025-05-16,Mouse,Oeste,Tienda,4,24.7,"98,80"
2025-11-11,Auriculares,Oeste,Distribuidor,4,73.53,"294,12"
2024-05-28,Mouse,Norte,online,3,24.74,"74,22"
2025-12-04,Monitor,OESTE,Tienda,5,215.71,"1.078,55"
2024-12-20,Teclado,Norte,Distribuidor,5,37.75,"188,75"
2024-03-02,Webcam,Este,online,4,62.92,"251,68 €"
2024-12-14,Mouse,Este,Online,1,25.88,"25,88 €"
2025-11-12,Webcam,Norte,Online,4,63.16,"252,64"
2025-04-11,Teclado,Centro,Online,4,0.0,"175,12 €"
21/10/2024,Auriculares,Norte,Tienda,5,91.65,"458,25"
2025-11-30,Teclado,Oeste,Tienda,null,47.22,"94,44 €"
2024-06-03,Monitor,Sur,Tienda,4,220.79,"883,16 €"
2024-02-14,Webcam,sur,Online,2,61.25,"122,50 €"
,,,,,,
2025-03-17,Webcam,  Norte ,Online,3,65.74,"197,22 €"
2024-03-10,Auriculares,Sur,on-line,3,94.63,"102,14"
2025-12-25,Teclado,Oeste,online,4,43.86,"175,44 €"
04/06/2024,Auriculares,Sur,Online,5,88.99,"444,95"
2024-08-16,Auriculares,ESTE,Tienda,2,85.71,"171,42"
2025-10-14,Auriculares,Este,Online,4,n/a,"358,72"
2025-12-17,Mouse,Este,Tienda,,25.91,"103,64"
2025-04-07,Auriculares,Este,TIENDA,2,86.28,"172,56"
2025-08-05,Teclado,Oeste,TIENDA,5,47.66,"238,30"
2024-12-10,Mouse,Norte,Tienda,5,25.91,"129,55 €"
08-26-2025,Auriculares,Oeste,Online,3,88.0,"264,00"
2024-02-28,Webcam,Oeste,Online,3,66.81,"200,43"
2025-04-17,Monitor,Oeste,Tienda,4,223.68,"894,72 €"
2024-12-08,Teclado,sur,Online,5,44.45,"222,25"
10-13-2025,Monitor,Sur,Online,1,221.57,"221,57"
2024-11-02,Teclado,Centro,Tienda,2,46.68,"€93,36"
2024-05-04,AURICULARES,Norte,Tienda,1,92.94,"92,94 €"
10-24-2024,Auriculares,NORTE,Tienda,3,93.26,"279,78"
2025-03-21,Mouse,Este,Online,2,25.36,"€50,72 €"
2024-08-08,Webcam,Centro,Distribuidor,5,52.82,"264,10"
2025-08-26,Monitor,Centro,Online,1,219.86,"219,86 €"
2025-10-30,Mouse,Norte,Distribuidor,1,12067.88,"19,09"
05/12/2025,Mouse,Norte,Tienda,2,23.89,"47,78"
2025-10-31,Webcam,  Centro ,Tienda,4,67.15,"268,60"
2024-05-21,Mouse,Norte,Tienda,2,24.75,"49,50 €"
2025-12-07,Mouse,Este,Online,5,24.84,"124,20"
2025-03-23,Auriculares,Norte,Tienda,4,85.85,"343,40 €"
2024-10-12,Auriculares,Este,Tienda,5,88.8,"444,00"
2024-11-22,Auriculares,norte,Tienda,3,87.97,"263,91"
2024-12-30,Mouse,centro,Online,2,24.2,"183,61"
2024-01-30,Auriculares,Sur,Tienda,5,91.92,"459,60"
2025-11-19,Monitor,Este,ONLINE,2,205.29,"410,58 €"
2025-12-02,Auriculares,oeste,Online,-,87.41,"87,41 €"
2024-04-21,Mouse,Norte,Tienda,3,25.46,"76,38 €"
2025-03-06,Teclado,Oeste,Tienda,2,45.44,"76,24"
2025-12-18,Mouse,Oeste,Distribuidor ,1,20.82,"20,82 €"
2024-12-12,Monitor,Oeste,Online,2,216.72,"433,44"
2025-05-10,Monitor,Norte,Distrib.,4,178.62,"714,48"
2025-05-12,Mouse,Centro,Distribuidor,1,21.81,"21,81 €"
09/09/2024,Mouse,Centro,Online,1,25.7,"€25,70"
2024-09-22,Webcam,Norte,Tienda,4,63.63,"254,52"
2024-12-17,Teclado,Centro,Tienda,5,46.69,"233,45"
2025-05-11,Webcam,Este,ONLINE,5,63.32,"316,60"
2025-12-07,Webcam,Sur,Distribuidor,4,52.69,"210,76 €"
2024-10-22,Auriculares,Norte,Online,3,89.02,"267,06"
2025-05-06,Monitor,Oeste,Online,1,218.92,"218,92 €"
2024-08-19,Auriculares,Sur,Online,3,93.45,"280,35"
2024-12-09,Auriculares,NORTE,Tienda,5,86.51,"432,55 €"
2024-08-13,Auriculares,Centro,Tienda,3,n/a,"289,98"
2024-08-09,Auriculares,Centro,Distribuidor,5,76.75,"383,75"
12-01-2024,Webcam,Centro,Online,5,NULL,"€316,70"
,Teclado,SUR,Distribuidor,1,37.02,"37,02"
2024-02-22,Teclado,  Centro ,Online,5,43.71,"218,55 €"
2024-12-23,Webcam,Norte,tienda,1,63.78,"63,78"
04/05/2024,Monitor,Centro,Tienda,5,222.84,"1.114,20"
2024-10-29,Mouse,Este,Online,4,24.34,"97,36 €"
2025-11-11,Auriculares,Oeste,Tienda,5,87.04,"435,20"
2024-12-27,Monitor,Sur,Tienda,-,221.68,"1.108,40"
2024-12-14,Monitor,Norte,Distribuidor,3,178.96,"536,88 €"
05/12/2024,Auriculares,Norte,ONLINE,2,89.7,"179,40"
2024-11-04,Mouse,Oeste,Online,5,24.6,"123,00"
2025-11-16,Auriculares,Sur,ONLINE,3,91.53,"274,59"
2025-12-12,Teclado,Oeste,Online,4,44.09,"176,36"
2024-07-30,Monitor,Este,Tienda,3,219.54,"658,62 €"
2024-03-01,Webcam,Norte,Online,2,62.9,"125,80"
2025-11-03,Teclado,Oeste,Tienda,5,44.15,"220,75"
2025-08-03,Auriculares,Norte,Online,3,88.66,"265,98"
28/06/2024,Teclado,Este,Distribuidor,3,39.1,"117,30"
2024-03-21,Mouse,Centro,online,3,24.72,"74,16 €"
2025-04-02,MOUSE,Norte,Tienda,1,24.45,"24,45"
2024-11-20,Monitor,SUR,Online,2,224.5,"449,00"
2025-03-20,Teclado,Centro,Online,2,46.25,"92,50"
2025-03-14,Teclado,Sur,Distrib.,2,37.54,"75,08"
08/12/2025,Monitor,Sur,Online ,2,226.38,"€452,76 €"
2024-07-19,Auriculares,Sur,ONLINE,4,91.94,"€367,76 €"
24/05/2024,Monitor,Este,Online ,2,217.43,"434,86"
2025-05-10,Auriculares,oeste,Distribuidor,1,72.04,"72,04 €"
2024-12-11,Monitor,Oeste,Online,2,221.36,"442,72 €"
2025-12-05,Teclado,Norte,Online,3,44.98,"134,94 €"
2025-12-09,Webcam,Norte,Online,4,61.32,"245,28"
2024-04-24,Teclado,Norte,Tienda,1,46.22,"46,22"
2024-11-09,Monitor,centro,Tienda,1,221.2,"221,20"
09-19-2024,Mouse,norte,Distribuidor,1,20.94,"20,94"
2025-07-10,Mouse,Sur,TIENDA,2,24.66,"€49,32 €"
04/05/2024,Monitor,Centro,Tienda,5,222.84,"1.114,20"
2024-10-17,Mouse,desconocida,Tienda,2,25.95,"51,90 €"
2025-07-02,Mouse,  Norte ,Tienda,5,25.36,"126,80"
07/12/2024,Mouse,Norte,TIENDA,2,25.0,"50,00"
2024-01-21,Auriculares,Centro,Online,1,95.74,"95,74 €"
2024-11-06,MOUSE,Norte,Distribuidor,3,19.95,"59,85"
2025-04-27,Auriculares,Sur,Tienda,1,86.98,"86,98"
25/04/2024,Auriculares,Este,Tienda,3,90.59,"€271,77"
2024-12-19,Auriculares,Centro,Tienda,5,92.66,"463,30"
2024-10-08,Mouse,,Tienda,4,25.02,"100,08"
2024-04-22,Auriculares,Oeste,Online ,-,87.18,"261,54"
2024-12-21,Teclado,Oeste,Online ,4,45.04,"180,16"
2024-11-06,Mouse,Oeste,Online,4,23.98,"95,92 €"
2025-11-04,Teclado,Norte,on-line,3,,"131,46"
2024-06-25,Monitor,NORTE,Online,5,221.28,"1.106,40"
2024-12-28,Mouse,Sur,Distribuidor ,1,20.28,"20,28 €"
2024-04-26,Teclado,Centro,Online,3,45.81,"137,43"
25/11/2025,Teclado,Norte,Online,5,46.31,"231,55"
2024-11-12,Teclado,Norte,ONLINE,3,46.98,"140,94"
2025-01-26,Mouse,Norte,Tienda,2,24.15,"48,30"
2024-11-26,Mouse,Norte,Online,3,24.47,"€73,41 €"
2025-12-23,Auriculares,Oeste,Distribuidor,1,75.11,"75,11"
21/11/2025,Auriculares,Centro,Distribuidor ,3,71.34,"214,02"
2025-08-06,Mouse,Norte,Tienda,2,24.82,"49,64"
28/11/2024,Auriculares,Centro,Online,1,86.92,"86,92 €"
2024-10-01,Webcam,  Este ,tienda,1,60.22,"€60,22"
2024-09-27,Mouse,Norte,Distribuidor,5,20.04,"100,20 €"
2024-04-07,Mouse,OESTE,Distribuidor,5,20.44,"102,20"
2024-05-08,Monitor,Centro,Online,1,222.5,"222,50 €"
08-11-2025,Monitor,Sur,Online,3,215.91,"647,73"
2024-06-01,MOUSE,Oeste,ONLINE,1,25.93,"25,93"
2025-12-28,WEBCAM,Este,Online,3,63.79,"191,37"
2024-07-16,AURICULARES,Este,Online,3,86.68,"260,04 €"
2025-09-07,Mouse,  Sur ,Online,-3,26.48,"132,40 €"
2025-05-07,Mouse,Norte,Online,2,25.14,"€50,28"
2024-04-29,Auriculares,Oeste,Distribuidor,3,70.37,"211,11"
2025-04-18,Mouse,Sur,Online,5,26.64,"133,20"
2024-02-19,Auriculares,Oeste,Tienda,2,87.94,"175,88"
2025-05-02,Mouse,Norte,Tienda,2,24.74,"49,48 €"
26/06/2024,Monitor,Este,Online,11904,213.93,"213,93"
11-20-2024,Webcam,  Centro ,Tienda,4,63.73,"254,92 €"
2024-03-18,Webcam,Oeste,ONLINE,4,66.78,"267,12 €"
2024-12-25,Auriculares,centro,Tienda,5,87.08,"435,40 €"
2025-11-30,Mouse,Oeste,Tienda,1,24.83,"729,46"
2024-12-02,Auriculares,OESTE,Tienda,3,90.12,"270,36"
2025-08-04,Monitor,CENTRO,Tienda,1,221.5,"€221,50 €"
2025-08-28,Auriculares,Centro,online,1,89.52,"89,52"
2024-08-24,Monitor,CENTRO,on-line,4,214.43,"857,72 €"
2024-08-25,Monitor,OESTE,Online,4,215.81,"863,24"
12-03-2024,Mouse,Sur,Online,5,25.62,"128,10 €"
2024-05-21,TECLADO,Sur,Online ,4,44.79,"179,16 €"
2024-03-18,Auriculares,Sur,Online,4,95.76,"383,04"
2024-12-24,Mouse,Este,Online,4,23.85,"95,40"
2024-04-12,Mouse,Norte,Tienda,1,24.3,"24,30"
2025-12-11,Auriculares,Este,Distribuidor,4,74.05,"296,20"
27/11/2025,Monitor,Oeste,Tienda,1,208.5,"208,50 €"
2025-09-09,Mouse,Oeste,Online,5,25.43,"127,15"
2025-12-18,Mouse,Centro,Tienda,4,24.71,"€98,84 €"
2024-12-03,TECLADO,Norte,Online,2,45.75,"91,50"
2024-11-21,AURICULARES,NORTE,Online,3,89.44,"268,32"
2025-08-30,Mouse,Norte,Online,2,23.38,"46,76 €"
2025-04-10,Teclado,Oeste,Online,5,46.59,"232,95"
2025-12-30,Auriculares,Sur,Distribuidor,1,72.95,"72,95"
2024-12-11,Auriculares,sur,Tienda,1,86.38,"86,38"
2025-12-10,Webcam,Este,Online,1,66.55,"66,55 €"
2024-01-11,Mouse,Centro,Online,3,26.78,"80,34 €"
2024-12-11,Mouse,Norte,Distribuidor,4,20.78,"83,12"
2025-03-26,Monitor,Oeste,Online ,4,214.38,"857,52"
2025-01-28,Mouse,norte,Online,2,24.26,"48,52 €"
2024-03-12,Webcam,Oeste,Tienda,4,63.33,"253,32"
24/09/2024, Mouse,  Norte ,Online,4,24.83,"€99,32"
2025-12-01,Mouse,Norte,Online,4,25.6,"102,40"
2025-05-31,Auriculares,Sur,tienda,3,91.89,"275,67"
2024-08-27,Teclado,Norte,Tienda,2,46.72,"93,44"
2024-04-14,Auriculares,Centro,ONLINE,5,90.81,"€454,05"
2025-12-09,Mouse,Norte,Online,2,24.67,"49,34 €"
2024-10-26,Monitor,Norte,Tienda,NA,217.1,"1.085,50 €"
2024-03-22,Auriculares,Norte,Online,1,90.22,"90,22"
2024-03-07,Monitor,Norte,Tienda,3,215.42,"646,26"
2025-03-22,Mouse,Norte,Distribuidor,4,19.8,"79,20"
2024-08-20,Mouse,Centro,Distribuidor,2,21.1,"42,20"
2024-12-27,Auriculares,Oeste,Tienda,5,91.53,"457,65"
2025-09-06,Mouse,Norte,Online,4,24.27,"97,08 €"
2025-12-22,MONITOR,Este,Tienda,1,233.49,"233,49"
2025-10-08,Auriculares,Sur,Online,3,92.16,"276,48 €"
2024-12-21,Auriculares,Este,Tienda,2,88.17,"176,34"
2025-11-11,Teclado,Norte,Online,3,48.41,"€145,23 €"
2025-12-23,Mouse,Norte,Online,5,25.15,"125,75"
2025-07-04,Mouse,Sur,Tienda,3,23.91,"71,73 €"
2024-12-31,Auriculares,Norte,Online,4,94.18,"376,72"
2025-10-14,Mouse,OESTE,Distribuidor,1,20.67,"20,67"
2024-06-26,Monitor,Norte,Tienda,5,212.84,"1.064,20 €"
12-22-2025,AURICULARES,Centro,Online,4,89.02,"356,08 €"
2025-12-29,Webcam,Este,Distribuidor,4,51.18,"€204,72 €"
2024-12-28,Teclado,Norte,Online,3,45.2,"135,60"
2024-06-10,Webcam,Centro,Tienda,5,65.0,"€325,00"
2025-03-04,Auriculares,Centro,Online,2,91.58,"183,16"
2024-06-03,Auriculares,Centro,Tienda,1,90.11,"90,11 €"
2024-12-08,Webcam,Este,Distribuidor,5,53.61,"268,05"
2024-10-22,Monitor,sur,Online,1,216.2,"216,20"
01-04-2024,Mouse,Este,TIENDA,1,25.12,"25,12"
2024-05-03,Auriculares,Centro,Online,2,91.15,"182,30"
2024-09-24,Teclado,Este,online,4,47.06,"188,24"
2025-12-27,Auriculares,Oeste,Online,2,86.01,"172,02 €"
2025-03-01,Auriculares,Centro,Online,2,NULL,"183,16"
2024-10-14,Mouse,Este,Online,2,23.97,"47,94 €"
2024-12-20, Mouse,desconocida,Tienda,1,25.48,"€25,48 €"
2024-12-24,Mouse,Este,Tienda Fisica,4,24.45,"97,80 €"
2024-12-12,Monitor,Norte,Online,3,215.37,"646,11"
2025-07-26,Mouse,Norte,Online,5,25.76,"128,80"
2025-09-11,Auriculares,Este,Tienda,1,90.73,"90,73"
2025-11-16,Teclado,Oeste,Tienda Fisica,null,46.83,"140,49"
2024-12-19,Monitor,Norte,Tienda,3,222.09,"666,27"
2025-12-04,Webcam,Norte,Tienda física,5,66.09,"330,45"
2024-12-19,Auriculares,Norte,Online,2,84.99,"169,98"
2025-09-18,Teclado,Centro,Online,4,47.85,"191,40"
2024-02-22,Monitor,Oeste,Distribuidor,5,170.9,"854,50 €"
10/06/2025,Auriculares,?,Tienda,2,84.84,"169,68"
2024-10-30,Mouse,desconocida,Distribuidor,5,20.29,"101,45 €"
12-16-2025,Auriculares,Norte,ONLINE,5,88.36,"441,80 €"
2024-11-01,Auriculares,centro,Tienda,4,93.77,"375,08"
2024-12-31,Teclado,NORTE,Distribuidor,1,37.93,"€37,93"
2024-03-09,Auriculares,Centro,Distribuidor,3,76.78,"230,34"
2025-07-30,Monitor,Centro,on-line,2,215.57,"431,14"
2025-04-08,Auriculares,Oeste,Tienda,1,87.05,"302,40"
2024-11-08,Teclado,  Oeste ,Tienda,3,46.21,"€138,63"
2025-11-12,Mouse,Centro,Tienda,4,24.97,"99,88 €"
2025-07-20,Mouse,  Centro ,Online,1,25.69,"25,69"
2024-11-12,Auriculares,Norte,on-line,2,86.35,"172,70 €"
2025-05-04,Mouse,Este,DISTRIBUIDOR,4,19.66,"78,64"
2025-12-21,Teclado,OESTE,Online,4,43.86,"175,44"
2025-11-21,Mouse,Centro,online,3,25.67,"77,01"
2025-12-25,Auriculares,Centro,Online,3,89.51,"268,53"
2025-12-05,Webcam,SUR,Online,4,67.06,"€268,24 €"
2025-01-19,Mouse,Oeste,Distribuidor,3,20.7,"62,10"
2024-11-01,Mouse,Centro,Online,4,24.63,"98,52 €"
2024-06-18,Mouse,Oeste,Tienda,5,25.24,"126,20"
2025-12-02,Monitor,Este,Tienda,5,219.23,"1.096,15 €"
2025-06-04,Teclado,Sur,Online,2,45.05,"90,10 €"
2025-10-11,Teclado,Norte,Online,2,44.62,"89,24 €"
2024-11-10,Webcam,Norte,Online,3,66.35,"199,05"
2025-09-04,Auriculares,NORTE,Distribuidor,5,76.04,"380,20"
,,,,,,
2025-11-30,Monitor,Norte,Tienda,5,224.83,"1.124,15 €"
2025-02-23,Mouse,SUR,Online,5,23.25,"116,25 €"
2024-04-03,Mouse,Centro,on-line,4,25.21,"100,84"
2025-03-16,Mouse,centro,Online,1,23.73,"23,73"
2024-05-02,Teclado,Norte,Online,4,47.32,"189,28"
2024-12-02,Auriculares,Centro,Online,2,91.46,"182,92"
05-05-2025,Teclado,Sur,Online,3,43.32,"129,96"
10-01-2025,Auriculares,Este,distribuidor,4,69.81,"279,24 €"
2025-12-28,Webcam,desconocida,Online,2,62.19,"124,38"
14/05/2025,Teclado,Centro,Online,2,45.13,"€90,26"
2024-11-03,Monitor,Sur,Tienda,5,208.63,"1.043,15"
2024-10-22, Teclado,Norte,Online,1,44.23,"44,23"
2025-07-08,Webcam,Norte,Distribuidor,4,55.92,"223,68"
2024-05-12,Webcam,Oeste,Online,3,65.59,"196,77"
2024-11-25,MOUSE,Norte,Distribuidor,4,20.8,"83,20"
2024-03-04,Mouse,Centro,TIENDA,3,,"75,21"
2025-01-23,Mouse,Centro,Tienda,1,25.87,"25,87"
2025-12-20, Mouse,desconocida,Online,1,25.11,"25,11 €"
2025-05-06,Teclado,sur,Tienda,3,45.71,"137,13 €"
2024-12-24,Monitor,Sur,Online,1,208.93,"208,93 €"
2024-10-28,Mouse,Oeste,Tienda,5,23.61,"118,05"
2024-03-15,MOUSE,Sur,Distribuidor,4,19.11,"76,44"
2024-02-05,Monitor,Norte,Online,3,216.53,"649,59"
,Monitor,  Centro ,Online,2,222.68,"445,36"
2024-07-14,Teclado,Este,online,5,46.07,"230,35"
2024-06-30, Teclado,Norte,Distribuidor,5,36.48,"182,40 €"
05-19-2025,Auriculares,Oeste,Distribuidor,3,73.59,"220,77"
04/05/2024,AURICULARES,Norte,Tienda física,1,85.12,"85,12"
10-04-2024,Webcam,Centro,Tienda,5,65.84,"329,20 €"
2024-11-29,Auriculares,Oeste,ONLINE,5,84.1,"420,50"
2025-07-26,Teclado,Este,Online,2,46.23,"92,46 €"
2025-07-08,Monitor,Centro,Online,3,NULL,"658,92"
2024-06-12,Mouse,  CENTRO ,Tienda,5,25.42,"127,10"
2025-03-23,Monitor,Norte,Distribuidor,2,184.51,"369,02 €"
2025-07-19,Teclado,Norte,Online,2,44.43,"88,86"
09-16-2025,Auriculares,Centro,Tienda,1,91.22,"91,22 €"
12-24-2025,Mouse,Norte,Online,1,25.63,"25,63"
2024-10-31,AURICULARES,Norte,Distribuidor,5,72.42,"362,10"
2025-03-14,Auriculares,Sur,Online,2,91.35,"182,70"
2025-07-05,Mouse,Norte,Online,1,NULL,"25,77"
2025-08-19,Mouse,Este,Distribuidor,4,20.94,"€83,76 €"
2025-06-14,Mouse,Norte,Online,1,25.97,"25,97"
2025-10-14,Teclado,Sur,Online,3,45.57,"136,71 €"
2024-11-18,Auriculares,Sur,Tienda,1,88.13,"88,13 €"
2024-08-19,Teclado,Oeste,Online,1,46.12,"46,12"
2024-03-09,Mouse,  Norte ,Online,4,24.52,"98,08"
2025-04-09,Monitor,Norte,Distribuidor,2,181.5,"363,00"
04/07/2024,Mouse,Sur,Online,2,24.25,"48,50 €"
2025-11-14,MOUSE,Norte,Tienda,5,24.71,"123,55"
28/10/2025,Mouse,este,ONLINE,5,24.84,"124,20"
03-02-2025,Webcam,Centro,Tienda,4,66.62,"266,48"
2024-02-26,Teclado,Oeste,Distribuidor,5,38.62,"193,10 €"
2025-12-15,Monitor,Sur,Tienda,4,218.9,"875,60 €"
2025-12-07,Teclado,  Sur ,Tienda,3,44.93,"134,79"
,Mouse,Oeste,Tienda,4,25.58,"102,32"
2025-12-03,Mouse,desconocida,Distribuidor,4,20.36,"640,61"
2024-04-05,Mouse,Oeste,Online,5,25.21,"126,05"
2024-11-20,Monitor,Norte,Online,4,NULL,"882,60"
2024-12-22,Auriculares,Centro,Distribuidor,5,70.68,"353,40 €"
2024-12-19,Auriculares,,Tienda,1,92.8,"92,80"
2025-03-27,Teclado,Norte,Online,2,43.47,"86,94"
09-27-2024,Webcam,Norte,TIENDA,3,64.29,"€192,87 €"
2025-10-30,Teclado,Este,Online,5,43.61,"218,05"
2025-10-18,Mouse,Norte,Tienda,2,25.75,"363,21"
2024-01-07,Mouse,Oeste,Online,5,25.15,"125,75"
2025-12-26,Mouse,centro,Distribuidor,5,20.81,"104,05"
2024-11-02,Webcam,Este,Distrib.,3,52.8,"158,40"
2025-11-01,Teclado,Este,Online,1,45.33,"45,33"
2025-05-20,Webcam,oeste,online,2,62.49,"124,98 €"
2025-12-23,Auriculares,Este,Online,2,89.33,"178,66"
09-01-2024,Mouse,Norte,Online,N/A,27.15,"108,60 €"
2025-01-06,Auriculares,Oeste,Online,4,91.93,"367,72"
2025-07-02,Teclado,ESTE,Distribuidor,5,39.05,"195,25"
2024-07-15,Teclado,Norte,Online,5,45.59,"227,95 €"
2024-04-13,Webcam,Este,Online,3,67.0,"201,00"
2025-04-07,Auriculares,Este,Tienda,2,86.28,"172,56"
2024-01-03,Monitor,Este,Online,5,229.68,"1.148,40 €"
2024-12-12,Mouse,Oeste,Tienda,2,27.14,"54,28"
2024-06-22,Monitor,Sur,Tienda,3,222.45,"667,35 €"
2025-12-27,Auriculares,Norte,TIENDA,3,86.11,"258,33"
2024-04-30,Teclado,Oeste,Online,4,48.31,"193,24"
2025-02-01,Mouse,Norte,Online,5,24.9,"124,50 €"
15/05/2024,Auriculares,Sur,Online,1,91.53,"91,53"
2025-12-22,Teclado,Norte,TIENDA,5,44.06,"220,30"
2024-04-06,TECLADO,Norte,Online,3,43.97,"131,91"
2025-06-17,Teclado,Centro,ONLINE,3,45.49,"136,47 €"
25/06/2025,Teclado,Este,Online,1,43.44,"43,44"
2024-11-17,Auriculares,Norte,Distribuidor,4,73.79,"295,16"
2025-04-04,Webcam,Oeste,Tienda,5,64.11,"320,55"
01-07-2025,Mouse,Este,Distribuidor ,4,21.32,"85,28"
2024-04-24,Mouse,Norte,Online,4,25.28,"101,12 €"
2025-05-22,Auriculares,Centro,Distribuidor,1,74.86,"€74,86"
2025-11-25,Mouse,CENTRO,Distribuidor,5,20.12,"100,60"
2025-11-27,Teclado,Norte,Online ,1,44.9,"44,90 €"
2025-11-29, Monitor,Centro,Distribuidor,1,176.86,"176,86 €"
2025-12-22,Teclado,,Tienda,3,45.2,"135,60"
,Auriculares,Oeste,Distribuidor,4,70.98,"283,92"
2024-09-10, Teclado,Centro,Distribuidor,4,40.07,"773,27"
11-06-2024,Auriculares,oeste,Tienda,2,89.49,"178,98"
2024-06-21,MOUSE,SUR,Distribuidor,3,19.83,"59,49 €"
2025-01-27,Auriculares,sur,Online,3,88.08,"264,24 €"
2024-12-04,Auriculares,NORTE,Online,4,NULL,"366,64"
21/11/2024,Monitor,Sur,Tienda,2,218.86,"437,72"
2025-03-06,Monitor,Oeste,Online,5,227.47,"1.137,35"
2025-11-23,Mouse,Sur,Distribuidor,5,19.81,"99,05"
2025-10-19,Mouse,Sur,Online,4,24.91,"99,64 €"
2025-11-22,Auriculares,SUR,distribuidor,4,72.94,"291,76"
2025-01-28,Webcam,Sur,Distribuidor,4,50.87,"€203,48 €"
2024-12-16,Auriculares,Oeste,tienda,5,84.37,"€421,85"
2024-08-06,Auriculares,Sur,Online,4,85.01,"340,04"
2024-11-28,Teclado,Este,Online,1,45.96,"45,96 €"
2025-12-25,Monitor,Sur,Online,3,221.93,"665,79"
2024-06-25,Auriculares,Sur,tienda,3,92.2,"€276,60"
2024-07-19,Mouse,Oeste,Online,1,23.99,"23,99"
2024-10-30,Webcam,  Norte ,Online,5,61.25,"€306,25"
2024-08-22,Auriculares,Norte,Online,5,95.68,"478,40"
17/10/2024,Webcam,norte,Distrib.,5,53.37,"266,85"
11-23-2025,Auriculares,oeste,Tienda,2,87.21,"174,42"
16/11/2025,Mouse,Centro,Tienda,5,24.13,"120,65"
01/11/2025,Monitor,Oeste,Tienda,5,216.27,"1.081,35"
2025-06-29,Mouse,Centro,Online,3,25.48,"76,44 €"
2024-02-19,Auriculares,?,ONLINE,4,89.92,"359,68"
2024-11-24,Mouse,Oeste,online,3,24.88,"74,64 €"
2024-05-31,Monitor,Norte,Tienda física,5,212.62,"1.063,10 €"
2025-06-21,Mouse,oeste,Online,4,24.65,"711,74"
2025-11-04,Monitor,Centro,Online,2,217.74,"435,48"
2024-10-31,Mouse,Oeste,Online,4,25.21,"100,84"
2024-05-22,TECLADO,Norte,Online,5,45.53,"227,65"
2025-07-29,Mouse,ESTE,Distribuidor,N/A,20.41,"81,64"
2024-07-23,Webcam,norte,Online ,3,69.33,"207,99"
2024-11-14,Auriculares,?,Distribuidor,5,77.53,"387,65"
2025-10-04,Auriculares,Este,Distribuidor,3,71.52,"214,56"
2025-12-28,Auriculares,Norte,Online,4,15413.13,"€366,36 €"
2025-11-10,Auriculares,Centro,Online,4,92.69,"370,76"
11-25-2024,Webcam,Norte,Online,5,67.57,"828,61"
2024-11-19,Mouse,Norte,Distribuidor,2,19.98,"39,96"
2025-06-20,Monitor,Este,DISTRIBUIDOR,2,180.87,"361,74 €"
2025-12-25,Auriculares,Sur,Online,1,87.06,"87,06"
2025-06-29,Teclado,Este,tienda,4,46.89,"187,56 €"
2024-10-05,Mouse,oeste,Tienda,2,25.37,"50,74 €"
2024-11-26,Auriculares,Sur,Online,1,90.63,"90,63 €"
16/11/2025,Auriculares,Norte,Distribuidor ,2,NULL,"153,74"
2024-07-18,Mouse,Norte,tienda,1,25.35,"25,35"
2024-05-28,Webcam,Sur,Online,3,62.15,"186,45 €"
2025-04-24,Teclado,Norte,ONLINE,5,44.79,"€223,95 €"
2025-05-17,Monitor,Centro,Distribuidor,2,181.82,"363,64"
2025-06-06,Monitor,SUR,Distrib.,5,178.5,"892,50"
2025-04-25,Teclado,Norte,Tienda,3,45.75,"137,25"
2025-09-21,Mouse,Este,Tienda,5,24.88,"124,40"
2024-11-07,Monitor,Norte,ONLINE,2,228.58,"457,16 €"
08/10/2025,Monitor,Oeste,TIENDA,4,222.39,"889,56 €"
2025-12-19,Teclado,Este,Online,5,45.38,"226,90"
2024-04-20, Teclado,Oeste,Tienda,3,44.85,"134,55"
2024-12-23,Auriculares,Sur,Distribuidor,-3,73.59,"220,77 €"
2025-12-02,Auriculares,Norte,Tienda,1,93.1,"93,10"
2024-02-21,Auriculares,Este,Distribuidor,1,74.13,"74,13"
2025-05-30,Teclado,Centro,Tienda,5,46.69,"233,45 €"
04/12/2025,Teclado,SUR,Online,5,45.32,"226,60"
2024-01-14,Auriculares,Este,Distribuidor,3,73.62,"220,86"
2025-11-26,Teclado,Centro,Tienda,4,43.82,"175,28 €"
2025-12-04,MOUSE,sur,Tienda física,3,24.2,"72,60"
2024-04-15,Monitor,Este,Tienda,4,223.32,"893,28"
2024-08-24,Mouse,Oeste,Online,2,25.5,"51,00 €"
24/02/2024,Mouse,Oeste,Distribuidor,3,19.95,"59,85"
2024-08-07,Auriculares,Oeste,Online,3,88.88,"266,64"
2024-10-13,Webcam,Centro,Online,5,64.33,"321,65 €"
2024-12-01,Auriculares,Norte,Tienda,1,90.28,"90,28 €"
2024-05-25,Mouse,Oeste,Online,null,22.85,"68,55"
2024-02-19,Teclado,norte,Online ,3,44.55,"133,65"
2024-10-16,Webcam,centro,online,4,62.17,"248,68"
2025-03-15,Monitor,Oeste,Distribuidor,3,179.69,"539,07"
2025-10-26,Teclado,?,Online,5,46.12,"€230,60 €"
2024-04-26,Teclado,Oeste,online,4,44.54,"€178,16 €"
2025-01-22,Auriculares,Oeste,online,4,88.88,"355,52 €"
2025-12-05,Auriculares,Sur,Distrib.,1,75.96,"75,96 €"
06-16-2025,Mouse,Norte,Online,3,26.11,"78,33"
2025-07-08,Auriculares,Centro,Online,3,91.8,"275,40 €"
2025-05-10,Auriculares,Este,Tienda,2,86.38,"172,76 €"
2025-06-23,Auriculares,Centro,Online,2,90.6,"181,20"
2025-09-09,Teclado,Sur,Distribuidor,2,36.34,"72,68"
2024-12-11,Auriculares,Este,Distribuidor,null,72.45,"289,80"
2024-08-27,Mouse,Este,online,4,24.45,"97,80 €"
,Auriculares,  Sur ,Tienda,5,92.98,"464,90"
2025-09-24,Monitor,Norte,Online,4,213.49,"853,96 €"
07-21-2025,Mouse,Este,TIENDA,4,24.72,"98,88"
2025-11-11,Mouse,Centro,TIENDA,2,25.0,"50,00"
2025-11-17,Mouse,Centro,Tienda,4,25.58,"102,32"
2025-03-23,Teclado,Centro,Tienda,5,43.76,"218,80"
2025-03-10,Teclado,Este,Tienda,3,44.87,"134,61"
15/04/2025,WEBCAM,Centro,Distribuidor,4,53.26,"213,04"
2024-11-05,Mouse,Norte,online,2,24.63,"49,26"
2025-04-26,Auriculares,Centro,Distribuidor,3,76.65,"€229,95 €"
2024-07-10,Teclado,Oeste,Tienda,4,43.34,"173,36 €"
2025-12-12,Auriculares,ESTE,Distribuidor,4,76.18,"304,72"
2025-10-10,Auriculares,Sur,Tienda,5,95.62,"478,10 €"
2024-10-13,Auriculares,Norte,Online,2,86.09,"81,41"
2024-10-07,Auriculares,Norte,Online,1,92.35,"€92,35 €"
2025-11-19,Teclado,Norte,Tienda,1,46.0,"46,00 €"
2024-07-21,Auriculares,Sur,Online,2,88.0,"176,00"
2025-05-26,Webcam,Oeste,Distribuidor,5,53.95,"269,75"
2024-12-30,Monitor,Este,Online,1,225.82,"225,82"
07/08/2025,Auriculares,Norte,Tienda,2,86.66,"173,32 €"
2024-12-13,MOUSE,Centro,Distribuidor,1,20.86,"20,86 €"
2025-01-06,Auriculares,ESTE,online,3,92.31,"276,93"
2024-12-22,Teclado,Oeste,Online,5,46.13,"230,65"
2025-12-10,Teclado,Este,Online,2,44.3,"88,60"
2025-12-15,Teclado,Centro,Tienda,1,45.73,"€45,73"
2024-10-23,Webcam,Sur,Online,4,64.35,"257,40 €"
2025-12-19,Auriculares,Norte,Distribuidor,4,73.85,"295,40"
2024-08-15,Monitor,Norte,Online,5,233.15,"1.165,75"
2024-03-01,Auriculares,Oeste,Online,NA,96.13,"480,65"
2024-01-15,Teclado,Centro,Online,2,45.88,"91,76"
01/10/2024,MOUSE,Centro,Online,5,23.78,"118,90"
2024-02-03,Auriculares,Norte,online,4,92.59,"370,36"
18/12/2024,Teclado,Norte,Online,3,44.04,"132,12"
2024-01-27,Auriculares,Centro,ONLINE,1,86.99,"86,99"
07/03/2025,Mouse,Norte,Online,5,25.55,"127,75"
2024-11-03,Auriculares,Oeste,Tienda,3,92.78,"278,34 €"
2025-05-30,Mouse,Centro,Online,3,23.84,"€71,52 €"
11-21-2024,Auriculares,  Este ,Online,2,94.71,"189,42"
2024-06-11,Teclado,Norte,Online,1,44.56,"44,56"
2025-01-14,Webcam,Centro,Distribuidor,1,51.9,"51,90"
2024-11-22,Teclado,Norte,Distribuidor,4,36.96,"147,84 €"
2025-12-03,Teclado,Este,Tienda,2,45.76,"91,52"
11/09/2025,Mouse,Norte,Online,3,24.5,"73,50"
2025-11-29,Auriculares,Sur,Tienda,2,90.61,"181,22"
2024-12-12,Mouse,Este,Online,3,25.52,"76,56"
2024-12-05,Monitor,Norte,Online,5,213.79,"€1.068,95 €"
2025-11-12,Auriculares,Este,Online,2,92.49,"184,98"
23/08/2024,Auriculares,Sur,Tienda,2,83.4,"166,80"
2024-11-11,Auriculares,Centro,Online,4,86.87,"347,48 €"
17/03/2025,Webcam,Oeste,Online,1,61.05,"61,05 €"
2024-01-30,Auriculares,Oeste,Distribuidor,5,73.2,"366,00 €"
2025-12-03,Auriculares,Norte,Tienda,2,89.25,"178,50 €"
,,,,,,
11-08-2025,Auriculares,Centro,Online,4,90.09,"360,36"
11/12/2024,Webcam,Sur,Online ,1,64.3,"64,30"
2025-08-21,Teclado,Oeste,tienda,4,43.78,"175,12 €"
2025-02-13,Mouse,Este,Online,4,24.67,"98,68"
2024-08-10,Mouse,,Tienda,2,25.39,"50,78 €"
2025-09-05,Auriculares,centro,Distribuidor,1,73.58,"73,58 €"
28/11/2024,MONITOR,Norte,Online,1,230.91,"230,91 €"
2024-03-12,Teclado,Sur,ONLINE,5,46.52,"€232,60"
2024-12-05,Teclado,  Este ,Online,5,46.31,"€231,55 €"
2025-12-07,TECLADO,Centro,Tienda,2,45.26,"90,52"
2024-05-13,Teclado,Norte,Tienda física,5,45.25,"226,25 €"
2025-08-18,Teclado,Norte,Distribuidor,4,37.79,"€151,16"
2025-11-27,Auriculares,Este,Online ,3,90.89,"272,67"
2024-12-30,Auriculares,Sur,Online,5,88.71,"443,55"
2025-08-23,Teclado,Este,Distribuidor,1,38.21,"38,21"
2025-11-06,Webcam,Sur,Online,4,64.27,"257,08 €"
2024-12-01,Auriculares,Sur,Tienda,4,85.74,"342,96 €"
2025-03-02,Monitor,Norte,Online,5,214.66,"1.073,30 €"
2025-10-08,WEBCAM,Este,Online,3,62.81,"188,43 €"
2024-01-31,Teclado,Este,Tienda,5,43.62,"218,10"
2024-04-22,Teclado,Oeste,Tienda física,1,47.9,"47,90"
2025-11-26,Auriculares,Sur,ONLINE,2,88.93,"177,86"
28/12/2025,Monitor,Centro,Distribuidor,1,181.12,"€181,12"
2025-11-07,Teclado,Norte,Tienda,-2,47.14,"94,28"
2024-08-20,Mouse,CENTRO,Online,2,24.98,"49,96"
2025-01-20,Teclado,Sur,Tienda,2,45.71,"91,42"
2024-07-02,Mouse,Norte,Tienda,5,24.66,"123,30"
2024-04-06,AURICULARES,Centro,Distribuidor,2,72.77,"145,54 €"
2024-01-09,Auriculares,  OESTE ,Tienda,2,95.12,"190,24"
2024-11-28,Auriculares,Sur,Tienda,3,89.06,"267,18"
2025-10-15,Teclado,Sur,Tienda,4,44.66,"178,64 €"
2025-10-13,Monitor,Oeste,Online,4,221.83,"887,32"
2024-04-01,Mouse,Este,Tienda,3,25.32,"634,62"
2024-01-01,Monitor,Norte,ONLINE,3,228.07,"684,21 €"
2025-12-05,AURICULARES,Norte,Online,4,92.62,"370,48"
2024-12-25,Mouse,  Centro ,Online,1,26.11,"26,11 €"
2024-11-22,Auriculares,Este,Distribuidor,3,72.3,"216,90"
2024-04-17,Monitor,Centro,Online ,5,225.05,"1.125,25"
2024-09-10, Monitor,Este,Distribuidor,4,192.27,"769,08"
2025-01-16,Teclado,  Centro ,Online,3,45.69,"137,07"
2024-10-27,Teclado,Sur,Online,2,45.72,"91,44 €"
10-04-2024,Teclado,Norte,Online,3,44.86,"134,58"
2024-06-02,Auriculares,Norte,Online,1,88.03,"88,03"
2025-08-18,Mouse,Oeste,ON-LINE,1,24.32,"24,32 €"
2024-06-29,AURICULARES,Norte,Tienda,4,87.38,"349,52 €"
2025-11-05,Teclado,Este,TIENDA,1,47.03,"€47,03"
2025-01-14,Monitor,Centro,Distribuidor,1,185.03,"185,03"
2024-08-11,Mouse,Norte,Online,1,24.46,"24,46"
2024-11-16,Auriculares,este,Online,4,90.07,"360,28"
2025-04-12,Mouse,Este,Distrib.,3,20.56,"61,68 €"
,Mouse,Norte,Tienda,3,25.45,"76,35"
2024-05-23,Webcam,Centro,Distribuidor,2,52.9,"105,80"
2024-11-07,Auriculares,Norte,Online,5,88.08,"440,40 €"
2024-12-27,Mouse,Centro,Tienda física,3,24.27,"72,81"
2025-10-21,Mouse,Norte,Tienda Fisica,2,n/a,"51,42 €"
2024-11-01,Mouse,Sur,tienda,4,24.87,"99,48"
2024-12-08,Mouse,Sur,Online ,1,24.42,"24,42"
2024-03-19,Mouse,Norte,Online,3,23.71,"71,13 €"
2024-02-26,Mouse,Centro,Online,4,24.47,"97,88"
2025-11-10,Mouse,Norte,Tienda,3,25.86,"77,58"
2025-11-01,Teclado,Oeste,Tienda,3,46.47,"139,41 €"
2025-05-13,Teclado,Este,Online,null,43.26,"43,26"
01/07/2025,Teclado,Este,Online ,3,43.04,"129,12 €"
2025-05-30,Auriculares,CENTRO,Online,,91.06,"91,06"
2025-05-31,Auriculares,Sur,Online,2,91.31,"182,62"
2024-06-12,TECLADO,Sur,Online,2,44.7,"89,40 €"
2025-01-09,Teclado,Centro,Distribuidor,1,37.58,"37,58"
2024-06-12,Mouse,Sur,Tienda,3,26.23,"78,69"
2025-12-22,Webcam,Norte,Online,1,64.33,"64,33"
2024-12-24,Mouse,Este,Tienda Fisica,4,24.45,"97,80 €"
2024-10-25,Auriculares,Oeste,Tienda,5,85.83,"429,15"
2025-06-23,Teclado,Norte,Online,1,43.12,"43,12"
2024-11-12,Monitor,Oeste,Tienda Fisica,1,215.15,"215,15"
2025-06-12,Teclado,este,Tienda,1,44.15,"44,15"
2025-12-14,Teclado,Sur,Distribuidor,5,36.86,"184,30"
,Teclado,?,DISTRIBUIDOR,5,37.78,"€188,90 €"
2025-06-29,Mouse,Centro,tienda,1,25.0,"25,00"
2025-09-21,Auriculares,Centro,Online,4,93.03,"372,12"
2025-01-21,Auriculares,Oeste,Tienda,4,92.6,"370,40"
2025-06-20,Auriculares,Oeste,Distribuidor,3,74.19,"222,57"
2024-03-15,Monitor,Oeste,Distribuidor,3,177.37,"532,11"
2024-11-25,Mouse,Centro,on-line,5,24.82,"124,10"
2024-12-07,Teclado,Norte,Tienda,2,46.88,"93,76"
,Monitor,Norte,Online,3,221.25,"663,75"
2024-11-22,Mouse,Norte,Tienda,3,23.42,"70,26 €"
2025-06-27,Monitor,  Norte ,Online,5,212.96,"1.064,80"
2024-03-25,Auriculares,Norte,Distribuidor,1,73.11,"73,11"
2025-09-09,Teclado,Centro,Online,5,44.8,"224,00 €"
2024-01-21,Auriculares,Oeste,Online,1,89.48,"89,48 €"
2024-11-03,Auriculares,Centro,Tienda,2,89.33,"178,66 €"
2025-10-22,Auriculares,Norte,Online,5,93.15,"336,90"
2024-03-02,Mouse,Norte,Online,4,22.94,"91,76"
2024-10-29,Mouse,Este,Online,4,24.34,"97,36"
2024-03-27,Mouse,Norte,Tienda,5,24.89,"124,45"
2024-04-11,Webcam,Norte,Online,1,64.09,"64,09"
01-27-2025,Mouse,Centro,Distribuidor,3,19.89,"59,67 €"
2024-02-06,Teclado,Norte,Tienda,2,44.99,"89,98"
2024-11-15,Webcam,  Oeste ,Online,3,65.05,"195,15"
2024-06-28,Mouse,desconocida,Distribuidor,2,20.78,"41,56"
2025-11-08,Mouse,Centro,distribuidor,4,20.24,"80,96"
2025-04-04,Auriculares,Sur,Tienda,2,90.42,"180,84"
2025-02-24,Webcam,Oeste,Online,4,62.67,"250,68"
2025-03-19,Auriculares,Centro,Tienda,5,92.41,"462,05 €"
2024-12-04,Teclado,Oeste,Tienda,1,45.71,"45,71 €"
2024-12-15,Mouse,Oeste,Distribuidor,1,20.58,"€20,58"
2025-10-14,Teclado,Centro,Tienda,1,44.55,"248,09"
2025-03-10,Auriculares,norte,Online,2,90.01,"180,02"
2024-11-20,Monitor,Norte,Online,4,NULL,"882,60"
2024-10-08,Webcam,Este,Tienda,3,61.28,"183,84 €"
2024-04-11,Auriculares,Norte,Tienda,4,93.42,"373,68 €"
09/10/2024,Auriculares,Oeste,Tienda,1,87.56,"87,56 €"
2025-12-30,Mouse,Oeste,on-line,1,25.25,"25,25 €"
2024-11-03,Mouse,Norte,online,1,25.26,"25,26"
24/03/2024,Auriculares,Este,Online,2,93.97,"187,94"
2025-09-13,Teclado,NORTE,Distribuidor,2,37.04,"74,08"
2024-04-14,Mouse,Norte,Distribuidor,4,20.82,"83,28 €"
2025-12-23,Monitor,Este,Online,5,225.11,"1.125,55"
2025-11-02,Monitor,Norte,on-line,5,212.07,"€1.060,35 €"
2025-03-14,Monitor,Sur,Tienda,5,210.21,"1.051,05 €"
2025-12-28,Teclado,Oeste,Online,1,46.79,"€46,79"
2025-04-24,Monitor,Norte,Tienda,4,229.44,"€917,76"
2024-10-02,Teclado,Norte,Online,3,46.16,"€138,48"
2024-12-04,Auriculares,Oeste,Distribuidor,3,74.67,"224,01"
2024-12-29,Mouse,Este,Online,4,24.16,"96,64 €"
12-04-2024,Webcam,Sur,Online,3,64.73,"194,19"
2024-03-07,Monitor,Este,Tienda física,3,217.68,"653,04"
2024-08-26,Teclado,Este,distribuidor,3,37.42,"112,26"
2025-08-31,Auriculares,Este,Distribuidor,2,75.08,"150,16 €"
2024-04-17,Webcam,Centro,Tienda,5,62.41,"312,05 €"
2025-10-13, Auriculares,Este,Online,4,90.5,"362,00"
2024-12-24,Auriculares,Norte,ONLINE,2,90.1,"180,20"
2025-09-24,Mouse,Norte,Online,5,22.88,"114,40 €"
2025-09-04,Auriculares,Este,Tienda,2,92.31,"184,62"
2024-07-16,Auriculares,Centro,Tienda,3,88.04,"264,12 €"
2024-02-28,Auriculares,Centro,Tienda,2,n/a,"175,16"
2024-06-14,Webcam,Centro,Online,2,63.44,"126,88 €"
2025-08-14,Auriculares,,Distribuidor,2,70.26,"140,52 €"
2024-05-01,Auriculares,Norte,Distribuidor,3,73.15,"219,45 €"
2024-06-18,Mouse,Oeste,Tienda,3,25.93,"77,79 €"
2025-04-15,Auriculares,Norte,Distribuidor,2,72.95,"145,90"
06-23-2025,Auriculares,Oeste,Tienda,4,93.38,"373,52 €"
2025-11-08,Monitor,Oeste,Tienda Fisica,1,218.95,"218,95"
,Auriculares,Norte,on-line,4,95.18,"380,72"
2024-09-09,Teclado,Este,Distribuidor,1,37.95,"37,95 €"
12-24-2024,Monitor,Norte,Distribuidor,null,184.15,"552,45 €"
2024-11-11,Webcam,Norte,Distribuidor,5,49.13,"245,65 €"
2024-12-23, Webcam,Centro,Online,-,65.08,"195,24 €"
2025-08-16,Mouse,Norte,Online,2,24.25,"48,50 €"
2025-02-05,Auriculares,oeste,Online,5,88.65,"443,25"
2024-01-24,Mouse,OESTE,Tienda física,4,25.5,"102,00"
2024-07-04,Teclado,Centro,Online,5,43.28,"216,40 €"
2025-04-11,Auriculares,Sur,DISTRIBUIDOR,1,77.65,"77,65 €"
2024-04-03,Monitor,Sur,Tienda,5,211.51,"1.057,55 €"
2024-07-13,Teclado,SUR,Distribuidor,5,37.2,"186,00 €"
2024-07-05,Mouse,Oeste,online,5,24.87,"124,35"
2025-02-12,Auriculares,Este,Distribuidor,N/A,72.38,"361,90"
2024-10-29,Mouse,Oeste,online,3,25.43,"76,29"
,Teclado,  Norte ,Online,2,47.07,"94,14 €"
2025-02-11,Teclado,Sur,ONLINE,2,,"88,72 €"
2024-06-30,Mouse,Oeste,Distribuidor,3,20.38,"61,14 €"
06/09/2024,Teclado,Oeste,Distribuidor,4,39.35,"157,40"
2025-07-01,Teclado,Sur,DISTRIBUIDOR,2,38.51,"77,02 €"
2025-10-12,Monitor,Sur,Tienda,1,226.38,"226,38"
2024-09-01,Auriculares,Centro,Online,4,90.16,"€360,64 €"
2024-10-15,TECLADO,Centro,Distribuidor,3,35.06,"€105,18"
2025-10-26,Webcam,Norte,Tienda,3,62.39,"187,17"
2025-11-06,Teclado,Oeste,Tienda física,3,46.47,"€139,41"
2025-09-06,Teclado,Centro,Online,5,47.51,"€237,55 €"
2024-06-21,Teclado,Este,Tienda,1,45.23,"€45,23"
2024-09-22,Mouse,Sur,Online,5,25.44,"127,20 €"
2024-09-28,Mouse,Sur,Tienda,1,24.82,"24,82"
2025-11-23,WEBCAM,Norte,Distribuidor,4,51.04,"204,16"
2024-11-04,Auriculares,ESTE,Tienda,1,89.11,"89,11 €"
2025-09-03,Mouse,Centro,Online,5,23.76,"118,80 €"
2024-05-18,Mouse,Este,Online,5,25.07,"125,35 €"
2025-12-20, Mouse,desconocida,Online,1,25.11,"25,11 €"
2024-06-29,Webcam,Sur,tienda,NA,62.77,"125,54"
2024-12-26,Webcam,oeste,Tienda,2,65.25,"130,50"
2025-07-31,MONITOR,Centro,Online,3,219.66,"658,98 €"
2025-12-19,Teclado,Oeste,Online,1,46.49,"46,49"
07-16-2025,Mouse,Oeste,Online ,3,24.29,"72,87"
2025-11-10,Mouse,Oeste,Online,3,24.56,"73,68"
2025-06-11,Monitor,Norte,Distribuidor,3,182.59,"547,77"
2025-12-26,Monitor,Norte,Tienda,3,210.6,"631,80 €"
2025-07-02,Teclado,Norte,Tienda,5,44.52,"222,60"
2025-04-26,Teclado,Norte,Online,1,47.5,"47,50"
07-17-2024,Auriculares,SUR,Online,1,89.76,"89,76"
2025-01-16,Teclado,norte,Distribuidor,3,37.35,"112,05"
2024-01-06,Monitor,Centro,Tienda,1,231.21,"€231,21"
2025-07-13,Monitor,Sur,Online,null,224.22,"224,22"
07-27-2024,Teclado,Oeste,Online,null,45.2,"180,80 €"
05/09/2025,Mouse,Norte,Online,2,25.12,"50,24"
2024-11-30,Teclado,Centro,Online,3,46.02,"138,06"
2025-11-19,Mouse,Sur,Online,5,25.06,"125,30 €"
2024-07-23,Auriculares,norte,Distribuidor,1,73.18,"73,18 €"
2025-05-13,Monitor,Oeste,Distribuidor,1,177.82,"177,82"
2024-11-24,Monitor,Centro,Online,2,215.12,"430,24 €"
2024-03-05,Auriculares,Centro,Online,3,92.19,"€276,57 €"
2024-04-08,Monitor,Norte,Tienda,1,218.94,"218,94"
08-13-2024,Monitor,Centro,Tienda,4,215.61,"862,44"
10/08/2025,Auriculares,Sur,ONLINE,1,89.28,"89,28 €"
2025-12-31,Teclado,Norte,Online,2,45.58,"91,16"
2025-10-23,Mouse,este,Online,3,24.68,"74,04"
11-28-2025,Mouse,  Norte ,Online,5,24.43,"122,15"
2025-08-17,Mouse,Sur,Tienda física,1,26.42,"26,42"
2024-12-17,Auriculares,Este,online,2,87.98,"175,96"
2025-06-17,Mouse,Norte,Online ,1,24.54,"24,54"
2024-09-08,Auriculares,Norte,distribuidor,2,77.64,"155,28"
2024-09-28,Monitor,Sur,Online,4,214.02,"856,08 €"
01-21-2024,Monitor,Norte,Distribuidor,1,183.64,"183,64"
2024-11-01,Monitor,Este,Online,1,220.21,"220,21"
2025-09-27,Mouse,Centro,Tienda,3,25.22,"75,66"
10/08/2025,Auriculares,Sur,ONLINE,1,89.28,"89,28 €"
2025-11-22,Mouse,Norte,Tienda,3,24.66,"73,98"
2025-04-26,Monitor,Este,Distribuidor,3,175.98,"527,94"
2024-10-15,Teclado,Sur,Tienda,5,46.06,"230,30 €"
,Auriculares,Sur,Distribuidor,3,73.77,"221,31"
29/06/2025,Auriculares,Este,online,4,90.88,"363,52"
2025-08-06,Mouse,sur,Tienda,4,25.68,"102,72"
2024-11-13,Teclado,norte,Distribuidor,4,34.5,"138,00"
2025-12-26,Auriculares,Oeste,Online,3,94.56,"283,68 €"
2024-11-08,Webcam,Oeste,online,5,63.78,"318,90"
09-11-2024,Teclado,Este,Online,4,44.12,"176,48"
2025-09-21,Teclado,este,Tienda,2,47.34,"94,68 €"
2024-12-15,Mouse,Norte,Tienda,4,24.12,"96,48"
2025-04-12,Auriculares,Norte,Online,5,94.51,"472,55 €"
2024-11-19,Webcam,Este,Online,5,64.61,"323,05"
2025-10-23, Auriculares,Oeste,Online,3,92.59,"€277,77"
2024-12-22,Teclado,Este,Tienda,3,46.08,"€138,24 €"
12-01-2025,Mouse,Centro,Online,3,n/a,"76,59"
2025-11-04,Teclado,Centro,Online,4,42.9,"171,60"
2025-11-02,Mouse,Norte,ONLINE,3,24.59,"73,77 €"
2024-11-22,Auriculares,Este,DISTRIBUIDOR,3,72.3,"216,90"
2024-09-07,Monitor,OESTE,Tienda,5,237.98,"€1.189,90 €"
2024-11-04,Monitor,Norte,Tienda,3,213.56,"640,68 €"
2024-02-20,Mouse,Oeste,Distribuidor,2,20.44,"40,88 €"
2024-12-30,Mouse,sur,Tienda,5,25.21,"126,05"
11-20-2025,Auriculares,Norte,Tienda,3,93.61,"280,83"
11/05/2024,Mouse,Oeste,Online,5,25.69,"128,45"
2024-12-07,Mouse,Norte,Online,4,24.38,"97,52 €"
2025-10-08,MOUSE,Oeste,Distrib.,1,20.32,"20,32 €"
2025-11-12,Mouse,Este,Online,4,24.91,"99,64"
2025-05-15,Monitor,Sur,ONLINE,3,216.8,"650,40"
2024-04-26,Auriculares,Centro,Online,5,88.21,"441,05"
2024-12-22,Monitor,Este,Online,2,214.87,"429,74 €"
2024-09-15,Auriculares,Este,TIENDA,4,91.03,"364,12"
,Auriculares,Oeste,Tienda,5,89.24,"446,20"
2025-08-28,Mouse,Este,distribuidor,1,20.52,"20,52"
2024-03-02,Monitor,Norte,ONLINE,2,213.92,"427,84 €"
2025-12-21,Teclado,Este,Online,3,47.51,"142,53"
2024-11-09,Mouse,Oeste,online,2,24.94,"49,88 €"
2024-09-01,Mouse,Sur,Online,2,24.54,"49,08"
2025-01-13,Auriculares,Norte,Online,5,92.8,"464,00"
2025-09-25,Auriculares,Este,Tienda,3,90.78,"272,34"
2025-11-28,Monitor,Norte,Online,4,219.12,"876,48"
2025-11-25,Auriculares,Centro,ONLINE,4,91.67,"366,68 €"
2025-08-05,Teclado,sur,Online,3,49.35,"148,05 €"
2025-08-19,Mouse,Norte,Distribuidor,2,20.15,"40,30"
2025-09-01,TECLADO,  Sur ,Online,4,11157.87,"179,72"
2024-10-30,Mouse,Sur,ONLINE,4,25.07,"100,28"
06-03-2024,Mouse,?,Distribuidor,4,21.17,"84,68"
,Mouse,Oeste,tienda,1,25.24,"25,24"
2024-12-29,Mouse,Centro,Distribuidor,1,20.26,"20,26"
2025-01-05,Auriculares,Centro,Online,1,93.51,"93,51"
2025-11-21,Auriculares,Sur,Online,4,89.97,"359,88"
2025-06-09,MOUSE,Este,Online,2,24.24,"48,48"
2024-08-18,Auriculares,Norte,Tienda,1,97.01,"97,01 €"
16/10/2025,Monitor,Centro,Online,4,216.52,"866,08"
2025-07-27,Webcam,SUR,Tienda,1,64.46,"64,46"
2024-12-09,MOUSE,Norte,online,1,24.8,"24,80"
2025-06-19,Monitor,Oeste,Online ,1,224.85,"224,85 €"
20/02/2024,Mouse,Centro,Distribuidor,3,20.54,"61,62"
2025-11-10,Monitor,Este,Tienda,3,229.92,"€689,76"
2025-01-08,Auriculares,Centro,Online,4,89.39,"€357,56"
2024-12-23,Monitor,Sur,Online,5,209.33,"1.046,65"
2025-02-21,Mouse,Centro,Tienda,4,24.56,"98,24"
2024-03-29,MOUSE,Este,Online,3,26.39,"79,17"
2024-11-08,Teclado,Este,Tienda física,2,44.22,"35,03"
2025-11-18,Teclado,este,Online,-,47.05,"188,20 €"
2024-05-03,Mouse,Sur,Distribuidor,NA,20.47,"81,88"
2025-12-05,Monitor,Oeste,Tienda,5,229.23,"1.146,15"
2024-12-29,Mouse,Oeste,DISTRIBUIDOR,3,20.15,"60,45"
2025-01-04,Auriculares,Centro,Tienda,3,90.28,"€270,84 €"
2024-12-09,Auriculares,Norte,Online,1,0.0,"91,49"
2024-06-05,Teclado,Oeste,distribuidor,1,38.02,"38,02"
2024-12-31,Auriculares,Oeste,Distribuidor,3,73.7,"221,10"
2024-08-13,Mouse,  Norte ,Online,5,26.13,"€130,65 €"
2024-04-24,Mouse,Sur,Tienda,4,25.33,"€101,32"
2024-11-26,Mouse,Centro,Tienda,5,25.08,"125,40"
2025-06-04,Monitor,OESTE,Tienda Fisica,3,221.76,"665,28 €"
2025-12-24,Webcam,Norte,Online,5,62.22,"311,10"
2025-06-25,Teclado,Norte,Tienda física,1,47.19,"€47,19"
2024-11-22,Webcam,Este,Tienda,2,60.63,"121,26 €"
12-26-2025,Webcam,Sur,Distribuidor,4,49.74,"198,96 €"
2025-09-10,Mouse,Este,Tienda,5,24.15,"120,75"
2024-11-19,Mouse,Centro,Tienda,3,24.47,"73,41 €"
2025-10-13,Webcam,Centro,Online ,2,65.13,"130,26"
2025-09-16,Mouse,  centro ,Online,5,23.76,"118,80"
10-11-2024, Mouse,Centro,on-line,1,24.99,"24,99"
2025-06-09,Mouse,oeste,Online,5,24.53,"122,65"
2025-02-26,Auriculares,Sur,Tienda,2,92.19,"184,38"
2024-08-11,Mouse,Norte,Online,1,24.46,"24,46"
2025-12-25,Teclado,Oeste,distribuidor,4,38.72,"154,88 €"
2024-01-27,Mouse,Centro,Online ,5,24.71,"123,55"
2025-10-10,Auriculares,Este,Online,2,87.7,"175,40"
2025-12-28,Mouse,Centro,online,5,25.27,"126,35"
2024-04-27,Auriculares,Oeste,ONLINE,2,89.02,"178,04 €"
2024-09-19,MOUSE,Oeste,Online,2,24.85,"606,04"
,Auriculares,Este,Tienda,4,88.21,"352,84 €"
2024-02-01,Mouse,Sur,on-line,5,25.16,"125,80"
2025-11-23,Webcam,Centro,Online,null,65.37,"326,85"
08-15-2025,TECLADO,desconocida,Distribuidor,4,36.86,"147,44"
2024-01-06,Mouse,Este,Tienda Fisica,3,24.73,"74,19"
2024-10-01,Mouse,Sur,Online,5,24.06,"120,30 €"
2025-09-01,Mouse,Este,Online,2,25.1,"50,20 €"
2025-07-11,Mouse,Centro,Distribuidor,3,20.8,"62,40 €"
2024-07-10,Teclado,Oeste,Online,5,47.47,"237,35"
01-09-2025,Teclado,ESTE,Online,1,46.56,"46,56 €"
2025-12-22,Teclado,Norte,TIENDA,5,44.06,"220,30"
2025-05-15,Teclado,  Norte ,Online,4,46.76,"€187,04 €"
2024-09-20,Monitor,Centro,Tienda,2,216.95,"€433,90 €"
2025-05-30,Mouse,Centro,online,2,25.42,"50,84"
2025-12-05,Mouse,Centro,Online,5,24.38,"121,90"
2024-07-17,Auriculares,Este,Online,2,89.41,"€178,82"
2024-09-04,Teclado,Norte,Tienda,2,42.45,"219,64"
2024-10-27,Auriculares,norte,Online,1,87.03,"87,03"
11-08-2025,Teclado,Oeste,Tienda,3,45.13,"135,39"
2024-07-23,Mouse,Centro,Tienda,2,25.32,"50,64"
2025-12-08,Mouse,Oeste,Tienda,5,24.95,"124,75"
2025-04-24,Monitor,Este,ONLINE,5,207.52,"1.037,60"
2025-04-23,Webcam,Norte,Online,1,63.5,"63,50"
2025-08-03,Auriculares,Sur,tienda,4,94.39,"€377,56"
2024-03-26,Auriculares,ESTE,Online,1,88.17,"88,17"
2025-11-20,Monitor,Centro,Tienda,2,219.0,"438,00 €"
2024-10-28,Teclado,Sur,Distribuidor,2,35.56,"€71,12"
2025-10-06,Mouse,Sur,Tienda,4,25.07,"100,28"
2025-11-16,Teclado,Norte,tienda,1,46.13,"€46,13 €"
2024-11-21,Teclado,OESTE,Distribuidor,4,36.51,"146,04"
2024-09-04,Auriculares,  Norte ,Distribuidor,1,74.06,"74,06"
2024-08-29,Mouse,NORTE,Online,2,25.35,"€50,70"
2025-10-11,Mouse,Centro,Online,4,24.44,"97,76 €"
2024-12-08,Auriculares,Oeste,Tienda,5,92.29,"461,45"
2024-04-16,Mouse,Sur,Online,5,NULL,"124,60 €"
2025-10-08,Webcam,Norte,ONLINE,3,63.24,"189,72"
2024-12-13,Mouse,Sur,Tienda,1,24.42,"24,42 €"
2024-04-27,Teclado,Sur,Online ,5,44.79,"223,95"
2025-12-16,Teclado,Sur,Tienda,4,48.18,"192,72"
2024-11-28,MONITOR,Este,Online,1,214.02,"214,02"
31/12/2024,Auriculares,Sur,on-line,3,93.73,"281,19"
2025-12-31,Mouse,Norte,Tienda,2,25.64,"51,28"
2025-12-18,Monitor,Oeste,Online,1,222.95,"€222,95"
2024-04-15,Auriculares,Norte,Tienda,4,93.43,"373,72"
03/02/2024,Mouse,Oeste,Distribuidor,4,20.35,"€81,40"
2024-12-08,Monitor,Este,Online,4,211.49,"845,96 €"
2025-10-04,Mouse,Sur,Tienda,1,25.69,"€25,69"
2025-07-31,Teclado,  Este ,TIENDA,4,47.37,"189,48"
2025-12-23,Mouse,Este,Online,4,23.73,"94,92"
2025-04-17,Teclado,Oeste,Online,2,45.88,"91,76 €"
2024-12-28,Teclado,  Norte ,Distribuidor,4,35.2,"140,80 €"
2025-03-15,Teclado,Norte,Tienda,1,44.37,"44,37"
2024-11-22,Auriculares,Sur,Online,2,87.49,"174,98"
2025-12-16,Auriculares,Sur,Distribuidor,5,74.51,"372,55 €"
2025-12-04,Mouse,Este,Online,4,25.47,"101,88"
, Webcam,oeste,Online,5,63.92,"319,60"
01-01-2025,Webcam,Oeste,Distribuidor,5,n/a,"276,90"
2024-07-27,Mouse,NORTE,Tienda,4,25.61,"102,44"
,,,,,,
2025-07-28,Auriculares,  Centro ,Online,4,96.35,"385,40"
2024-11-10,Auriculares,  Centro ,Online,1,92.79,"€92,79"
2024-06-09,Webcam,Sur,Tienda,4,62.44,"249,76 €"
2024-11-27,AURICULARES,Centro,Tienda,4,93.68,"374,72 €"
2025-11-06,Monitor,Norte,Tienda,-,205.6,"205,60"
,,,,,,
2025-09-30,Auriculares,Oeste,Distribuidor,9174,70.26,"351,30 €"
2025-11-02,Auriculares,Norte,Online,5,90.88,"454,40"
2024-03-31,MOUSE,Norte,Online,1,24.68,"€24,68"
2024-11-01,Auriculares,Este,on-line,4,90.73,"362,92 €"
2025-06-03,Auriculares,Centro,Tienda Fisica,2,91.21,"182,42 €"
2025-12-28,Mouse,Oeste,Tienda,4,26.34,"105,36 €"
2024-08-11,Webcam,Norte,Online,5,63.4,"€317,00"
2025-10-08, Teclado,Oeste,Online,5,44.91,"224,55"
,Webcam,Sur,Distribuidor,5,52.42,"262,10 €"
2024-07-04,Auriculares,Este,Online,4,96.01,"384,04"
2025-12-18,Mouse,Sur,Online,1,24.86,"€24,86 €"
03-25-2025,Auriculares,Norte,Online,3,96.56,"289,68 €"
2025-03-09,Webcam,Este,Distribuidor,5,51.14,"255,70"
17/05/2024,Auriculares,Oeste,Online,2,89.99,"179,98"
2025-04-08,Mouse,Centro,Online,5,25.31,"126,55 €"
2025-04-05,Monitor,Este,online,4,224.75,"899,00"
2024-12-06,Monitor,Centro,Tienda física,5,n/a,"1.079,90"
2025-07-05,Auriculares,norte,Tienda Fisica,4,91.54,"366,16 €"
2025-11-14,Auriculares,sur,Tienda,1,92.49,"92,49"
2025-02-09,Webcam,Oeste,DISTRIBUIDOR,4,54.02,"216,08"
2025-03-17,AURICULARES,Este,Tienda,2,94.26,"€188,52"
06/11/2024,Auriculares,Norte,Tienda,3,94.15,"282,45 €"
2024-11-22,Teclado,Sur,Distrib.,5,37.96,"189,80"
10/11/2024,Auriculares,este,Online ,2,90.17,"180,34"
03/06/2024,Teclado,Centro,Online,3,44.88,"134,64 €"
2024-11-02,Auriculares,Norte,Online,-1,91.99,"275,97 €"
2024-11-28,Mouse,sur,Online,1,24.46,"24,46 €"
2024-10-01,Teclado,Norte,Online,null,45.16,"135,48"
2025-04-05, Auriculares,Norte,Distribuidor,10367,74.58,"74,58"
2025-12-06,AURICULARES,Sur,Distribuidor,3,NULL,"216,54"
09/02/2024,Webcam,Norte,Online,1,n/a,"66,13 €"
2025-07-20,Teclado,Norte,Tienda,4,46.13,"184,52"
11-08-2024,MOUSE,Sur,TIENDA,5,n/a,"121,95"
2024-12-09,Mouse,Centro,Distribuidor,3,21.06,"63,18 €"
2025-04-22,Mouse,Norte,Tienda,4,24.91,"99,64 €"
2024-10-31,Monitor,  Sur ,Online,3,220.19,"660,57"
2024-10-28,MONITOR,Oeste,Distribuidor,3,179.12,"537,36"
2025-12-14,Monitor,Centro,Tienda,3,218.69,"656,07 €"
2025-11-12,Mouse,Norte,Tienda,3,24.24,"€72,72"
2025-12-23,Mouse,Este,Distribuidor,1,20.72,"20,72 €"
17/02/2024,Monitor,Este,Online,5,218.01,"1.090,05 €"
2024-06-20,Monitor,Sur,on-line,4,222.22,"888,88 €"
2025-04-30,Teclado,Este,Online,5,44.1,"220,50"
2024-03-22,Auriculares,Norte,Tienda,3,93.5,"280,50"
2025-10-09,Mouse,Centro,Online,2,24.78,"49,56"
2024-07-14,Teclado,Norte,Online,2,45.95,"91,90 €"
2025-04-04,Webcam,Centro,Tienda,2,61.13,"122,26 €"
2025-01-11,Auriculares,Sur,Online,3,87.16,"261,48 €"
05/09/2025,Auriculares,Norte,Online,4,89.38,"357,52"
2025-05-26,MOUSE,Centro,Online ,3,24.48,"73,44 €"
2025-11-28,Monitor,Este,Online,3,211.42,"634,26 €"
2025-06-10,Webcam,Centro,Online,3,65.27,"195,81"
2025-10-14,Auriculares,Sur,Online,1,93.36,"93,36 €"
2025-11-17,Monitor,Centro,Tienda,1,222.93,"222,93"
2025-12-10,Mouse,Centro,on-line,5,24.78,"123,90 €"
2025-12-15,TECLADO,Centro,tienda,2,47.73,"95,46 €"
2024-10-13,WEBCAM,Sur,Online ,null,63.9,"255,60 €"
2025-12-14, Webcam,Centro,Online,1,62.7,"62,70"
18/11/2025,WEBCAM,Oeste,Tienda,5,62.88,"€314,40"
2025-01-18,Monitor,?,Online,4,224.67,"898,68 €"
2024-12-25,Mouse,Norte,Tienda,2,24.43,"48,86 €"
2025-05-19,Webcam,Centro,Tienda,-,65.48,"327,40"
2025-04-18,Auriculares,Oeste,on-line,4,88.12,"352,48 €"
2024-05-13,Teclado,Sur,Tienda,4,46.19,"184,76"
2024-05-01,Auriculares,Sur,Tienda,2,91.61,"183,22"
2025-11-03,Mouse,Este,Distribuidor ,5,19.44,"97,20 €"
2025-02-04,Teclado,Sur,Online,5,43.64,"218,20"
05-09-2024,Mouse,Sur,Online,4,NULL,"96,48 €"
2025-10-22,Mouse,Norte,Online,4,25.56,"102,24"
2024-01-24,Mouse,OESTE,Tienda física,4,25.5,"102,00"
2025-08-18,Teclado,Norte,Distribuidor,4,37.79,"€151,16"
2024-10-13,Auriculares,Sur,Online,1,88.17,"88,17 €"
2024-04-15,Mouse,Norte,TIENDA,2,24.03,"48,06"
2024-09-09,Teclado,Oeste,Distribuidor,5,36.93,"184,65"
2024-05-11,Teclado,Oeste,Distribuidor,2,36.69,"73,38"
2024-12-14,Teclado,oeste,Online,1,47.81,"47,81"
2025-08-12,Teclado,Sur,Online,5,46.54,"232,70"
2024-12-05,Auriculares,Oeste,Tienda física,4,89.4,"357,60"
2025-11-09,Teclado,Norte,Tienda,2,46.74,"93,48"
2024-07-29,Monitor,Centro,Tienda,2,221.19,"442,38"
2025-12-27,Teclado,Oeste,Tienda,5,46.21,"231,05"
2024-11-29,Webcam,Oeste,Online,4,65.56,"262,24 €"
2024-10-23,Teclado,Oeste,online,5,45.21,"226,05 €"
2025-04-16,Auriculares,Sur,ONLINE,1,89.65,"€89,65"
26/07/2024,Auriculares,Sur,Online ,1,87.59,"87,59"
2025-04-22,Monitor,Sur,Online,3,225.51,"€676,53 €"
2025-08-09,Monitor,Este,Tienda,1,226.87,"226,87"
2025-12-20,Webcam,Oeste,distribuidor,5,52.43,"262,15"
,Auriculares,Norte,Tienda,2,88.2,"176,40"
2024-01-05,Monitor,Sur,Tienda,3,216.33,"648,99 €"
2024-05-03,Teclado,Norte,Distribuidor,5,39.72,"198,60 €"
2025-11-02,Auriculares,Este,Online,5,90.62,"453,10"
2025-09-07,Mouse,Este,Online,4,24.9,"99,60"
2024-12-09,Auriculares,Centro,Online,5,0.0,"440,90 €"
21/10/2025,Auriculares,Centro,Tienda,1,90.95,"90,95 €"
2025-06-09,Auriculares,Norte,Tienda,1,92.06,"92,06 €"
12/04/2024,Webcam,Norte,online,5,63.85,"319,25 €"
2024-05-08,Auriculares,Este,Online,5,88.12,"440,60"
2025-03-15,Auriculares,Centro,Online,5,90.74,"453,70"
08-23-2025, Teclado,Oeste,Tienda,2,43.51,"87,02 €"
2024-07-21,Mouse,Sur,Tienda,3,25.42,"€76,26"
2024-05-08,Monitor,  Oeste ,Online,5,205.88,"1.029,40"
2024-09-10,Mouse,Este,distribuidor,4,20.0,"80,00"
2024-01-17,Mouse,Sur,Tienda física,4,24.4,"97,60"
2025-03-09,Auriculares,Norte,Tienda,5,92.32,"461,60"
2025-12-15,MONITOR,Norte,Tienda,1,203.81,"203,81 €"
2024-03-18,Teclado,Oeste,Distribuidor,2,38.06,"76,12 €"
23/04/2025,Monitor,?,Online,5,227.03,"1.135,15"
2025-12-20,Teclado,Sur,Tienda física,2,46.99,"93,98 €"
31/07/2024,Mouse,Norte,Online ,1,24.13,"€24,13 €"
27/08/2024,Teclado,Oeste,Tienda,3,43.58,"130,74 €"
2024-03-10,MONITOR,Centro,ONLINE,3,223.83,"671,49"
2025-11-21,Auriculares,Sur,distribuidor,null,76.5,"382,50"
2025-12-10,Teclado,Este,Distribuidor,4,38.33,"153,32"
2025-12-21, TECLADO,Centro,Online,3,47.09,"141,27"
2025-03-15,Teclado,Oeste,Online,4,NULL,"183,04"
2024-05-06,Mouse,Sur,Tienda,3,24.78,"74,34 €"
2024-10-04,Mouse,Oeste,Online,5,25.25,"126,25 €"
2025-11-17,Auriculares,Norte,Tienda Fisica,2,84.11,"168,22"
2024-11-26,Webcam,Oeste,Online,2,62.98,"125,96"
2025-05-12,Monitor,Sur,Online,4,211.57,"846,28 €"
2024-01-02,Auriculares,Centro,Tienda,3,95.83,"287,49"
2025-09-06,Mouse,Centro,Tienda,1,24.79,"24,79 €"
2025-02-10,Mouse,Oeste,Online,3,25.31,"75,93 €"
2024-02-27,Auriculares,Este,Online ,2,89.91,"179,82"
2024-09-28,Mouse,Oeste,Tienda Fisica,5,25.11,"125,55"
2024-03-05,Auriculares,Sur,on-line,5,86.69,"433,45 €"
2025-08-09,Auriculares,Este,Online,4,92.89,"371,56 €"
2025-06-02,Webcam,NORTE,Tienda,2,62.77,"125,54"
2025-04-08,Mouse,Norte,Tienda,5,24.47,"122,35 €"
2024-10-01,Mouse,Sur,Online,5,24.06,"120,30 €"
2025-09-30,Monitor,Centro,Online,2,207.15,"414,30"
2024-09-28,Monitor,Norte,Tienda física,-2,206.36,"412,72 €"
2024-06-03,Mouse,Norte,Online,2,24.99,"49,98"
2024-06-13,Mouse,Norte,Distribuidor,4,20.8,"83,20"
2024-11-26,Mouse,Centro,Distribuidor,1,19.08,"19,08"
08-21-2024,Mouse,Norte,Tienda,3,25.4,"76,20"
2025-09-27,Mouse,Centro,Tienda,3,25.24,"75,72 €"
12-21-2024, Auriculares,Centro,Tienda,1,90.64,"90,64"
2025-06-02,TECLADO,Sur,Online,4,44.79,"179,16"
2025-01-05,Teclado,Este,Distribuidor,2,37.35,"74,70 €"
2024-11-27,Auriculares,Centro,Online,3,83.77,"251,31"
2024-06-02,Teclado,Norte,Tienda,3,46.69,"140,07 €"
2025-04-18,Webcam,Centro,Tienda,5,64.53,"322,65 €"
2025-11-03, Teclado,Sur,Tienda,5,46.64,"233,20"
2025-06-20,Webcam,Centro,Tienda,3,65.35,"196,05 €"
2024-04-10, Mouse,Norte,Online,1,26.34,"26,34 €"
2025-10-26,Mouse,Sur,Online,2,24.36,"€48,72"
2025-07-13,Mouse,Sur,Tienda,4,23.65,"94,60"
2024-10-28,MONITOR,Oeste,Distribuidor,3,179.12,"537,36"
2024-09-16,Webcam,Este,Tienda,3,65.43,"196,29"
2025-03-15,Mouse,Norte,Tienda,2,25.77,"51,54"
2025-05-18,Webcam,Norte,Online,1,65.46,"65,46"
2025-08-10,Auriculares,Este,Online,4,90.6,"362,40"
15/02/2024,Auriculares,Oeste,Distrib.,5,71.33,"356,65 €"
10/09/2025,Webcam,OESTE,Distribuidor,1,53.63,"53,63"
2024-09-19,Webcam,Centro,Tienda,2,62.94,"€125,88"
2024-08-31,Webcam,Centro,Online,3,65.1,"195,30"
06-04-2024,Mouse,Norte,Tienda,2,24.37,"48,74"
2024-12-02,Monitor,Este,Online,5,211.19,"1.055,95"
2024-07-05,Teclado,Centro,Distribuidor,4,37.3,"149,20"
2025-11-06,Mouse,este,Distribuidor,5,19.94,"99,70"
2025-03-26,Auriculares,Oeste,Tienda,2,91.65,"183,30 €"
2025-09-27,Monitor,Norte,Distribuidor,2,177.41,"354,82"
2025-12-10,Webcam,Norte,Distribuidor,3,52.58,"157,74"
2025-10-03,Auriculares,Norte,Online,3,93.09,"279,27"
2024-03-08,Teclado,Norte,Online,3,46.15,"138,45 €"
2025-01-19,Auriculares,Norte,online,4,93.54,"€374,16 €"
2024-11-14,Monitor,Sur,ONLINE,3,205.49,"616,47 €"
2025-06-24,Auriculares,norte,Tienda,2,89.83,"179,66 €"
2025-02-04,Auriculares,Norte,Tienda,5,NULL,"430,95 €"
2025-12-17,Auriculares,ESTE,Distribuidor,4,74.18,"296,72 €"
2025-08-14,Teclado,Oeste,Tienda física,3,47.52,"142,56 €"
2024-02-11,Auriculares,Norte,ONLINE,3,88.71,"266,13 €"
2024-01-16,Mouse,Norte,tienda,3,24.71,"74,13"
2024-10-05,Auriculares,Este,ONLINE,5,90.27,"451,35"
2025-01-28,Mouse,Este,Online,2,26.06,"52,12"
15/08/2025,Mouse,Sur,Online,NA,25.02,"50,04 €"
,Mouse,Oeste,Online,2,25.51,"51,02"
22/06/2024,Webcam,Este,Online,2,NULL,"126,86"
2024-11-09,Mouse,,Online,2,25.24,"50,48"
2024-05-04,Mouse,  Norte ,Tienda,5,25.43,"127,15"
2024-09-08,Monitor,Centro,Online,5,233.29,"1.166,45 €"
2025-09-14,Mouse,Oeste,Tienda,2,24.54,"49,08"
2025-06-05,Teclado,Sur,Online,3,44.64,"133,92"
2025-11-23,Webcam,Centro,Distribuidor,2,50.54,"101,08"
2025-05-11,Mouse,Norte,Online,5,24.49,"122,45"
2025-12-14,Teclado,OESTE,Online,4,46.1,"184,40"
2025-11-23,Monitor,Centro,Tienda física,1,209.43,"209,43"
2025-08-22,Teclado,Norte,Online ,5,46.58,"232,90"
2025-11-20,MOUSE,Este,Tienda Fisica,1,24.08,"24,08 €"
2025-12-03,Mouse,Centro,Tienda,4,24.03,"96,12"
26/12/2024,Monitor,Norte,Tienda,1,220.58,"220,58"
,Mouse,ESTE,Tienda Fisica,5,25.6,"128,00"
2025-04-12,Teclado,Sur,Online,1,46.07,"46,07"
2025-01-11,Teclado,Este,Online,5,45.83,"229,15"
2024-12-08,Teclado,Oeste,Online,3,46.09,"138,27 €"
2025-06-25,Webcam,Oeste,Online,4,61.28,"245,12"
2024-08-11,Teclado,Centro,Online,5,45.19,"225,95 €"
2024-05-30,Mouse,Este,Online,5,24.31,"121,55"
2025-10-24,Mouse,Norte,Online,3,25.29,"75,87 €"
2025-04-13,Auriculares,OESTE,Distribuidor,2,71.53,"143,06"
2024-04-27,Teclado,Centro,Tienda,4,45.81,"183,24"
2025-04-01,Mouse,norte,Online,4,24.94,"99,76 €"
2025-04-13,Mouse,Oeste,Tienda,3,25.13,"75,39"
2024-08-23,Auriculares,Sur,on-line,2,89.76,"179,52 €"
2024-05-22,Teclado,Oeste,on-line,1,43.35,"43,35"
2024-12-01,Auriculares,Norte,Tienda,1,92.1,"203,80"
2024-09-28,Auriculares,Oeste,Tienda,3,91.06,"273,18"
2024-01-06,Teclado,Norte,Online,3,45.4,"136,20 €"
2025-12-18,Monitor,Oeste,Tienda,3,224.46,"673,38"
2025-12-21,Mouse,Oeste,Tienda,4,25.37,"101,48"
11-30-2024,Auriculares,SUR,Tienda,5,93.17,"465,85"
2025-08-22,Webcam,Centro,Distribuidor,5,53.11,"265,55"
25/10/2024,Auriculares,Este,Tienda,4,92.22,"368,88"
2024-12-14,Webcam,Oeste,Online,1,63.56,"63,56"
2024-07-01,WEBCAM,Este,Online,5,64.42,"322,10 €"
2024-06-30,Monitor,Sur,Distribuidor,5,181.21,"906,05 €"
2025-05-17,Auriculares,Sur,Tienda,4,93.06,"372,24"
2024-11-01,Webcam,Este,Distribuidor,2,53.76,"107,52 €"
2024-06-04,Teclado,Norte,Tienda,3,43.87,"€131,61"
2025-11-23,Mouse,Norte,Online,5,26.25,"131,25 €"
2024-01-16,Teclado,Norte,Online,1,44.6,"44,60"
2024-01-02,Monitor,Norte,Online,1,219.8,"219,80"
2025-11-09,Auriculares,Norte,Online,2,88.23,"176,46 €"
2025-04-13,Auriculares,OESTE,DISTRIBUIDOR,2,71.53,"143,06"
2025-02-11,Teclado,Sur,ONLINE,2,,"88,72 €"
2025-12-05,Auriculares,Oeste,Online,3,,"279,42"
2024-05-01,Teclado,Centro,Tienda,1,46.05,"46,05 €"
2024-04-20,Auriculares,norte,online,3,87.46,"262,38"
2025-11-13,Mouse,Centro,Online,3,25.26,"75,78"
2025-10-25,Monitor,Este,Tienda,,221.26,"663,78 €"
2024-03-02,AURICULARES,Este,Distribuidor,3,76.66,"229,98 €"
2025-05-27,Teclado,  Este ,Distribuidor,2,37.76,"75,52"
2024-12-25,Auriculares,Este,Tienda,3,93.07,"279,21"
2025-11-07,Mouse,Oeste,Tienda,2,24.2,"48,40"
2025-11-02,Auriculares,Sur,Online,4,90.29,"361,16"
2024-06-07,Mouse,Sur,Tienda,3,24.72,"74,16"
2024-08-01,Mouse,Este,Online,2,24.97,"49,94"
2025-01-29,Teclado,Sur,Online,1,42.87,"42,87"
2025-11-25,Webcam,Sur,Distribuidor,5,52.86,"264,30"
2025-11-19,Webcam,Norte,on-line,3,61.69,"185,07 €"
2025-03-07,Teclado,?,Distribuidor,5,36.42,"182,10"
2024-04-29,Monitor,Oeste,Distribuidor ,5,179.09,"895,45"
2024-12-18,Teclado,Sur,Tienda,2,47.64,"95,28"
2024-12-14,Mouse,Norte,Online,1,24.5,"24,50 €"
2024-08-01,Monitor,Centro,Online,5,224.85,"1.124,25"
2025-04-10,Auriculares,Oeste,Tienda,2,n/a,"179,58"
2024-12-04,Mouse,Este,Online ,2,24.78,"49,56"
2024-08-31,Teclado,ESTE,Online,1,42.04,"42,04 €"
2025-12-11,Teclado,CENTRO,Distribuidor,4,37.06,"148,24"
2025-06-21,Mouse,Norte,Online,4,24.44,"97,76"
2024-11-11,Teclado,Norte,Online,1,45.29,"45,29"
2025-11-09,Teclado,Sur,ONLINE,1,46.03,"46,03 €"
2025-08-02,Mouse,Centro,online,4,24.73,"98,92 €"
2024-01-25,Auriculares,Este,Distribuidor,5,72.04,"360,20"
2025-04-05,Auriculares,sur,Tienda,4,91.46,"365,84"
2024-04-11,Mouse,Oeste,Tienda,3,25.93,"77,79"
2024-04-22,Mouse,Sur,Online,2,24.36,"48,72 €"
2024-11-10,Auriculares,Oeste,Distribuidor,5,75.91,"379,55"
2024-02-06,Mouse,Sur,Tienda,2,25.82,"51,64"
10-29-2025,Auriculares,  Norte ,Tienda,2,90.56,"181,12"
2024-01-18, Teclado,Centro,Tienda,3,44.91,"€134,73"
2025-11-25,AURICULARES,Centro,Online,2,88.91,"177,82 €"
2024-05-19,Teclado,  Centro ,Distribuidor,4,36.83,"29,95"
,,,,,,
2024-08-23,Teclado,Sur,Tienda,5,47.58,"237,90"
2025-06-06, Teclado,Sur,Online,4,45.72,"€182,88"
07-04-2025,Mouse,Oeste,Online,5,23.64,"118,20"
2025-12-31,AURICULARES,Centro,online,5,90.24,"451,20"
2024-03-22,Teclado,Norte,ONLINE,2,46.01,"92,02 €"
2025-08-11,Monitor,Sur,Online,4,224.06,"896,24 €"
2025-05-18,Auriculares,CENTRO,Online,5,91.69,"458,45"
2024-12-11,Webcam,Centro,Online,4,61.92,"247,68"
2024-12-03,Teclado,Centro,Tienda,5,46.38,"231,90"
2024-07-16,Teclado,Centro,Tienda,1,46.71,"€46,71"
2025-06-26,Webcam,Norte,Tienda,4,64.29,"257,16"
2025-04-28,Teclado,Norte,Online ,1,44.27,"44,27"
2025-01-16,Mouse,Norte,Online,5,25.94,"129,70"
2025-09-22,Mouse,Oeste,Online,NA,24.17,"24,17 €"
2024-12-28,Mouse,Este,Tienda,2,24.81,"49,62"
2024-02-15,Mouse,Sur,ONLINE,1,25.61,"25,61"
10/04/2024,Teclado,norte,on-line,1,46.27,"46,27"
2025-04-14,Auriculares,Centro,Online,1,91.23,"91,23"
,Mouse,Oeste,Online,4,25.02,"100,08"
2025-02-15,Auriculares,Sur,Online,3,92.86,"278,58"
2025-06-28,Auriculares,Norte,Tienda,4,92.56,"370,24 €"
2025-09-07,Monitor,Este,Online,5,223.64,"1.118,20 €"
2025-11-05,Mouse,Sur,Online,4,25.43,"101,72"
2024-12-17,TECLADO,este,Online,4,46.17,"184,68"
2024-12-03,Mouse,Oeste,Tienda,2,25.95,"51,90 €"
03-30-2024,Webcam,Norte,Distribuidor,5,55.12,"275,60"
2024-03-22,Mouse,Oeste,Online ,5,24.16,"120,80"
2025-10-10,Auriculares,Centro,Online,4,95.38,"381,52"
2024-03-11,Mouse,Centro,on-line,5,25.84,"129,20 €"
2025-10-21,Mouse,Centro,Tienda,1,24.16,"24,16"
08/02/2025,MOUSE,  Sur ,Distribuidor,NA,19.98,"79,92"
2025-11-12,Auriculares,Sur,Tienda Fisica,4,84.57,"338,28"
2025-12-07,Mouse,Oeste,Distribuidor,2,21.09,"42,18 €"
2025-12-29,Auriculares,Este,Distribuidor,5,74.78,"373,90 €"
2024-12-23,Auriculares,Oeste,tienda,4,88.59,"354,36"
2025-07-13,Mouse,Norte,Distribuidor,3,21.24,"63,72"
2025-12-18,Auriculares,Este,Online,3,84.97,"254,91"
2025-06-22,Monitor,Sur,Online,2,221.5,"443,00"
2024-05-12,TECLADO,ESTE,Tienda,3,45.14,"135,42"
2025-10-24,Teclado,Este,Tienda,5,43.77,"218,85"
2024-09-15,Mouse,Centro,Online,3,25.85,"77,55"
2024-11-30,Teclado,Este,ONLINE,4,42.8,"171,20"
2024-01-21,Mouse,Este,Distribuidor,3,20.7,"62,10 €"
2025-04-18,Auriculares,Este,Distribuidor,3,71.68,"215,04"
2025-12-10,Monitor,Oeste,Online,3,228.39,"685,17"
2025-06-03,Monitor,Norte,Tienda,1,220.09,"220,09"
2024-09-17,Auriculares,Norte,Tienda,1,89.12,"89,12"
2025-12-29,Auriculares,  Centro ,Online,4,91.01,"364,04 €"
05/10/2024,Webcam,Norte,Online,-,65.62,"262,48"
2024-11-16,Teclado,Norte,Online,5,46.3,"231,50 €"
2025-09-05,AURICULARES,Sur,Tienda,1,87.13,"794,75"
,Auriculares,Norte,Tienda,1,84.08,"84,08"
2025-12-28,Monitor,Centro,Tienda Fisica,5,212.27,"1.061,35"
2025-11-07,Mouse,centro,online,5,23.23,"116,15"
2025-08-06,Mouse,Norte,Tienda,2,24.82,"49,64"
2025-06-22,Teclado,Centro,Online,1,44.16,"44,16"
20/05/2024,Mouse,,Tienda,4,24.74,"98,96"
2024-07-17,Mouse,Centro,Online,2,25.38,"50,76 €"
2024-01-10,Auriculares,Oeste,Distribuidor,5,78.88,"394,40 €"
2024-04-29,Mouse,  Centro ,tienda,3,24.82,"74,46"
2025-05-06,Teclado,Oeste,Distribuidor,4,38.1,"152,40"
2025-12-25,Teclado,Norte,Online,3,45.37,"136,11 €"
2024-12-15,Mouse,oeste,Online,null,24.22,"48,44 €"
2024-07-01,Auriculares,Centro,Online,3,89.26,"267,78"
2025-11-12,Auriculares,Centro,tienda,5,89.36,"446,80"
2025-03-29,Teclado,Norte,Online,1,44.33,"44,33 €"
2025-10-06,Auriculares,Sur,on-line,2,89.82,"179,64 €"
05-12-2024,Monitor,Norte,Online,4,215.24,"860,96 €"
2025-01-24,Teclado,Oeste,Tienda,5,44.78,"223,90"
2024-12-19,Auriculares,Oeste,Distribuidor,4,72.73,"€290,92 €"
2025-10-10,Auriculares,Este,Tienda,4,89.76,"359,04 €"
2024-05-26,Mouse,Este,distribuidor,3,19.74,"59,22"
2024-04-30,Mouse,Centro,online,1,24.4,"24,40 €"
2025-08-10,Mouse,Sur,Online,4,23.96,"€95,84"
2025-11-19,Mouse,Sur,Tienda,3,25.41,"76,23"
09-26-2025,TECLADO,CENTRO,Tienda,5,44.45,"222,25 €"
2024-11-23,Webcam,Este,Tienda,5,62.78,"313,90 €"
2024-02-04,Teclado,Norte,Online,2,47.46,"94,92"
2025-06-22,Teclado,CENTRO,Online,1,44.54,"272,38"
2024-04-25,Auriculares,centro,Online,5,87.11,"435,55"
2025-08-28,Mouse,Este,distribuidor,1,20.52,"20,52"
08/12/2024,Teclado,Sur,Distribuidor,4145,36.47,"145,88 €"
2024-12-21,Mouse,Norte,tienda,5,24.63,"123,15 €"
,Monitor,Oeste,Online,1,224.32,"€224,32"
2025-12-04,Monitor,Sur,Tienda,4,217.27,"869,08"
2025-08-30,Auriculares,  Sur ,Distribuidor ,NA,72.9,"218,70"
2025-03-13,Mouse,Norte,Tienda,5,25.15,"125,75"
2025-09-07,Teclado,Norte,Tienda,5,45.37,"€226,85"
2025-09-19,Auriculares,Este,Tienda,1,89.61,"89,61"
2025-06-25,Auriculares,Sur,Online,2,90.55,"181,10"
2025-12-02,Monitor,sur,Online,5,222.72,"1.113,60"
11-14-2025,Mouse,Norte,Online,2,,"47,38 €"
2024-12-19,Teclado,Sur,Distribuidor,1,35.04,"35,04 €"
2024-03-22,Webcam,Norte,Online,5,61.9,"309,50"
2025-07-15,Auriculares,Este,Tienda,1,93.48,"93,48 €"
05/07/2024,Mouse,Sur,Online,3,NULL,"74,82"
08/12/2025,Teclado,Oeste,Online,2,47.62,"95,24"
2025-06-06,Mouse,Norte,ON-LINE,3,24.02,"72,06"
2025-01-08,Monitor,Este,Online ,1,223.56,"223,56"
04-21-2024,Monitor,Norte,Online,-4,219.86,"439,72 €"
2025-03-23,Mouse,Norte,Distribuidor,5,20.61,"103,05"
2024-11-15,Teclado,Centro,Online,4,47.38,"€189,52"
2025-08-25,Auriculares,Centro,Tienda,5,89.8,"22,45"
20/11/2025,Monitor,Este,Tienda,2,219.24,"438,48"
2025-12-30,Auriculares,Norte,Online,1,95.3,"95,30 €"
2024-04-08,MONITOR,Sur,Tienda,4,224.29,"897,16 €"
2025-12-06,Teclado,Norte,Tienda Fisica,1,44.59,"44,59"
2024-06-09,Teclado,Norte,Online,4,46.62,"186,48"
10-27-2025, Auriculares,Oeste,Tienda,4,91.32,"365,28"
2025-12-22,Mouse,  Centro ,tienda,NA,25.3,"101,20"
2024-04-12, Mouse,Norte,Online,3,25.42,"76,26 €"
2025-12-25,Teclado,sur,Tienda,1,47.66,"47,66"
2024-04-29,Auriculares,Oeste,Distribuidor,3,70.37,"211,11"
2024-09-22,Auriculares,Norte,ONLINE,1,92.76,"92,76"
2024-03-27,Monitor,Oeste,Online,3,226.68,"680,04 €"
2024-11-28,Webcam,  sur ,tienda,4,63.85,"255,40 €"
2025-06-08,Teclado,  Centro ,Tienda,2,46.6,"93,20"
2025-11-05,Teclado,Centro,Tienda,5,43.97,"219,85"
2025-03-19,Teclado,Centro,TIENDA,2,47.06,"94,12"
2024-12-24,Monitor,Centro,distribuidor,1,183.52,"183,52"
2025-12-28,Mouse,Oeste,Tienda,4,26.34,"105,36 €"
,Auriculares,Sur,online,1,89.5,"359,63"
2025-05-03,Monitor,Sur,Tienda,1,218.52,"218,52 €"
09-02-2024,Monitor,ESTE,Online,1,216.27,"216,27"
2025-11-06,Teclado,Oeste,Online ,4,46.53,"186,12"
2025-08-15,Auriculares,  Norte ,Online,3,89.76,"269,28"
2024-11-20,Teclado,Centro,TIENDA,4,46.14,"184,56"
11-28-2025,Webcam,Sur,Distribuidor,3,51.94,"155,82"
2024-07-18,Mouse,Oeste,Distribuidor,3,,"62,43"
2024-03-15,Auriculares,Norte,Tienda Fisica,2,92.78,"185,56"
2025-10-30,Webcam,Sur,DISTRIBUIDOR,3,53.81,"161,43 €"
2025-11-18,Teclado,Norte,Online,4,46.42,"185,68 €"
2024-07-11,Teclado,Este,TIENDA,2,46.88,"93,76"
2024-11-23,Auriculares,Oeste,Tienda,2,91.74,"183,48"
2025-11-11,Teclado,Norte,Online,4,42.89,"171,56"
2024-06-21,Monitor,OESTE,Distrib.,3,175.65,"526,95"
2025-02-06,Auriculares,Oeste,Distribuidor,5,72.09,"360,45 €"
2025-12-29,Monitor,Este,online,3,231.54,"694,62"
2025-12-30,Mouse,Oeste,Online,1,25.04,"25,04"
2025-10-01,Monitor,Centro,Online,4,206.77,"€827,08"
2024-09-02,Teclado,Este,Tienda Fisica,4,47.44,"189,76 €"
2024-12-31,Webcam,Centro,Online,5,64.77,"323,85"
2024-12-10,Teclado,norte,Online,4,46.86,"187,44"
2025-03-06,Monitor,  este ,Tienda,1,213.91,"213,91 €"
2025-11-24,Mouse,Sur,Distribuidor,1,21.5,"21,50"
2025-04-26,Auriculares,Centro,Distribuidor,3,,"€221,82 €"
04/04/2024,Monitor,Oeste,online,2,222.28,"444,56 €"
2025-11-17,Mouse,Norte,Tienda,3,25.38,"76,14"
2025-12-17,Mouse,Centro,Tienda,1,25.28,"€25,28"
2024-11-19,Mouse,Norte,Tienda,5,26.41,"132,05 €"
2024-07-22,Monitor,NORTE,Distribuidor,3,170.2,"510,60"
2024-10-06,Mouse,Norte,Online,4,25.51,"102,04 €"
2024-09-17,Mouse,Centro,Online,4,25.92,"103,68 €"
2024-04-03,Webcam,Oeste,Online,4,63.91,"255,64"
2024-09-11,Webcam,Centro,Tienda,2,66.32,"€132,64"
2025-07-05,Auriculares,Oeste,Distribuidor,3,70.5,"211,50"
2024-01-02,Teclado,Oeste,Tienda,4,45.14,"180,56"
2025-02-25,Teclado,Norte,Tienda,5,46.31,"231,55"
2024-11-17,Mouse,Norte,Tienda,,n/a,"25,92"
2025-12-06,Teclado,norte,Online,3,43.73,"131,19"
2024-05-18,Mouse,Oeste,Online,3,24.44,"73,32"
2024-05-20,Monitor,Este,Tienda,1,210.71,"210,71"
2024-11-16,Mouse,Sur,Tienda,4,24.22,"96,88"
18/03/2024,Teclado,Norte,Online,4,48.51,"194,04"
2024-11-15,Auriculares,Norte,Online,1,89.07,"89,07"
2024-10-15,Mouse,Sur,DISTRIBUIDOR,2,20.53,"41,06 €"
2024-09-27,Mouse,Este,Online,4,25.5,"102,00 €"
2024-11-07,Monitor,Sur,Tienda,1,210.84,"210,84"
2025-03-11,AURICULARES,Norte,Online,2,86.97,"173,94 €"
05/08/2024,Monitor,Oeste,Distrib.,5,182.14,"910,70 €"
2025-12-16,Teclado,OESTE,Distribuidor,4,35.94,"143,76"
2024-09-06,Teclado,Centro,Tienda,4,45.16,"180,64"
2025-12-18,Mouse,Centro,Online,2,25.02,"50,04"
2024-11-19,Auriculares,Norte,Online,4,89.58,"€358,32"
2024-12-15,Monitor,  SUR ,Online,5,220.69,"1.103,45 €"
2024-04-30,Monitor,Centro,Distribuidor,2,174.42,"348,84 €"
07/04/2024,Auriculares,Norte,Online,2,90.79,"181,58"
2024-11-18,Auriculares,SUR,Online,5,90.71,"453,55 €"
2025-08-24,Teclado,  Norte ,Tienda,2,42.69,"85,38"
2025-12-06,Webcam,Norte,Online,null,66.4,"€199,20"
2025-07-15,Mouse,?,Online,4,24.95,"99,80 €"
2024-11-09,Auriculares,Este,Tienda,3,90.27,"270,81"
2025-09-17,Auriculares,Centro,Online,5,91.9,"459,50 €"
04-03-2025,Webcam,Centro,Online,2,65.37,"130,74 €"
2024-11-12,Monitor,Oeste,Online,3,223.3,"669,90"
2025-11-10,Teclado,Oeste,Tienda,-,45.1,"45,10"
2024-12-20,Mouse,Sur,Online ,1,25.24,"25,24 €"
2025-06-13,Webcam,Norte,Distribuidor,4,53.86,"215,44"
2025-12-06,Auriculares,  Sur ,Online,5,89.44,"447,20"
2025-03-26,Teclado,SUR,Tienda,2,44.48,"88,96 €"
2025-01-01,Auriculares,Este,Online,4,91.56,"366,24"
2025-04-30,Auriculares,Sur,Distribuidor,5,75.24,"376,20"
2024-01-07,Mouse,Norte,Tienda,4,24.58,"98,32"
2025-11-21,Monitor,Norte,Tienda,1,217.55,"217,55 €"
2024-09-10,Webcam,Sur,Online,4,64.39,"257,56 €"
2025-05-21,Webcam,Sur,Online,-,67.27,"201,81"
04/05/2025,Teclado,Centro,Tienda,4,45.31,"181,24"
2024-09-02,Mouse,Centro,Tienda,4,24.13,"€96,52"
2024-08-22,Auriculares,Norte,Online,5,95.68,"478,40"
2025-05-25,Monitor,OESTE,Distribuidor,4,176.99,"707,96"
2024-12-28,Mouse,Este,Tienda,2,24.81,"49,62"
2025-12-11,TECLADO,Norte,tienda,1,44.37,"44,37"
2024-07-12,Auriculares,Sur,Online,1,92.66,"92,66 €"
2025-12-24,Mouse,Centro,Online,1,26.44,"26,44"
2025-12-07,Webcam,Norte,Online,5,64.41,"322,05 €"
2024-02-07,Monitor,Oeste,ONLINE,1,216.77,"216,77"
2024-11-05,Mouse,  Centro ,Tienda,5,24.02,"120,10"
30/04/2025,Auriculares,Sur,Distribuidor,4,75.11,"300,44 €"
2024-11-20,Auriculares,Norte,Tienda,4,96.22,"384,88"
2025-12-14,AURICULARES,  Norte ,Tienda Fisica,3,89.94,"269,82 €"
2024-08-09,Teclado,oeste,Online,4,45.98,"183,92"
2024-10-08,Webcam,Centro,ONLINE,2,67.77,"135,54 €"
2024-10-07,Mouse,oeste,Online,1,24.15,"24,15"
2025-06-09,Auriculares,Norte,Tienda,1,92.06,"92,06 €"
15/02/2024,Mouse,Oeste,Tienda,3,25.03,"75,09"
2024-05-12,Auriculares,Centro,Online,2,88.68,"177,36"
2024-08-14,Monitor,Oeste,Online,1,217.86,"217,86 €"
2024-08-03,Mouse,Oeste,Tienda,3,25.21,"75,63"
2024-07-22,Teclado,Norte,Tienda,3,45.5,"136,50"
2025-01-04,Mouse,Este,Tienda,2,24.21,"48,42 €"
2024-12-01,Monitor,este,tienda,3,218.07,"654,21"
2024-11-01,Monitor,Sur,Online,5,223.3,"€1.116,50"
2025-02-16,Auriculares,Sur,Distribuidor,3,72.43,"217,29"
12-14-2024,Webcam,Norte,Tienda,NA,62.62,"250,48 €"
2025-09-09,Monitor,Centro,DISTRIBUIDOR,5,178.52,"€892,60"
02/06/2024,Mouse,NORTE,Distribuidor,5,20.37,"101,85 €"
2024-06-14,Teclado,Norte,Tienda,3,43.51,"130,53"
2025-06-30,Teclado,Norte,Distribuidor,4,38.79,"155,16"
2024-11-04,Mouse,Norte,Tienda,1,25.11,"€25,11"
2024-05-30,Mouse,Sur,Online,1,25.91,"25,91 €"
2025-04-10,Teclado,Oeste,distribuidor,1,36.1,"36,10"
2024-04-29,Auriculares,Norte,Tienda,5,90.63,"453,15 €"
2024-11-25,Auriculares,OESTE,Online,5,90.83,"454,15"
2024-07-08, Webcam,Norte,Tienda,1,62.93,"62,93 €"
2024-03-29,Auriculares,Sur,Online,4,89.3,"357,20"
2025-12-26,Auriculares,Norte,Online,4,93.75,"375,00"
2024-05-23,Auriculares,Oeste,Distribuidor,5,76.74,"383,70"
2024-02-08,Auriculares,Sur,Online,5,91.8,"459,00 €"
2024-12-06,Teclado,Este,Distribuidor,3,38.51,"115,53 €"
2025-02-07,Mouse,Este,DISTRIB.,2,19.24,"38,48"
2024-08-25,Auriculares,Sur,Tienda,4,94.25,"377,00"
2024-08-31,Mouse,Norte,on-line,1,24.28,"24,28 €"
2025-12-29,Webcam,Oeste,Online,5,65.61,"328,05"
2024-11-02,AURICULARES,Norte,Online,4,NULL,"354,76 €"
2025-01-05,Auriculares,Centro,Tienda,3,89.03,"267,09"
2025-08-27,Webcam,  Norte ,distribuidor,3,54.28,"162,84 €"
2025-03-07,Mouse,Oeste,Tienda,4,24.47,"97,88"
2025-06-02,Teclado,Centro,Online,3,45.88,"€137,64"
01-23-2025, Auriculares,Norte,Online,1,88.88,"88,88 €"
2025-09-02,Mouse,Norte,Distribuidor,4,19.84,"79,36"
2025-06-25,Teclado,Este,Online,5,42.01,"210,05"
2024-01-10,Mouse,Oeste,on-line,5,24.62,"123,10"
2025-03-22,Monitor,Oeste,Tienda,2,214.61,"429,22"
2025-06-27,Monitor,Centro,Distribuidor,3,177.7,"533,10 €"
2024-08-18,Auriculares,Oeste,Tienda,3,0.0,"€257,40"
2024-12-06,Mouse,CENTRO,Tienda,4,25.57,"102,28"
2024-12-18,Teclado,norte,Tienda física,4,45.26,"181,04"
2024-12-14,Teclado,Este,Tienda,1,48.04,"48,04 €"
,Monitor,Centro,Online,5,215.27,"1.076,35"
2024-11-02,Auriculares,Centro,Tienda,3,90.18,"270,54"
2025-02-03,Auriculares,Norte,Distribuidor,1,73.37,"€73,37"
2025-05-25,Mouse,Sur,Online,1,24.91,"24,91 €"
2024-11-18,Teclado,Oeste,Online,4,46.24,"184,96 €"
2024-12-23,AURICULARES,Centro,Tienda,2,87.76,"175,52"
2025-08-24,Auriculares,Oeste,Tienda física,1,84.98,"84,98"
2024-04-08,Webcam,  Centro ,Tienda,-1,64.54,"64,54 €"
2024-06-24, MOUSE,Este,Online,1,25.38,"25,38"
2024-11-12,Teclado,Norte,Tienda,1,n/a,"44,68 €"
2024-06-18,Auriculares,Sur,Online,1,92.14,"92,14"
2025-12-05,Monitor,Sur,Tienda,3,215.08,"645,24"
2024-02-22,Webcam,Centro,distribuidor,4,53.35,"213,40"
2024-11-06,Webcam,Sur,Tienda,1,68.19,"68,19 €"
08/05/2024,Teclado,Norte,Distribuidor,2,39.53,"79,06"
2025-12-19,Auriculares,Este,Online,5,91.97,"459,85"
2024-08-22,Auriculares,Norte,ONLINE,5,95.68,"478,40"
2025-09-08,Teclado,OESTE,Online,5,48.56,"242,80 €"
2025-03-07, MONITOR,Centro,TIENDA,1,213.89,"213,89 €"
2025-04-08,Monitor,Norte,Distribuidor,2,184.5,"369,00"
2024-08-25,Mouse,Oeste,Tienda,2,25.17,"50,34"
2025-02-15,Webcam,Norte,Distribuidor,3,49.62,"148,86 €"
2024-12-21,Monitor,Norte,ONLINE,2,220.59,"441,18"
27/10/2024,Auriculares,Sur,Tienda,5,92.87,"464,35"
2024-04-11,Monitor,Oeste,Online,4,205.37,"821,48"
2025-03-19,Mouse,Sur,TIENDA,NA,24.77,"123,85 €"
2024-11-01,Auriculares,Centro,Online,1,93.34,"93,34 €"
2024-05-06,Mouse,Sur,Tienda,3,24.78,"74,34 €"
2024-12-27,Teclado,Sur,Online,3,46.06,"138,18 €"
2024-01-21,Mouse,Centro,Online,1,23.22,"23,22"
04/04/2024,Webcam,Centro,Distribuidor,5,53.55,"267,75 €"
2024-11-16,Auriculares,Norte,Tienda,1,87.03,"87,03"
2025-11-03,Monitor,Centro,Tienda,5,232.2,"1.161,00 €"
2024-09-22,Auriculares,Sur,Online,1,91.89,"€91,89"
2024-10-12,Mouse,Oeste,Distribuidor,1,20.16,"409,56"
2025-06-20,Mouse,Norte,Distribuidor ,1,20.88,"20,88 €"
2024-04-12,Auriculares,centro,Online,3,93.6,"280,80"
2025-08-19,Auriculares,Norte,Online,4,94.67,"€378,68"
2025-09-26,Teclado,Este,Online,1,45.51,"€45,51"
2024-01-26,Teclado,Centro,Distribuidor,3,35.45,"106,35"
2025-12-09,Monitor,Este,Online,3,230.25,"690,75"
03/06/2025,Auriculares,Norte,Online,5,88.2,"719,79"
2024-12-20,Monitor,Este,Online,2,214.14,"428,28"
2024-05-02,Webcam,Este,Tienda,3,64.12,"192,36"
2025-11-21,Monitor,Este,Tienda,4,225.69,"902,76"
2025-11-10,Auriculares,  Oeste ,Tienda Fisica,2,n/a,"179,46"
2024-09-30,Webcam,Centro,Online,2,59.96,"119,92"
21/04/2024,Mouse,Sur,Distribuidor,5,20.81,"104,05 €"
2025-03-12,Auriculares,Sur,Distrib.,2,73.44,"146,88 €"
2024-11-02,Mouse,Este,Tienda,4,26.76,"107,04"
2024-03-04,Webcam,Norte,Distribuidor,5,56.71,"283,55"
2025-03-24,Teclado,Sur,Distribuidor,4,38.19,"152,76"
2024-12-24,Auriculares,Norte,Online,2,90.1,"180,20"
02-19-2024,Monitor,Norte,Tienda,5,221.86,"1.109,30 €"
2025-03-17,Mouse,centro,Online,1,23.22,"23,22"
2024-03-14,Auriculares,Este,distribuidor,2,66.67,"133,34 €"
2025-07-06,Teclado,Este,Online,5,45.83,"229,15"
2024-11-13,Monitor,Sur,Online,null,227.1,"€227,10"
2025-07-15,Auriculares,Centro,Distribuidor,5,75.75,"378,75"
2024-04-19,Monitor,Sur,Online,9399,216.08,"749,49"
2024-08-03,Monitor,  OESTE ,Online ,1,232.8,"232,80 €"
2025-09-28,Auriculares,Centro,Online,1,93.9,"93,90"
30/05/2025,Mouse,Oeste,Tienda,7498,23.15,"115,75 €"
2025-04-26,Monitor,Norte,Online,4,214.66,"858,64 €"
2025-03-22,WEBCAM,NORTE,Tienda,5,64.47,"322,35"
2025-01-28,AURICULARES,norte,Online,5,94.7,"473,50"
09/12/2025,Mouse,Oeste,Online,4,25.96,"103,84 €"
,Teclado,,Tienda,1,43.22,"43,22 €"
2024-10-27,Auriculares,Este,Tienda,5,89.08,"445,40"
2025-11-19,Auriculares,Este,Online,8052,85.88,"257,64"
2024-08-03,Monitor,Norte,Tienda,2,217.14,"434,28"
2025-12-19,Mouse,Norte,Online,4,24.11,"96,44"
2024-07-03,Monitor,centro,on-line,3,219.71,"€659,13 €"
2025-12-11,Monitor,Oeste,Tienda,4,209.84,"839,36"
2024-02-20,Auriculares,Oeste,Online,2,89.41,"178,82"
2024-09-22,Mouse,Norte,Online,3,25.2,"75,60 €"
2024-04-15,Mouse,?,Distribuidor,2,19.89,"39,78"
2025-04-26,Auriculares,Norte,Online,5,94.52,"472,60"
2024-01-16,Monitor,Este,Online,3,219.52,"€658,56"
2025-11-26,Auriculares,Sur,Distribuidor,5,73.4,"367,00"
,Webcam,Sur,ONLINE,2,64.21,"128,42"
2025-02-11,Mouse,Este,Online ,-2,24.58,"24,58 €"
2024-12-26,Mouse,OESTE,Tienda,5,24.29,"121,45 €"
2025-04-27,WEBCAM,Este,TIENDA,3,66.02,"198,06"
2025-07-09,Teclado,Sur,Distribuidor,1,38.36,"38,36"
2025-12-18,Monitor,Norte,Online,1,217.02,"€217,02 €"
07-19-2025,Teclado,Este,DISTRIBUIDOR,1,36.06,"36,06"
01-15-2025,Teclado,Norte,TIENDA,1,45.04,"45,04"
2025-12-01,Mouse,Centro,Online,3,25.83,"77,49"
2024-08-07,Mouse,Sur,Online,3,25.67,"77,01"
2025-03-14,Teclado,Norte,tienda,2,n/a,"91,84"
2025-07-19,Mouse,Norte,Tienda,3,25.31,"75,93"
2024-12-25,Monitor,Este,ONLINE,1,217.53,"217,53"
19/09/2025,Monitor,Norte,Online,1,208.89,"208,89"
2025-11-05,Auriculares,OESTE,Tienda,5,93.73,"468,65"
2024-05-29,Auriculares,Este,Online,4,91.06,"364,24"
2024-01-28,Teclado,Norte,Tienda,4,45.79,"183,16"
2024-12-10,Auriculares,Este,Online,5,92.2,"461,00"
2024-11-01,Mouse,Sur,Distribuidor,1,20.92,"20,92 €"
2024-11-25,Auriculares,centro,Online,4,85.09,"340,36"
2024-02-10,Mouse,Sur,Distribuidor,1,19.91,"19,91 €"
2024-08-20,Webcam,Norte,Tienda,1,67.55,"67,55"
2025-11-28,AURICULARES,Norte,online,1,90.96,"90,96"
2024-06-28,Auriculares,Centro,Online,4,91.1,"364,40 €"
2024-12-19,Mouse,Este,Distribuidor ,5,21.66,"108,30"
2024-03-08,Webcam,Centro,Distribuidor,1,51.41,"51,41 €"
2024-11-03,Monitor,Norte,Tienda Fisica,5,224.35,"1.121,75"
18/11/2024,Mouse,NORTE,Online,4,24.32,"97,28"
2025-08-26,Auriculares,Centro,Distribuidor,3,76.09,"228,27"
2024-12-03,Mouse,Centro,ONLINE,4,26.14,"104,56"
2025-07-18,Teclado,Oeste,Distribuidor,2,37.56,"75,12 €"
28/09/2025,Auriculares,Oeste,Tienda,2,86.13,"172,26"
2024-01-14,Monitor,Oeste,Online,5,222.89,"1.114,45 €"
16/07/2024,Monitor,Oeste,Tienda,3,225.65,"676,95"
,Mouse,Sur,Tienda,5,24.24,"121,20"
2025-09-06,Monitor,Norte,Tienda,1,215.89,"215,89"
10/12/2024,Auriculares,Centro,Distribuidor,5,71.37,"356,85 €"
2024-04-07,Webcam,Norte,Distrib.,3,53.94,"161,82 €"
02-24-2024,Auriculares,Norte,Online,4,87.55,"350,20 €"
2025-12-10,Teclado,Este,Tienda,2,45.88,"91,76 €"
2024-02-10,Auriculares,Este,Distribuidor,1,73.97,"73,97"
2024-05-14,Teclado,centro,Online,1,44.62,"44,62"
2024-11-07,Monitor,Norte,TIENDA,5,216.7,"1.083,50 €"
2025-12-07,Teclado,Norte,Online,4,44.44,"177,76"
2024-08-29,Monitor,Este,Tienda,3,220.2,"543,52"
2024-12-01,Auriculares,Oeste,Tienda,1,88.7,"88,70 €"
2025-07-21,Mouse,Oeste,Online,4,24.77,"99,08"
2025-06-18,Monitor,Norte,Distribuidor,2,175.58,"351,16 €"
2025-11-20,Auriculares,Este,Tienda,2,89.03,"178,06"
2025-12-12,Teclado,Centro,Distrib.,3,38.4,"115,20"
2025-09-11,Auriculares,Oeste,Online,2,93.66,"187,32"
19/09/2025,Monitor,Norte,Online,1,208.89,"208,89"
2025-11-05,Mouse,Norte,Distribuidor,3,18.72,"56,16 €"
2024-12-11,AURICULARES,este,Tienda física,3,87.78,"263,34 €"
28/08/2024,Teclado,Este,Distribuidor,5,36.81,"184,05 €"
2025-06-16,Auriculares,Norte,Online,2,90.3,"180,60 €"
01-30-2024,Auriculares,Centro,Online,4,87.82,"351,28"
2025-05-04,Teclado,Sur,Online,1,44.12,"44,12 €"
2025-01-03,Monitor,Sur,Distribuidor,2,184.49,"368,98"
09/06/2025,Mouse,Norte,Online,1,24.43,"24,43"
2025-06-13,Mouse,Oeste,Tienda,4,23.75,"€95,00"
2024-11-16,Teclado,Centro,Online,4,44.92,"179,68"
2025-09-01,Mouse,Sur,Tienda física,-,24.78,"€24,78"
2025-04-28,Auriculares,Centro,Tienda física,5,89.31,"446,55"
11-16-2024,Auriculares,Norte,Online,N/A,88.57,"265,71"
2025-09-11,Auriculares,CENTRO,Tienda,3,87.89,"263,67"
2024-04-06,Mouse,Este,Online,5,25.04,"125,20"
10/02/2025,Monitor,Norte,Tienda,1,220.75,"220,75"
2024-12-20,Teclado,Centro,Tienda,5,46.7,"233,50 €"
2025-12-09,Auriculares,Centro,Distrib.,1,71.28,"71,28"
2024-11-30,Auriculares,Este,Tienda,3,89.9,"269,70"
2025-07-25,Mouse,Norte,distribuidor,4,NULL,"80,28 €"
01-16-2024,Mouse,Norte,Online,5,25.36,"126,80"
2024-12-06,Monitor,Norte,Tienda,3,214.09,"€642,27 €"
16/12/2025,Auriculares,Sur,Online,3,87.72,"263,16"
2025-11-01,Auriculares,Oeste,Distribuidor,2,76.01,"152,02"
2024-03-30,Mouse,Norte,Distribuidor,2,19.81,"39,62"
2024-11-30,Monitor,Norte,DISTRIBUIDOR,1,181.24,"181,24"
2025-05-22,Mouse,Norte,Online,2,23.46,"46,92 €"
2025-01-14,Webcam,Sur,Tienda,5,65.97,"591,50"
2024-11-09,Webcam,Este,Online,5,66.77,"333,85 €"
2024-12-30,Monitor,Centro,Tienda,1,222.3,"222,30 €"
2024-04-09,Auriculares,Sur,Distribuidor,4,69.74,"278,96 €"
2025-04-14,Auriculares,Oeste,Distrib.,5,72.06,"360,30"
2024-05-22,Webcam,Este,Distribuidor,4,50.29,"201,16"
2025-05-06,Teclado,Sur,Online,2,45.45,"90,90 €"
2025-08-05,Webcam,oeste,Online,4,65.04,"€260,16"
,Monitor,Este,Tienda física,3,218.05,"654,15"
14/02/2024,Mouse,Norte,Online,2,26.01,"52,02"
2024-08-25,Mouse,Centro,Distribuidor,2,19.89,"39,78"
2024-12-14, Mouse,Este,Online,2,26.38,"52,76 €"
2025-12-07,Webcam,Oeste,Distribuidor,-2,53.25,"€53,25 €"
2024-06-08,Mouse,Sur,Online,1,25.44,"25,44"
2024-10-18,Auriculares,  Sur ,on-line,3,86.27,"258,81"
2025-10-30,Webcam,Sur,DISTRIBUIDOR,3,53.81,"161,43 €"
2024-03-04,Mouse,Centro,distribuidor,4,20.83,"83,32"
2025-06-24,Auriculares,norte,Tienda,2,89.83,"179,66 €"
2024-11-09,Mouse,  Este ,Online,5,24.45,"122,25"
2025-12-06,Auriculares,Oeste,Online,5,96.04,"480,20"
2025-10-03,Monitor,Sur,Tienda,3,210.7,"632,10"
2025-04-17,Auriculares,norte,Tienda,1,87.63,"87,63 €"
,Mouse,Centro,Online,1,24.68,"24,68 €"
2025-04-05,Auriculares,sur,Tienda,1,91.88,"91,88 €"
2025-11-11,Mouse,Norte,Online,3,24.82,"74,46"
2024-05-26,Mouse,Sur,Tienda,3,25.03,"75,09"
17/08/2024,Auriculares,Norte,Tienda física,3,88.61,"265,83 €"
2024-03-04,WEBCAM,este,Online,1,62.48,"62,48"
30/11/2025,WEBCAM,Sur,Tienda,4,66.74,"266,96 €"
2024-12-28,Teclado,Este,Online,5,46.29,"231,45"
2025-07-30,Teclado,Norte,Online,2,45.58,"91,16"
2024-12-10,Teclado,norte,Online,4,46.86,"187,44"
2025-07-03,Auriculares,Este,Tienda,3,92.15,"276,45 €"
2025-05-31,Mouse,Este,Tienda,3,26.59,"79,77"
2024-12-28,Webcam,Este,Tienda,null,65.29,"€261,16"
2025-04-09,Mouse,Oeste,Online,5,25.98,"129,90"
08/04/2025,Monitor,Este,Distribuidor,1,184.91,"184,91"
07-27-2024,Teclado,Oeste,Online,null,45.2,"180,80 €"
2025-11-24,Webcam,Centro,Online,4,63.91,"€255,64"
11-10-2025,Auriculares,Centro,Online,3,90.8,"272,40 €"
2024-10-03,Mouse,Norte,Online ,2,23.41,"€46,82"
2025-03-28,Auriculares,Oeste,Distribuidor,4,0.0,"545,74"
2025-04-01,Mouse,Centro,Tienda,2,24.15,"48,30 €"
2024-04-08,Mouse,Norte,Tienda,NA,23.98,"47,96"
10/12/2024,Monitor,Norte,Distrib.,2,180.59,"361,18"
2024-11-26,Teclado,CENTRO,Distribuidor,5,38.53,"192,65 €"
01-16-2024,Monitor,Este,Distribuidor,2,178.2,"356,40 €"
2025-02-08,MONITOR,Sur,Distribuidor,5,175.9,"879,50"
2025-05-28,Auriculares,OESTE,Online,2,91.29,"182,58"
2024-10-25,Webcam,  oeste ,Tienda,4,64.5,"258,00 €"
2025-02-19,Mouse,Este,Online,2,25.3,"50,60 €"
2024-05-22,Webcam,Este,Distribuidor,4,50.29,"201,16"
2024-12-23,Teclado,Centro,Online,1,44.03,"44,03 €"
2025-12-08,Webcam,Norte,ONLINE,1,67.91,"67,91"
2024-07-21,MOUSE,Oeste,Online,3,25.89,"77,67 €"
2025-02-16,Teclado,Este,Online,1,47.66,"47,66"
2025-04-29,Webcam,Sur,Online,3,62.23,"186,69"
2025-01-07,Monitor,Este,Online,2,217.22,"434,44 €"
2024-12-14,Teclado,Centro,Online,1,43.89,"43,89"
2025-11-28,Auriculares,Oeste,Distrib.,3,75.04,"225,12"
2024-12-21,Mouse,Sur,Tienda Fisica,3,24.61,"73,83 €"
2024-12-17,Auriculares,Centro,Online,3,95.53,"286,59 €"
2024-07-25,Monitor,Este,Tienda,1,222.14,"222,14 €"
2024-02-07,Monitor,Oeste,online,1,216.77,"216,77"
2025-04-26,AURICULARES,Este,DISTRIBUIDOR,2,76.04,"152,08"
2025-11-01,Mouse,Centro,Tienda,-,23.88,"71,64"
2024-05-28,Mouse,Este,Online,2,23.2,"46,40"
2024-08-21,Teclado,Este,Tienda Fisica,2,41.26,"82,52"
2024-10-14,Teclado,Oeste,Online,2,46.44,"92,88"
2025-11-11,Webcam,Centro,Tienda,3,64.44,"193,32"
2024-11-10,Monitor,oeste,Online,4,228.36,"913,44"
2024-04-12,MOUSE,Norte,Online,5,24.95,"124,75"
07-29-2024,Mouse,Este,Online,3,26.36,"79,08"
2024-01-21,Auriculares,Norte,Distribuidor,2,74.05,"148,10"
20/06/2024,Mouse,Sur,Tienda,2,23.32,"46,64 €"
2025-04-07,Mouse,Centro,Tienda,3,24.88,"74,64 €"
2025-12-31,Monitor,Centro,Online,4,220.71,"882,84"
2024-04-08,Mouse,Oeste,Distribuidor,3,20.06,"60,18"
2024-12-16,Mouse,Sur,Tienda,3,24.37,"73,11 €"
2025-04-14,Webcam,Centro,Tienda,2,64.12,"128,24 €"
2024-08-27,Teclado,Norte,Distribuidor,5,36.63,"183,15"
2025-12-14,Auriculares,Norte,Tienda,5,89.35,"446,75 €"
2024-03-29,Webcam,Este,Online,5,62.73,"313,65"
2024-07-13,Monitor,Norte,Online,1,n/a,"216,17 €"
16/01/2024,Auriculares,SUR,Tienda,4,92.31,"369,24"
30/08/2025,Webcam,Centro,Tienda,1,63.83,"63,83"
2024-11-08,Monitor,Centro,Distribuidor,3,183.02,"549,06"
2024-12-03,Auriculares,Sur,Online,-,87.96,"439,80 €"
2024-07-28,Monitor,Oeste,Tienda,4,212.82,"851,28 €"
2025-08-18,Monitor,Norte,Online,3,213.34,"640,02"
2024-06-17,Auriculares,Norte,Online,2,87.53,"175,06 €"
2025-05-31,Auriculares,Centro,Tienda,2,88.12,"176,24 €"
2025-07-23,Monitor,Norte,Online,1,222.96,"222,96 €"
08-01-2025,Teclado,Centro,Tienda,2,45.31,"90,62 €"
07-02-2025,Webcam,Norte,Online ,3,66.16,"198,48 €"
03-07-2024,Monitor,Norte,Online,1,221.86,"221,86"
2025-02-08,Monitor,Oeste,Online,1,216.79,"216,79 €"
2025-08-30,Mouse,Sur,Online,5,26.41,"132,05"
2025-11-14,Webcam,Este,Online,2,65.69,"131,38"
2024-11-05,Mouse,Norte,Tienda,3,24.84,"74,52 €"
2024-11-24,Teclado,Sur,Online,5,45.48,"227,40"
08-02-2025,Teclado,  Centro ,Distribuidor,2,38.13,"76,26"
2024-06-14,Monitor,?,ONLINE,2,216.12,"€432,24"
2025-06-27,WEBCAM,Sur,Tienda,1,65.92,"65,92"
2024-11-19,Auriculares,Sur,Online,2,93.26,"186,52"
2025-05-05,Mouse,,on-line,4,24.02,"96,08"
2024-12-10,Mouse,Centro,Online,2,24.35,"48,70"
2025-02-22,Teclado,Sur,Distribuidor,3,37.21,"111,63 €"
2025-09-28,Teclado,?,Online,5,46.42,"232,10"
2024-08-31,Mouse,Centro,Online,NA,26.72,"53,44 €"
2025-04-20,Teclado,Norte,Distribuidor,2,36.35,"72,70 €"
2024-11-19,Webcam,Centro,Tienda,4,63.95,"255,80 €"
2024-04-18,Monitor,Norte,Tienda,3,210.22,"630,66"
2025-06-24,Teclado,Centro,Online,3,44.76,"134,28"
2024-10-30,Monitor,Este,Tienda,2,225.72,"451,44"
2024-10-29,Mouse,Centro,Online,1,23.08,"23,08 €"
2025-05-14,Mouse,Norte,Tienda,2,25.15,"50,30 €"
2025-11-27,Webcam,Centro,Online,5,66.92,"334,60 €"
2025-09-24,Mouse,Norte,Online,5,22.88,"114,40 €"
2024-07-01,Auriculares,Centro,Online,3,89.26,"267,78"
2025-04-06,Auriculares,Centro,Online,2,89.8,"179,60 €"
2024-10-25,Teclado,Centro,Distribuidor,2,36.22,"72,44"
2025-05-20,Auriculares,Oeste,Online,4,86.98,"347,92 €"
2024-11-01,Teclado,Este,Tienda,1,46.29,"46,29"
2024-01-28,Auriculares,norte,Tienda física,5,91.89,"459,45"
2024-01-07,Teclado,Este,Online,4,44.69,"€178,76 €"
05-19-2025,Mouse,Este,Online,5,24.69,"123,45"
2024-09-20,MONITOR,Centro,Online,5,219.65,"1.098,25"
2024-09-22,Webcam,Este,Tienda,3,61.62,"184,86"
2024-05-08,Mouse,Sur,Distribuidor,3,19.62,"58,86 €"
2024-11-24,Mouse,Norte,Online,1,24.95,"24,95"
2025-08-27,Webcam,Norte,Online,4,63.33,"253,32"
2024-12-06,Monitor,Norte,TIENDA,3,214.09,"€642,27 €"
,,,,,,
2024-09-19,MOUSE,Oeste,Online,2,24.85,"606,04"
2025-12-27,Auriculares,Oeste,Distribuidor,5,71.3,"356,50"
2024-05-25,Monitor,Centro,Distribuidor,4,178.68,"714,72 €"
2025-11-06, Monitor,Norte,Tienda,2,222.02,"444,04 €"
2024-05-31,Teclado,Sur,Distribuidor,4,38.1,"152,40 €"
2025-12-10, Monitor,Oeste,Tienda,5,213.87,"1.069,35"
2024-09-12,TECLADO,Este,Online,3,44.11,"132,33 €"
2024-11-21,Mouse,oeste,Tienda,3,26.56,"79,68"
2024-11-08,Teclado,Centro,online,2,46.42,"92,84"
2024-04-08,Teclado,desconocida,Online,1,42.96,"42,96 €"
2024-07-28,Mouse,Norte,Online,2,24.48,"48,96 €"
2024-12-02,MONITOR,Este,TIENDA,2,228.59,"457,18"
24/11/2025,Mouse,Este,Online,1,24.57,"24,57"
2024-07-05,Auriculares,  Sur ,ONLINE,2,92.26,"236,03"
2025-12-10,Mouse,Centro,Distribuidor,2,21.67,"43,34"
2025-07-24,Monitor,Norte,Online,3,223.18,"669,54"
2024-06-03,Monitor,  centro ,Distribuidor,2,188.02,"376,04"
2025-08-22,Mouse,Oeste,Tienda,2,24.52,"49,04"
05-16-2025,Auriculares,Norte,Online,5,94.47,"472,35"
2025-04-26,AURICULARES,Oeste,Tienda,4,95.44,"381,76"
04-17-2024,Webcam,Norte,Tienda,2,63.32,"126,64"
24/02/2024,Webcam,Oeste,Distribuidor,2,54.22,"108,44"
2025-09-17,Auriculares,Centro,ONLINE,5,91.9,"459,50 €"
2025-03-30,MOUSE,Sur,Distribuidor,5,21.09,"105,45"
2025-11-11,Monitor,CENTRO,Online,1,222.89,"222,89"
2024-12-27,Webcam,Sur,Distribuidor,1,49.36,"49,36"
2024-12-01,Mouse,Norte,Online,1,26.39,"26,39"
2025-07-02,Mouse,Centro,Tienda física,5,24.48,"122,40"
2025-04-18,Monitor,Centro,Tienda,2,217.1,"434,20"
2024-09-11,Monitor,Este,Tienda,4,213.06,"852,24"
2024-12-19,Auriculares,Oeste,Distribuidor,4,72.73,"€290,92 €"
2025-09-03,Mouse,Oeste,Online,1,25.39,"25,39"
2025-07-06, Auriculares,sur,Online,5,91.51,"457,55"
2025-07-25,Mouse,  Centro ,Online,5,25.01,"125,05"
2024-12-10,Teclado,Centro,Online ,1,43.75,"43,75"
2024-03-24,Mouse,Oeste,Online,3,25.94,"77,82"
2024-08-16,Auriculares,ESTE,Tienda,2,85.71,"171,42"
2024-12-15,Mouse,Centro,Online,4,24.06,"96,24"
09/12/2025,Auriculares,Oeste,Online ,5,84.71,"423,55"
2025-04-06,Webcam,Sur,Distribuidor,2,52.33,"104,66"
2024-05-13,Webcam,Norte,Online,3,64.25,"192,75"
2024-12-27,Auriculares,Este,Online,1,95.13,"95,13 €"
2025-03-08, Mouse,Oeste,Online,3,24.05,"72,15"
2024-01-10,Mouse,Oeste,on-line,5,24.62,"123,10"
2025-12-24,Mouse,Centro,Online,1,26.44,"26,44"
2024-12-03,Teclado,Norte,Tienda física,1,46.39,"46,39"
2024-03-20,Auriculares,Norte,Online,5,86.33,"431,65 €"
2024-09-08,Auriculares,Centro,Online,-,94.45,"283,35"
2024-09-09,Teclado,Oeste,Distribuidor,5,36.93,"184,65"
2025-06-26,Teclado,Este,Distribuidor,1,36.75,"36,75 €"
08-02-2025,Teclado,  Centro ,Distribuidor,2,38.13,"76,26"
2025-07-10,Mouse,Oeste,Tienda,3,26.14,"78,42"
2025-03-20,Auriculares,Oeste,Online,3,85.09,"255,27"
2025-11-10,Monitor,Oeste,online,2,211.79,"423,58 €"
2024-05-25,TECLADO,Norte,Online,3,44.59,"133,77"
2024-07-17,Mouse,Norte,Online,5,25.81,"129,05"
2024-06-20,Monitor,Norte,Tienda,2,226.68,"453,36"
2025-11-13,Mouse,NORTE,on-line,4,25.6,"102,40 €"
2024-10-19,Teclado,Este,TIENDA,1,44.61,"44,61"
2024-11-11,Monitor,Este,TIENDA,3,0.0,"655,14"
2024-11-23,Mouse,Norte,Online,2,26.28,"52,56"
2024-07-13,Auriculares,Norte,Tienda,5,93.04,"465,20"
2024-10-17,Mouse,Norte,Distribuidor,3,20.48,"61,44 €"
07-16-2025,Teclado,Norte,Tienda,1,45.75,"45,75"
2024-08-14,Auriculares,Sur,Online,2,92.07,"184,14 €"
2024-03-27,Mouse,Sur,on-line,3,23.9,"71,70 €"
2025-12-14,Mouse,Sur,Online,2,25.12,"€50,24 €"
2025-05-01,Auriculares,Centro,Distribuidor,5,74.6,"373,00"
2024-05-25,Mouse,Este,ONLINE,5,24.33,"121,65"
2024-09-05,Monitor,Oeste,Distribuidor,3,186.56,"559,68"
2024-07-25,Monitor,Oeste,Online,2,228.17,"456,34"
2025-08-26,Mouse,  Oeste ,TIENDA,5,24.55,"122,75 €"
2025-11-01,Webcam,NORTE,Online,9823,66.16,"66,16"
2024-03-20,Monitor,Oeste,Online,1,222.26,"222,26"
2024-08-06,Webcam,Centro,Tienda,3,62.4,"187,20 €"
2024-01-22,Mouse,Centro,Tienda,2,25.26,"50,52"
2025-12-08,Mouse,Norte,Tienda,3,24.09,"72,27 €"
2025-12-27,Teclado,Norte,Tienda Fisica,1,45.6,"45,60"
,Auriculares,Sur,Online,5,90.58,"452,90"
2024-01-07,Auriculares,Oeste,ONLINE,4,93.48,"373,92 €"
2025-12-13,Teclado,Norte,Tienda física,5,n/a,"228,80 €"
2025-11-21,Teclado,  Norte ,tienda,3,46.13,"138,39 €"
2024-06-14, Monitor,Sur,Distribuidor,5,179.79,"898,95"
2025-04-12,Teclado,Este,Tienda,3,44.05,"132,15"
2025-10-18,Mouse,centro,Distribuidor,5,21.12,"105,60"
2025-03-23,Teclado,Sur,Online ,3,46.09,"138,27 €"
2025-01-09,Monitor,Norte,Tienda,3,214.31,"642,93"
2024-03-10,Mouse,Norte,Tienda,3,25.03,"75,09"
2024-05-04,Monitor,Sur,Tienda física,4,216.75,"867,00 €"
06-12-2025,Teclado,Este,Online,3,44.97,"134,91"
2024-07-16,Teclado,Sur,Online,5,45.93,"229,65"
2025-10-13,Teclado,Centro,Tienda,2,45.99,"606,00"
04-12-2024,Auriculares,Sur,Online,1,91.25,"91,25"
2025-05-04,Auriculares,Oeste,Online,1,91.1,"91,10"
2025-03-16,Monitor,NORTE,Online,5,207.99,"1.039,95"
2024-01-06,Webcam,Oeste,Online,5,63.08,"315,40"
2025-07-09,Monitor,Oeste,tienda,1,212.42,"212,42 €"
2024-04-10,Monitor,Centro,tienda,2,222.51,"445,02"
2024-11-06,Mouse,Norte,Distribuidor,3,20.66,"61,98"
19/11/2025, Monitor,Oeste,Tienda,3,215.88,"647,64"
2024-11-25,Webcam,Oeste,Distribuidor,3,52.44,"157,32"
2025-12-29,Mouse,Este,Online,2,n/a,"44,28"
2024-12-10,Auriculares,Este,Online,4,90.46,"361,84 €"
2024-09-26,Mouse,Oeste,Tienda,4,23.89,"95,56 €"
30/10/2024,Mouse,Norte,Online,3,25.93,"77,79"
2024-10-13,Mouse,Este,Tienda física,3,26.32,"78,96"
2024-12-13,Mouse,Sur,Online,5,24.58,"122,90"
2024-10-24,Teclado,centro,Tienda física,3,45.7,"137,10 €"
2025-11-15,Teclado,Norte,Online,4,44.67,"178,68 €"
2024-05-07,Monitor,Norte,Online,1,217.12,"217,12"
2024-04-08,Webcam,Sur,Online,1,64.71,"64,71"
2024-12-16,Mouse,Norte,Online,5,24.96,"€124,80"
2025-11-04,Auriculares,Oeste,Tienda,5,94.99,"474,95 €"
2025-05-03,Monitor,Norte,Tienda,3,225.58,"676,74"
01/01/2024,Mouse,Norte,Tienda Fisica,3,23.99,"71,97 €"
2024-03-22,Mouse,Este,Tienda,2,25.86,"51,72 €"
2024-12-01,Mouse,Centro,Online,4,24.79,"99,16"
2024-07-05,Auriculares,Oeste,Distribuidor,5,74.55,"372,75 €"
2025-07-24,Webcam,?,ONLINE,4,63.81,"255,24 €"
2025-12-17,Monitor,ESTE,online,2,215.09,"430,18"
2025-04-12,Webcam,Norte,Online,3,63.26,"189,78"
2024-01-26,Auriculares,Sur,Distribuidor,2,75.4,"150,80"
2024-04-16,Teclado,Norte,Distribuidor,5,37.83,"189,15"
2024-07-08,Webcam,Sur,Tienda,5,66.06,"€330,30"
2024-12-14,Mouse,Norte,ONLINE,1,24.5,"24,50 €"
2025-12-31,Webcam,Oeste,Online,2,63.31,"126,62"
2024-12-31,Auriculares,Norte,Online,4,91.23,"364,92 €"
27/02/2024,Auriculares,sur,Distribuidor,1,71.25,"71,25"
2024-08-13,Auriculares,Centro,Tienda física,3,85.95,"257,85 €"
2025-02-05,Auriculares,Norte,Online,1,87.99,"87,99 €"
2024-10-07,Mouse,Este,Tienda,5,24.6,"123,00"
2025-10-17,Auriculares,Norte,Distribuidor,2,78.37,"156,74"
2025-03-20,Webcam,Sur,Distribuidor,4,54.0,"216,00"
2024-12-10,Auriculares,Centro,Tienda Fisica,2,91.01,"182,02"
2025-05-30,Auriculares,Oeste,Online,2,89.7,"179,40"
2024-11-25,Auriculares,Centro,Tienda,3,87.0,"261,00 €"
2025-03-08,AURICULARES,Norte,Distribuidor,1,72.43,"72,43 €"
31/10/2025,Teclado,Norte,Distribuidor,3,36.43,"109,29 €"
2024-11-18,Teclado,Sur,Tienda,1,46.47,"46,47"
17/11/2024,Auriculares,Norte,online,4,89.12,"356,48 €"
09-20-2025,Mouse,Oeste,Online,5,25.26,"126,30 €"
2025-05-04,MOUSE,Este,Online,4,25.2,"€100,80 €"
2025-09-23,Mouse,Sur,TIENDA,4,25.18,"100,72"
2024-05-16,Mouse,Este,Distribuidor,2,20.17,"40,34"
2024-11-02,Webcam,Centro,Tienda,2,64.33,"128,66 €"
2025-12-07,Mouse,  NORTE ,Distribuidor,5,20.11,"100,55"
2025-05-04,Mouse,Oeste,on-line,2,24.44,"48,88"
31/12/2025,Auriculares,Oeste,Tienda,3,86.18,"258,54 €"
2024-11-17,Auriculares,Oeste,online,4,86.95,"347,80"
2024-12-31,Auriculares,Centro,Online,4,90.99,"363,96"
12-09-2024,Auriculares,Sur,Tienda,2,92.95,"185,90"
2025-11-07,Teclado,Norte,Tienda,2,45.95,"91,90"
2025-07-11,Auriculares,Este,Tienda,3,91.37,"274,11 €"
16/11/2025,Auriculares,Sur,Online,2,90.41,"180,82"
2024-12-31,MOUSE,Este,ONLINE,3,24.42,"73,26"
2025-09-02,Monitor,Sur,Online,5,228.79,"1.143,95"
2025-03-15,Teclado,Norte,Tienda,1,44.37,"44,37"
2024-08-12,Mouse,oeste,Online,2,,"49,86 €"
2024-05-10,Mouse,Sur,Tienda,NA,25.27,"126,35"
2024-11-07,Monitor,Este,online,3,220.53,"661,59"
2024-11-18,Teclado,Norte,TIENDA,1,45.33,"45,33 €"
2025-07-09,Teclado,Norte,Distribuidor,1,35.81,"35,81 €"
2025-10-20,Monitor,Centro,Tienda,5,224.11,"1.120,55"
2024-11-02,Mouse,Este,Online,5,24.97,"124,85"
2024-10-31,Mouse,Norte,Online,2,24.15,"48,30 €"
2025-11-15,Mouse,  Este ,on-line,1,25.75,"25,75"
2025-12-27,Mouse,Norte,Tienda,2,23.82,"47,64 €"
08/07/2025,Teclado,Oeste,Online,5,44.94,"€224,70"
2025-07-14,Auriculares,Sur,Online,5,92.03,"460,15"
2025-08-17,Auriculares,Este,Online,4,84.45,"337,80"
2025-05-15,Mouse,Oeste,Online,4,25.17,"100,68 €"
13/06/2025,Mouse,Norte,Tienda,4,25.53,"102,12"
2025-06-26,Mouse,Oeste,Tienda Fisica,4,24.34,"97,36 €"
2025-09-02,Teclado,Oeste,Online,4,44.96,"179,84"
2024-06-10,Auriculares,  este ,Online,2,90.07,"180,14"
2024-05-22,Mouse,Centro,Online,4,25.28,"101,12"
2025-11-05,Teclado,Centro,Tienda,3,44.88,"134,64"
2025-06-30,Webcam,  ESTE ,Tienda,3,65.1,"195,30 €"
12/12/2025,Monitor,Este,Online,1,212.35,"212,35"
2025-08-05, Teclado,Norte,Online,4,44.56,"178,24 €"
02/12/2025,Mouse,ESTE,Distribuidor,2,19.89,"39,78"
2025-11-21,TECLADO,oeste,Online,2,45.96,"91,92 €"
2025-02-23,Mouse,Norte,Online,1,24.87,"24,87 €"
2025-08-07,Mouse,Oeste,Tienda,3,24.8,"74,40"
2025-01-07,Teclado,Oeste,Tienda,2,43.2,"86,40"
2024-03-22,Teclado,Este,Tienda,4,43.34,"173,36 €"
03-16-2024,Monitor,Oeste,Online,1,222.98,"222,98"
2025-11-24,Teclado,Oeste,Online,1,44.24,"44,24 €"
2024-12-14,Auriculares,Centro,Tienda,4,91.73,"366,92 €"
2024-12-13,Teclado,Oeste,Online,5,43.23,"216,15 €"
2025-10-09,Webcam,Este,Distribuidor,1,52.86,"52,86"
2024-06-23,Teclado,Oeste,Online,1,46.45,"46,45"
30/11/2024,Mouse,este,Online,5,24.98,"124,90 €"
2024-06-12,Mouse,Norte,Online,2,25.34,"50,68"
2025-08-01,Monitor,Norte,Online,2,212.98,"425,96 €"
2024-09-27,Auriculares,Centro,Online,4,90.84,"363,36"
2024-11-03,Auriculares,centro,Distribuidor,6263,69.78,"209,34 €"
2024-01-21,Mouse,Centro,Online,1,23.22,"23,22"
2025-10-11,Teclado,Sur,Online,1,45.93,"45,93"
2024-11-08,Mouse,Norte,Tienda,4,25.39,"101,56"
2025-10-08,TECLADO,Norte,Online,5,46.89,"234,45"
2025-03-03,Teclado,Este,Distribuidor,1,37.57,"37,57"
2024-02-01,Mouse,Oeste,Online ,3,24.56,"73,68 €"
2024-11-04,Auriculares,Este,Tienda,4,87.86,"351,44"
07-28-2024,Mouse,Oeste,Online,3,24.82,"74,46"
11-15-2025,Auriculares,Norte,Online,2,88.95,"81,59"
2024-12-15,Teclado,Este,Tienda Fisica,2,45.74,"91,48"
2024-12-28,Mouse,Oeste,Online,4,25.0,"100,00"
2025-05-16,TECLADO,Norte,Online,2,44.76,"89,52 €"
2024-06-21,Teclado,CENTRO,Tienda,3,46.02,"138,06 €"
12-26-2025,Auriculares,Oeste,Tienda,3,90.16,"270,48 €"
2024-09-04,Webcam,Norte,Tienda,2,66.12,"132,24"
2025-03-17,Mouse,  Este ,Online,2,25.14,"50,28 €"
2025-12-15,TECLADO,Centro,Distribuidor,1,35.68,"35,68"
,,,,,,
2025-03-02,Teclado,Oeste,Online,4,49.15,"196,60 €"
2024-06-01,Mouse,Norte,TIENDA,2,24.36,"48,72 €"
2025-11-06,Mouse,Oeste,Online,5,24.18,"120,90 €"
2024-02-13,Teclado,Centro,Tienda,3,48.8,"146,40 €"
2025-11-25,Mouse,Centro,Tienda,4,24.03,"96,12"
2024-04-05,Teclado,Este,Online ,5,42.18,"210,90"
2025-10-23,Auriculares,Oeste,Tienda,1,89.98,"89,98 €"
2024-03-28,Auriculares,Norte,Online,4259,86.99,"434,95"
2024-08-20,Mouse,Norte,Distribuidor,4,20.48,"€81,92"
18/12/2025,Auriculares,Sur,Online,1,90.85,"90,85 €"
2024-02-27,Auriculares,  Oeste ,Tienda,3,85.69,"257,07"
05-24-2024,Mouse,Norte,Online,5,24.75,"123,75"
2025-12-18,Teclado,Sur,Tienda,4,45.57,"182,28"
2024-11-28,Teclado,Norte,Tienda,3,47.54,"142,62"
2024-10-05,Teclado,Norte,Tienda,4,47.25,"189,00"
2024-12-15,Auriculares,Este,Online,3,85.0,"255,00"
2024-12-20,Mouse,Este,Online,4,26.14,"€104,56"
2024-12-28,Mouse,Norte,Online,3,23.59,"€70,77 €"
2024-12-18,Webcam,OESTE,Online ,3,63.79,"191,37 €"
,Teclado,  Norte ,Online,2,47.07,"94,14 €"
2024-04-17,Monitor,Centro,Online,1,210.11,"210,11"
2024-06-12,Teclado,oeste,Distribuidor,N/A,0.0,"147,64"
2024-03-25,Teclado,centro,Tienda,5,45.03,"225,15"
2024-08-07,Auriculares,Norte,Online,3,9000.76,"€294,84"
2024-01-07,Mouse,Sur,on-line,2,24.02,"48,04 €"
2025-08-14,Auriculares,Centro,Tienda,1,89.6,"89,60"
2025-09-13,Auriculares,Sur,Tienda,4,87.66,"350,64"
2024-06-24,Monitor,Este,Online,5,225.03,"1.125,15"
2024-10-30,Teclado,Este,Online,4,44.23,"176,92"
2024-06-11,Teclado,Sur,Tienda,3,44.03,"132,09 €"
2024-12-03,Mouse,Oeste,Tienda,3,24.7,"74,10"
2024-10-06,Teclado,Este,Online,1,44.41,"44,41"
2025-12-29,Mouse,Sur,Online,2,24.84,"€49,68 €"
2025-07-23,Webcam,Este,DISTRIBUIDOR,2,50.77,"101,54"
2024-03-24,Teclado,Este,Online,1,44.21,"44,21 €"
2025-03-10,Mouse,norte,Tienda,4,25.05,"100,20 €"
2025-11-11,Webcam,Oeste,Online,4,65.75,"263,00"
2024-02-14,Mouse,Sur,Online,4,,"102,80"
2025-05-24,Auriculares,Centro,on-line,4,87.8,"€351,20"
2025-03-09,Teclado,Este,Online,5,44.21,"221,05"
2025-08-26,Teclado,Centro,Tienda,2,43.78,"87,56 €"
2025-07-25,Mouse,Norte,Online,5,25.38,"126,90"
2024-06-15,Mouse,Centro,Distribuidor,1,21.64,"21,64 €"
2024-06-14,Monitor,?,Online,2,216.12,"€432,24"
2024-07-13,Monitor,Norte,Tienda,5,226.17,"1.130,85"
2024-03-07,Auriculares,Centro,Tienda,1,83.46,"83,46 €"
2024-02-21,Monitor,Oeste,Tienda,4,225.15,"900,60"
2025-11-14,Auriculares,Oeste,Tienda,1,92.03,"€92,03"
2024-12-29,Mouse,Centro,Distribuidor,3,20.33,"60,99 €"
2025-09-01,Monitor,Norte,Distribuidor,2,170.54,"341,08"
2024-12-30,Auriculares,OESTE,Online,1,NULL,"€90,54 €"
2024-05-03,Auriculares,?,Tienda,3,89.75,"269,25 €"
2024-10-26,Auriculares,  Centro ,Distribuidor,3,0.0,"208,26"
27/11/2024,Auriculares,Oeste,Online,N/A,88.25,"441,25 €"
2025-08-09,Mouse,oeste,on-line,2,24.87,"€49,74 €"
2024-12-03,Teclado,Norte,Online ,3,46.46,"139,38 €"
2025-12-06,Mouse,Este,Online,5,24.31,"121,55 €"
2024-07-12,Mouse,Este,Distribuidor,1,NULL,"20,88"
2024-03-14,Auriculares,centro,Online,2,85.94,"171,88"
2024-07-18,Auriculares,este,Distribuidor,3,76.01,"228,03 €"
2025-01-30,Webcam,Sur,Distribuidor,5,52.06,"260,30"
2025-10-21, Auriculares,Norte,Online,2,93.11,"€186,22"
2024-04-24,MONITOR,Oeste,Tienda,5,0.0,"€1.076,00 €"
2024-08-16,Mouse,Oeste,Online,1,25.73,"25,73 €"
2025-11-03,Auriculares,Oeste,Online,1,87.74,"87,74"
2024-08-17,Auriculares,Norte,Online,5,89.78,"448,90 €"
2024-12-21,Auriculares,Este,Online,4,90.66,"362,64 €"
07/03/2025,Mouse,Norte,Online,5,25.55,"127,75"
2024-03-13,Monitor,Este,Online,2,219.06,"438,12 €"
06-22-2025,Monitor,Norte,TIENDA,1,218.29,"218,29 €"
2025-03-01,Mouse,norte,Tienda,4,26.19,"104,76"
2025-06-04,Mouse,Sur,ONLINE,5,25.65,"128,25"
2025-08-27,Teclado,Oeste,Online,1,45.53,"45,53 €"
2025-11-28,Teclado,OESTE,Online,-,46.64,"233,20"
2025-03-29,Mouse,Norte,Tienda,3,25.62,"€76,86"
2025-11-02,Monitor,Este,Online,3,213.82,"641,46"
2025-08-27,Auriculares,Norte,Online,1,87.53,"87,53"
2025-10-31,Webcam,Oeste,Tienda,4,64.78,"259,12"
2024-11-18,Webcam,Oeste,Distribuidor,2,51.91,"103,82"
03/11/2024,Monitor,Este,Distribuidor,4,184.06,"736,24 €"
2025-11-13,Mouse,  Norte ,Online,5,26.36,"€131,80"
2024-08-18,Webcam,centro,Online,1,65.26,"65,26"
2025-09-19,Teclado,Sur,Online,1,45.58,"45,58 €"
2024-12-01,Mouse,  Norte ,Tienda,5,24.5,"122,50"
2024-12-03,Auriculares,Centro,Distribuidor,3,76.08,"228,24"
2025-09-23,Webcam,Oeste,Tienda,4,66.73,"266,92"
2024-02-13,Webcam,sur,Online,4,62.07,"248,28"
2024-11-21,Webcam,Sur,Tienda,3,61.91,"185,73 €"
19/11/2025,Teclado,Centro,Tienda,2,44.06,"88,12 €"
2025-12-04,Mouse,Oeste,Tienda,5,25.31,"126,55"
01-15-2025,Teclado,Norte,TIENDA,1,45.04,"45,04"
2025-01-24,Auriculares,NORTE,Tienda,3,85.61,"256,83"
2024-07-24,Auriculares,CENTRO,Online,4,89.48,"357,92 €"
2025-11-20,Mouse,Norte,Tienda,1,24.43,"24,43"
2024-08-30,Monitor,SUR,Online,1,205.88,"205,88"
2025-06-20,Auriculares,Centro,Online,2,94.24,"188,48"
07-01-2024,Teclado,Norte,Distribuidor,5,35.49,"177,45"
2024-12-30,Monitor,Sur,Distribuidor ,4,178.23,"712,92"
2024-09-27,Mouse,centro,Online,5,24.39,"121,95"
2025-01-28,Auriculares,  Centro ,Tienda,1,90.02,"90,02 €"
,,,,,,
2024-04-04,Monitor,Este,Online,4,219.92,"879,68"
2024-11-26,Webcam,Centro,Distribuidor,5,52.37,"261,85 €"
2025-04-10,Mouse,Norte,Online,2,25.77,"51,54 €"
2024-11-25,Auriculares,Norte,Online,2,87.77,"175,54"
19/09/2025,Mouse,Este,Tienda,4,24.99,"99,96"
2024-05-01,Auriculares,Sur,Online,1,88.86,"88,86"
2024-08-01,Mouse,Sur,Distribuidor,5,20.34,"101,70"
2024-07-23,Mouse,Norte,Online,5,24.83,"124,15"
11/05/2025,Webcam,Sur,Online,5,66.29,"331,45"
2024-11-02,WEBCAM,Norte,Tienda,5,66.64,"333,20 €"
2024-11-03,Mouse,Norte,Tienda,4,23.65,"94,60"
26/06/2024,Auriculares,Oeste,Online,1,92.02,"92,02 €"
2025-06-27,Monitor,  Norte ,Online,5,212.96,"1.064,80"
2025-12-15,Mouse,Norte,Distrib.,5,19.83,"99,15 €"
2025-02-19,Monitor,Oeste,Online,-,223.66,"€894,64"
2025-05-02,Mouse,Norte,Tienda,3,25.86,"77,58"
2025-08-22,Teclado,Norte,Tienda,3,44.67,"134,01"
29/11/2024,Teclado,Este,Distribuidor,5,36.59,"182,95"
19/10/2025,Teclado,Norte,Online,5,46.81,"234,05 €"
2025-04-21,Mouse,Norte,Distribuidor,3,20.59,"61,77"
2024-09-25,Webcam,Centro,Distrib.,2,53.96,"107,92"
2025-11-19,Auriculares,Oeste,Distribuidor,4,71.62,"286,48"
2025-12-03,Mouse,Norte,Distribuidor,1,19.47,"19,47"
2024-03-16,Auriculares,Norte,Online,2,88.77,"177,54"
2025-05-30,Teclado,Centro,Tienda,1,46.6,"46,60 €"
2024-06-03,Teclado,Centro,Online,2,43.7,"87,40"
2025-03-30,Teclado,Sur,Online,5,46.23,"231,15"
2025-11-15,Teclado,Este,Tienda,3,47.21,"141,63 €"
2024-07-05,Monitor,Oeste,Online ,5,223.0,"€1.115,00"
2025-11-10,Teclado,Centro,Tienda,2,45.47,"90,94"
2025-01-25,Monitor,Centro,Online,4,213.34,"853,36"
2024-05-20,Webcam,Oeste,Online,3,65.07,"195,21"
2025-01-14,Monitor,Centro,Distribuidor,1,185.03,"185,03"
2024-12-29,MONITOR,Centro,tienda,3,219.94,"659,82 €"
2025-01-20,Auriculares,Este,online,1,88.52,"88,52 €"
2024-03-18,Mouse,Centro,Online,2,24.16,"48,32 €"
2025-06-12,Webcam,Centro,tienda,5,68.29,"341,45"
2025-02-02,Teclado,Sur,Online,2,46.67,"93,34 €"
2025-11-16,Teclado,Norte,Tienda,4,45.07,"180,28 €"
11-19-2025,Teclado,Este,Online,5,47.0,"235,00"
12-20-2024,Mouse,Norte,Online,1,24.72,"24,72 €"
2025-08-14,Mouse,Centro,Tienda,5,25.78,"128,90"
2025-01-18,Teclado,este,online,1,45.01,"45,01"
2025-11-27,Webcam,Centro,Online,5,66.92,"334,60 €"
2025-11-18,Mouse,Norte,Tienda,3,25.35,"76,05"
2024-11-14,Auriculares,?,Distribuidor,5,77.53,"387,65"
2024-03-05,Mouse,  Este ,Online,4,25.32,"101,28"
20/12/2025,Auriculares,Este,Online,4,91.23,"364,92 €"
2024-12-22,Teclado,Norte,ONLINE,1,47.31,"47,31"
11-27-2024,Webcam,Norte,Tienda Fisica,2,59.6,"119,20"
2024-08-27,Mouse,Centro,ONLINE,1,25.56,"25,56 €"
2025-12-20,Webcam,Centro,Online,2,63.24,"126,48"
07/11/2024,Webcam,Centro,Distribuidor,1,51.91,"51,91"
2025-11-15,Webcam,Norte,Tienda,1,64.46,"64,46"
2025-06-26,Mouse,OESTE,Tienda,1,24.11,"24,11"
2025-01-24, Mouse,este,Distribuidor,5,20.5,"102,50"
2024-03-05,Auriculares,CENTRO,Tienda,2,88.78,"177,56 €"
2024-02-21,Mouse,desconocida,on-line,3,25.52,"76,56 €"
2025-12-08,Teclado,Sur,Tienda,4,43.94,"175,76"
2024-11-25,Mouse,Sur,Distribuidor,2,20.48,"40,96"
2025-04-22,Mouse,Centro,Distribuidor,-,20.77,"€62,31 €"
,Mouse,desconocida,Tienda,2,24.3,"48,60"
12-27-2024,Mouse,Este,Distribuidor,5,19.77,"98,85"
2025-03-23,Teclado,Oeste,Distribuidor,3,36.87,"110,61"
2025-04-20,Monitor,Norte,Tienda,5,207.52,"1.037,60"
2024-11-30,AURICULARES,Oeste,Online,4,90.93,"363,72"
2025-01-20,Mouse,Centro,Online,,24.9,"24,90"
2024-05-27, Teclado,Oeste,on-line,NA,45.71,"45,71 €"
2024-12-24,Auriculares,NORTE,Online,4,89.07,"356,28"
2024-12-02,MONITOR,Este,Tienda,2,228.59,"457,18"
2024-06-13,Auriculares,Oeste,Distribuidor,2,69.57,"139,14 €"
10-08-2025,Auriculares,Este,Tienda,5,85.81,"429,05"
2025-05-22,Webcam,Norte,Online,3,65.36,"196,08"
2024-11-24,Teclado,Oeste,Tienda,3,44.57,"133,71 €"
2025-09-25,Mouse,Oeste,Online,3,NULL,"73,98 €"
2024-11-02, MONITOR,Oeste,Distribuidor,1,180.59,"180,59 €"
,Auriculares,Oeste,Online,4,91.99,"367,96"
2025-10-07,Webcam,Oeste,tienda,2,60.29,"€120,58"
2024-11-19,Monitor,Oeste,TIENDA,3,222.41,"667,23"
2025-03-17,Mouse,centro,Online,1,23.22,"23,22"
2025-11-06,Teclado,centro,Distribuidor,3,37.41,"112,23 €"
2024-03-08,Mouse,Este,ONLINE,4,25.47,"101,88"
2024-03-09,Auriculares,Centro,Online,1,88.51,"88,51"
2025-10-08,WEBCAM,Este,Online,3,62.81,"188,43 €"
2025-11-11,Teclado,Sur,Online,3,44.09,"132,27"
2025-05-08,Mouse,Este,Tienda,-1,24.96,"24,96"
2025-09-08,Webcam,Norte,Distribuidor,1,53.68,"53,68"
2025-04-11,Auriculares,Oeste,Tienda,5,92.15,"460,75"
2024-12-10,Teclado,Este,Online,4,45.62,"182,48"
2024-11-04,Mouse,Oeste,Online,5,24.6,"123,00"
2025-03-26,Teclado,Sur,distribuidor,2,36.54,"73,08"
2025-12-02, Mouse,Oeste,Online,4,24.84,"99,36"
2025-10-18,Auriculares,Oeste,Tienda,1,94.93,"94,93"
2024-11-17,Webcam,Norte,Tienda,4,67.19,"268,76 €"
2025-10-05,Mouse,Norte,Online,3,24.93,"€74,79"
2025-10-08,WEBCAM,Sur,Online,1,64.27,"64,27"
2024-12-30,Monitor,  Centro ,Online,2,218.28,"436,56"
2024-03-05,Mouse,Este,Distribuidor,3,20.61,"61,83"
2024-08-28,Auriculares,Este,online,2,86.77,"173,54 €"
2025-12-31,Teclado,OESTE,Tienda,4,44.87,"179,48 €"
2025-12-31,AURICULARES,NORTE,tienda,4,91.84,"367,36"
2024-09-02,MOUSE,centro,Online,1,24.75,"24,75"
2024-06-16,Teclado,Centro,Online,3,45.93,"137,79"
2025-11-11,Mouse,Sur,Tienda,5,24.93,"124,65"
2025-11-06,Auriculares,Norte,Tienda,1,85.27,"85,27 €"
03/09/2025,Teclado,Norte,Online,2,46.15,"92,30 €"
2024-10-03,Webcam,Sur,Online,5,66.96,"334,80 €"
05/11/2024,Teclado,Este,Online,2,44.6,"89,20"
2024-12-22,Mouse,Norte,on-line,2,24.84,"€49,68"
2025-11-21,Mouse,Este,Online,1,25.78,"25,78 €"
,Webcam,Centro,Tienda,1,61.7,"61,70"
2025-05-07,Mouse,Oeste,online,null,25.03,"75,09 €"
2025-09-30,Mouse,Este,Distribuidor,5,20.45,"102,25"
2025-03-01,MONITOR,Sur,Online,null,221.74,"886,96 €"
2025-07-02,Teclado,Este,Online,1,45.91,"45,91"
2024-11-16,Auriculares,NORTE,Tienda,3,87.18,"261,54"
2024-12-03,Auriculares,Norte,Online,1,91.31,"91,31"
2024-10-02,Mouse,Sur,Online,3,23.82,"508,23"
2025-04-04,Mouse,Norte,Tienda,4,24.71,"98,84 €"
2024-06-07,Mouse,Oeste,Tienda,5,25.7,"128,50"
2024-11-25,Teclado,Norte,Tienda,4,47.38,"189,52 €"
2024-12-08,Auriculares,Este,Online,4,86.99,"347,96"
2024-11-09,Monitor,Oeste,Online,5,210.03,"1.050,15 €"
2024-04-16,Teclado,Norte,Online,3,46.82,"140,46"
2025-07-25, Teclado,Centro,tienda,4,21631.22,"183,72"
2025-08-28,Auriculares,Este,Tienda,5,89.03,"445,15 €"
2024-06-01,Monitor,Sur,Online ,2,231.65,"463,30"
2024-05-10,Mouse,Norte,Online,5,25.36,"126,80 €"
2025-12-03,Monitor,Norte,Tienda,1,216.69,"216,69"
2025-07-10,Auriculares,Norte,Tienda,2,93.17,"186,34"
2025-07-25,Mouse,norte,Distribuidor,N/A,20.83,"83,32 €"
2025-12-29,Teclado,Norte,Online,1,46.3,"€46,30 €"
11-04-2025,Mouse,Sur,Tienda,1,24.33,"24,33"
2024-07-24,Teclado,Oeste,Online,1,48.24,"48,24 €"
2025-05-05,Mouse,Norte,Online,3,n/a,"72,51 €"
2024-07-28,Teclado,Centro,tienda,4,43.81,"175,24 €"
2025-01-27,Mouse,Oeste,online,1,24.31,"24,31"
2024-05-27,Auriculares,Norte,Tienda,2,85.42,"170,84"
11/09/2025,Mouse,NORTE,Online,1,23.84,"€23,84"
2025-12-19,Mouse,Sur,Tienda,1,24.78,"24,78 €"
2024-04-27,Teclado,Sur,Online ,5,44.79,"223,95"
2025-09-03,Monitor,Sur,Tienda,3,212.66,"637,98 €"
2024-09-18,Auriculares,Norte,Online,4,93.42,"373,68"
2024-07-25,Mouse,Oeste,tienda,5,25.08,"125,40"
2024-07-07,Mouse,este,Tienda,3,25.31,"75,93 €"
2025-03-13,Mouse,ESTE,online,4,26.0,"€104,00 €"
2025-11-30,Monitor,Centro,Online,3,224.89,"674,67 €"
2025-07-17,Monitor,  Norte ,Online,4,228.66,"914,64 €"
2024-08-13,Mouse,  Norte ,Online,5,26.13,"€130,65 €"
2024-06-06,Teclado,Centro,Online,10088,44.14,"220,70"
2024-06-24,Monitor,SUR,Distribuidor,2,175.8,"351,60 €"
2025-04-08,Mouse,Norte,Tienda,5,24.47,"122,35 €"
12/04/2024,Auriculares,Sur,Online,1,91.77,"91,77"
,Webcam,Norte,Tienda,2,65.62,"131,24 €"
2025-11-16,Auriculares,Oeste,Tienda,1,88.94,"88,94 €"
2024-08-14,Webcam,Norte,online,2,62.65,"364,28"
2025-07-12,Teclado,Oeste,tienda,2,43.84,"87,68"
2024-02-26,MOUSE,Sur,Tienda,2,25.47,"50,94"
2024-12-25,Mouse,Sur,Distrib.,4,21.04,"84,16"
16/03/2025,Auriculares,Centro,Tienda,1,87.65,"87,65"
2024-06-09,Mouse,Norte,Online ,,25.71,"51,42"
2025-04-19, Teclado,  centro ,Tienda,5,45.08,"225,40 €"
2025-05-11, Monitor,Norte,Tienda,3,224.75,"674,25"
2025-01-28,Teclado,Oeste,Online,2,n/a,"92,40 €"
2024-09-14,Mouse,Centro,Online,5,25.68,"128,40 €"
2025-11-21,Mouse,Este,Online,1,24.25,"24,25 €"
2025-10-30,Teclado,Centro,Tienda,1,45.14,"45,14"
2025-03-05,Auriculares,Centro,Online,1,90.29,"90,29"
2024-06-04,Auriculares,Centro,ONLINE,,90.52,"€271,56"
2024-02-25,Mouse,Oeste,on-line,2,25.37,"50,74"
2024-11-19,MONITOR,Oeste,Distribuidor,4,185.71,"742,84 €"
2024-12-13,Mouse,Norte,Online,NA,24.87,"49,74"
2025-09-19,Teclado,SUR,Online,5,45.2,"226,00"
2024-12-23,Teclado,Sur,Online,4,46.25,"185,00"
2024-03-20,Webcam,Centro,Online,4,65.9,"263,60 €"
2024-10-11,Mouse,Norte,Tienda,2,24.72,"49,44"
2025-04-27,Auriculares,OESTE,Online,5,91.15,"455,75"
2024-09-18,Monitor,Centro,Tienda,N/A,214.87,"644,61"
25/11/2025,Monitor,Sur,DISTRIBUIDOR,2,n/a,"373,08 €"
20/12/2025,Mouse,Este,Tienda,3,24.84,"74,52"
2024-09-06,Auriculares,Oeste,Distribuidor,1,71.52,"71,52"
2025-01-26,Mouse,Este,Online,3,24.87,"€74,61"
2025-10-16,Auriculares,Este,Distribuidor,1,74.87,"74,87"
2025-11-03,Auriculares,Norte,Online,5,91.64,"458,20"
2025-11-16,Auriculares,Oeste,Online,5,95.51,"477,55"
2024-12-22,Mouse,este,Online,5,24.67,"123,35"
01-15-2024,Webcam,Norte,Tienda física,5,62.4,"312,00 €"
2024-03-28,Mouse,Sur,Distribuidor,5,20.81,"104,05"
2024-01-02,Teclado,Sur,Distribuidor,2,37.12,"74,24"
2025-07-22,Teclado,Este,Online,3,19556.77,"134,49"
2025-04-26,Webcam,Centro,Tienda,1,65.02,"65,02 €"
2025-07-22,Mouse,Sur,Tienda,3,24.81,"74,43"
2024-07-05,Monitor,Sur,Tienda,5,220.99,"1.104,95 €"
2024-10-04,Teclado,Centro,Tienda Fisica,4,47.11,"188,44 €"
2024-05-14,Mouse,Este,Online,5,24.88,"124,40 €"
2024-05-24,Teclado,Sur,on-line,1,46.64,"46,64"
2024-12-15,Mouse,Norte,Tienda,4,24.12,"96,48"
2025-11-23,Webcam,Norte,ONLINE,2,63.37,"126,74"
2025-12-04,Mouse,Norte,Online,3,25.9,"77,70"
2025-11-11,Webcam,Este,Tienda,2,64.82,"129,64"
2025-12-29,Mouse,CENTRO,Tienda,3,25.74,"77,22"
16/10/2025,Teclado,Norte,Tienda,5,46.74,"233,70 €"
2025-10-06,Webcam,Norte,Online ,4,63.5,"254,00 €"
2025-07-30,Teclado,Norte,Tienda,3,44.58,"133,74 €"
2024-03-31,Mouse,Este,Distribuidor,4,20.61,"82,44"
2025-02-26,Auriculares,Oeste,Online,4,93.69,"374,76"
2025-04-16,Mouse,Norte,Online,1,24.98,"24,98"
2025-05-21,Auriculares,Oeste,Distribuidor,1,71.63,"71,63 €"
2025-12-28,Teclado,norte,Tienda Fisica,2,45.79,"91,58"
2024-12-13,Mouse,Norte,Online,5,24.92,"124,60 €"
2025-05-25,Mouse,Este,Distribuidor,4,20.85,"83,40 €"
2025-09-25,Auriculares,Oeste,Online,1,94.26,"94,26"
2024-03-20,Mouse,Oeste,Online,1,25.69,"25,69 €"
2024-05-18,Teclado,OESTE,Online,4,46.31,"185,24 €"
2024-12-04,Auriculares,Norte,Tienda,4,88.6,"354,40 €"
2024-12-07,Monitor,Oeste,Tienda física,1,209.75,"209,75"
03/09/2025,Teclado,Norte,Online,5,46.79,"233,95"
2025-12-30,Mouse,Norte,Distribuidor,2,21.11,"€42,22 €"
2025-12-31,Auriculares,Sur,ONLINE,2,92.05,"184,10"
2025-04-11,Mouse,  Norte ,Online,4,27.56,"110,24"
2024-05-27,MOUSE,Norte,Tienda,5,26.29,"€131,45"
2024-12-04,Mouse,oeste,on-line,5,24.74,"123,70"
2024-07-29,Mouse,Centro,Online,4,24.52,"98,08"
2025-12-11,Webcam,CENTRO,Distribuidor,3,52.9,"158,70"
2024-12-11,Teclado,Centro,TIENDA,2,45.22,"90,44"
2024-05-22,Mouse,Oeste,Tienda,5,25.05,"125,25"
2024-12-30,Auriculares,Oeste,Tienda,3,86.22,"258,66 €"
2025-01-29,Mouse,Oeste,Online,4,24.04,"96,16"
2024-01-23,Mouse,Oeste,Online,4,24.6,"€98,40"
2024-10-18,Mouse,Centro,Tienda,5,24.66,"123,30 €"
,,,,,,
2024-10-21,Monitor,Norte,Online,null,228.82,"1.144,10"
2024-07-12,Auriculares,Oeste,Tienda,3,91.48,"274,44"
2025-03-18,Mouse,Norte,Online,4,25.16,"175,93"
2024-09-03,Auriculares,Este,Tienda,5,88.25,"441,25 €"
19/11/2025,Mouse,Este,Tienda,4,25.43,"101,72 €"
2025-12-15,Monitor,Norte,Online,1,208.87,"208,87"
2024-02-09,AURICULARES,Centro,Online,1,n/a,"91,64 €"
2025-02-09,Mouse,Este,Online,1,24.46,"24,46"
2024-06-12,Webcam,Centro,Online,4,62.62,"250,48 €"
2025-06-18,Mouse,Centro,Tienda,5,24.75,"123,75 €"
2025-11-14,Auriculares,Centro,Distribuidor,4,76.18,"304,72 €"
10/06/2024,Teclado,Este,Tienda,4,46.85,"187,40"
2024-05-10,Mouse,OESTE,Tienda,5,23.27,"116,35"
2025-02-18, Teclado,Oeste,Tienda Fisica,1,46.03,"46,03 €"
2024-11-30,Teclado,Este,Online,4,42.8,"171,20"
2025-05-03,Auriculares,Este,Distribuidor,2,70.75,"141,50 €"
2025-12-15,Mouse,Norte,DISTRIBUIDOR,2,19.96,"39,92"
2024-11-20,Monitor,Norte,Online,3,218.56,"655,68 €"
2024-07-23,Mouse,Norte,Online,1,24.27,"24,27 €"
2024-12-18,Webcam,Norte,Tienda,1,64.56,"64,56"
2024-12-08,Mouse,Norte,Distribuidor,2,NULL,"878,29"
2024-03-06,Webcam,Sur,Tienda,4,62.25,"249,00 €"
2024-09-04,Auriculares,Oeste,Online,5,85.72,"428,60 €"
2025-10-30,Mouse,Sur,Distribuidor,1,19.98,"19,98"
26/01/2025,Monitor,Centro,Online,1,217.35,"217,35"
2025-12-27,Webcam,Sur,Online,5,64.55,"322,75 €"
2025-08-08,Monitor,Norte,Online,4,215.12,"860,48"
12-28-2024,Webcam,Sur,Tienda,1,62.51,"62,51"
25/05/2024,Auriculares,Norte,Online ,4,89.54,"358,16 €"
2025-11-14,Mouse,Oeste,Tienda,5,25.82,"129,10"
2025-12-12,Teclado,Centro,Online,1,48.12,"48,12"
2024-02-01,Mouse,OESTE,Tienda,2,24.92,"49,84 €"
2024-06-05,Mouse,Este,Tienda,5,25.84,"129,20"
2024-07-04,Mouse,Norte,Distribuidor,4,20.4,"81,60"
2025-11-10,Mouse,Oeste,Online,1,25.95,"25,95"
2024-10-18,Mouse,Norte,Distribuidor,4,20.82,"83,28 €"
2024-06-19,Mouse,Sur,on-line,1,25.28,"25,28"
2025-04-29,Webcam,Centro,ONLINE,5,66.06,"330,30"
2025-11-13,Webcam,Este,Tienda Fisica,3,65.18,"195,54"
2025-11-22,Webcam,Norte,Distrib.,3,52.63,"157,89"
2025-12-17,Auriculares,Sur,Distrib.,4,,"297,80"
2025-05-25,Teclado,Norte,Distribuidor,1,36.39,"36,39"
2024-12-18,Webcam,Norte,Online,2,65.48,"130,96"
05/12/2025,Monitor,Sur,Online,5,218.24,"1.091,20"
2025-02-01, Auriculares,Centro,Online,3,88.42,"265,26 €"
2025-12-16,Auriculares,Centro,Tienda,3,84.18,"252,54"
2025-12-05, Teclado,Norte,Online,3,45.94,"137,82 €"
19/04/2024,Auriculares,ESTE,Online,2,93.66,"187,32"
2024-11-14,Monitor,Sur,Online,3,205.49,"616,47 €"
2024-11-16,Monitor,Sur,Tienda,2,217.52,"435,04 €"
2025-05-16,TECLADO,Norte,tienda,2,44.42,"88,84 €"
2025-09-26,Teclado,Sur,Tienda,3,44.4,"133,20"
2025-12-31,MONITOR,Sur,Online,4,230.59,"922,36"
2024-11-03,Monitor,Sur,Online,3,221.4,"664,20"
2025-09-03,Monitor,Este,Tienda,5,212.95,"1.064,75"
2024-07-20,Mouse,Este,Online,5,24.6,"123,00"
2024-08-24,Mouse,Oeste,Tienda,1,23.96,"23,96"
12-29-2024,Webcam,Norte,Online,4,62.83,"251,32"
2024-12-16, Teclado,ESTE,Online,4,47.11,"188,44"
2025-11-10,Auriculares,  Oeste ,Tienda Fisica,2,n/a,"179,46"
23/04/2024,Webcam,Norte,Online,5,62.37,"311,85"
2024-11-01,Auriculares,Oeste,Distribuidor,1,72.84,"72,84"
2024-11-29,Teclado,Este,Online,2,43.1,"86,20"
2024-11-16,Auriculares,Sur,Online,1,89.31,"89,31 €"
2024-12-01,Auriculares,Sur,Distribuidor,3,73.16,"219,48 €"
2024-08-24,Auriculares,ESTE,Distribuidor,3,75.35,"226,05"
2024-10-25,Teclado,Centro,Distribuidor,2,36.22,"72,44"
2024-12-25,Auriculares,Este,Tienda,4,88.58,"354,32"
2024-12-15,Monitor,Sur,Online ,5,221.89,"1.109,45"
2025-11-18,Webcam,Este,Online,5,61.66,"308,30"
2024-07-08,Mouse,Sur,Online,5,24.95,"124,75 €"
2024-12-16,Mouse,Norte,Tienda,5,24.69,"123,45"
2024-05-02,Mouse,Este,Online,1,25.19,"25,19"
04-03-2025,Mouse,Sur,Online,4,25.82,"103,28 €"
2025-03-16,Auriculares,Sur,Online,1,88.58,"88,58"
2025-10-01,Monitor,Norte,ONLINE,2,230.89,"461,78 €"
2024-11-22,Webcam,Norte,Online,5,64.28,"321,40 €"
2024-04-05, MOUSE,Oeste,Distribuidor,2,20.29,"40,58 €"
2025-09-08,Mouse,sur,Tienda,2,24.82,"49,64 €"
2025-06-02, Webcam,Centro,Online,4,67.3,"269,20"
2024-02-01,Auriculares,  Centro ,Tienda,5,86.42,"432,10 €"
25/07/2024,Auriculares,Este,Distribuidor,2,73.17,"146,34"
2025-12-14,Teclado,Este,Online,2,45.87,"91,74"
2024-05-17,Mouse,Sur,Online,2,24.6,"49,20 €"
2024-10-16,Webcam,Centro,Online,5,63.64,"318,20"
2025-09-01,Auriculares,Sur,tienda,4,86.07,"344,28"
2025-07-03,MOUSE,Sur,Online,2,24.69,"49,38"
11-06-2024,Auriculares,oeste,Tienda,2,89.49,"178,98"
2024-12-20,Mouse,Sur,Distribuidor,1,21.19,"21,19"
2024-10-27,Auriculares,Sur,Online,4,91.17,"364,68 €"
2025-11-26,Auriculares,,Tienda,4,92.98,"371,92"
2025-03-15,Webcam,Sur,Tienda,5,68.04,"340,20 €"
2024-04-01,Mouse,  Norte ,Online,2,23.7,"47,40"
2024-05-12,Mouse,Este,Tienda,4,25.39,"101,56"
05/11/2025,Teclado,Norte,Tienda,5,46.48,"232,40 €"
2024-07-26,Teclado,,Distribuidor,4,37.16,"148,64"
11-03-2025,Teclado,  Norte ,Online,3,44.16,"132,48"
15/07/2024,Mouse,Oeste,online,1,24.08,"24,08 €"
2024-10-28,Monitor,CENTRO,Distribuidor ,1,173.54,"173,54 €"
2025-09-17,Webcam,Norte,DISTRIBUIDOR,4,50.19,"200,76"
2025-12-07,Mouse,Sur,Online,5,25.09,"125,45"
12-05-2025,Webcam,CENTRO,Online,3,67.45,"202,35 €"
17/02/2024,Teclado,Norte,Distribuidor,4,38.08,"152,32"
2024-02-24,Mouse,Sur,Online,2,25.21,"50,42"
2024-11-28,Monitor,Norte,Online,3,222.06,"666,18 €"
2025-12-12,Teclado,Centro,Online,3,45.63,"136,89 €"
2024-12-13,Mouse,Norte,Online,5,25.23,"126,15"
2024-09-02,Webcam,Este,Online,N/A,64.12,"128,24"
2024-08-15,Mouse,Este,Tienda,3,25.14,"75,42"
2025-08-03,Monitor,Este,Online,3,224.26,"672,78"
2024-12-10,Auriculares,Centro,Online,4,91.71,"366,84"
07/12/2025,Mouse,Norte,Tienda,3,26.2,"€78,60 €"
2024-12-03,Auriculares,Sur,Online,-,87.96,"439,80 €"
2024-11-18,Teclado,Sur,Online,3,46.33,"138,99"
2025-11-03,Auriculares,Sur,Tienda,4,93.09,"372,36"
2024-09-02,Monitor,Este,Tienda,1,n/a,"216,35"
2025-12-30,Mouse,Oeste,Tienda,3,25.56,"76,68 €"
2024-09-04,Teclado,?,Tienda,4,46.31,"185,24"
06-16-2025,Auriculares,Norte,Online,5,93.01,"€465,05 €"
2025-12-27,Monitor,Norte,Online,4,214.81,"859,24 €"
2024-06-07,Teclado,Sur,Tienda,3,45.36,"136,08 €"
2025-01-12,Mouse,Centro,Tienda,4,25.3,"101,20"
2025-08-25,Monitor,Centro,tienda,5,228.45,"1.142,25 €"
2025-11-05,Teclado,Oeste,Online,3,44.07,"132,21 €"
02-17-2024,Teclado,Norte,Tienda Fisica,4,45.65,"182,60"
2025-12-15,Teclado,Norte,Distribuidor ,4,37.57,"150,28 €"
2024-12-28,Auriculares,Este,Tienda,3,87.28,"261,84"
2024-11-25,Mouse,  Norte ,Online ,5,25.16,"125,80 €"
2024-06-17,Webcam,Norte,Tienda,2,64.39,"128,78"
09-15-2024,Teclado,Norte,Online,1,46.54,"46,54"
2025-10-27,Mouse,sur,Tienda,4,26.2,"104,80"
2025-12-12,Auriculares,Centro,Online,2,90.57,"181,14"
2025-04-25,Teclado,Norte,Tienda,3,45.75,"137,25"
2025-05-04,MOUSE,Centro,Distribuidor,3,21.07,"63,21 €"
2024-11-07,Auriculares,Centro,Distribuidor,2,73.56,"147,12"
2025-01-19,Mouse,Este,Online,5,24.1,"120,50"
2024-10-23,Teclado,Norte,Distribuidor,4,38.45,"€153,80"
2025-04-08,Monitor,Norte,Online,2,219.24,"438,48"
2025-04-06,Mouse,Este,Online,5,24.85,"124,25 €"
2024-02-16,Mouse,Sur,Online,3,24.87,"74,61"
2024-09-30,Monitor,desconocida,Online,1,214.9,"214,90 €"
2025-05-23,Teclado,Centro,online,5,46.24,"231,20"
2025-02-04,Teclado,Norte,ONLINE,3,49.55,"148,65 €"
2024-11-18,Auriculares,SUR,Online,5,90.71,"453,55 €"
2024-11-04,Webcam,Oeste,Online,10056,60.98,"243,92 €"
2025-11-14,Monitor,Este,ONLINE,4,223.34,"893,36"
2024-02-20,Auriculares,Este,Online,3,95.38,"286,14"
2024-03-28,Monitor,Centro,Tienda,1,221.16,"221,16"
2024-08-26,Monitor,Centro,Online,5,215.42,"786,45"
2024-12-23,Mouse,Centro,Distribuidor,1,19.81,"19,81"
2024-09-04,Mouse,Norte,Tienda,5,24.63,"123,15"
2025-12-27,Teclado,Centro,Distribuidor,3,34.85,"104,55"
2025-04-16,Auriculares,Oeste,Online ,3,93.1,"279,30 €"
2025-06-05,Monitor,Oeste,Online,5,226.76,"1.133,80"
2025-11-09,Mouse,OESTE,Tienda,2,24.43,"48,86"
2024-12-22,Monitor,Sur,Online,1,221.91,"221,91 €"
2025-12-10, Mouse,Oeste,Tienda,5,25.19,"125,95"
2024-03-04,Auriculares,SUR,Online,3,89.12,"267,36 €"
2024-12-11,Webcam,Norte,Online,1,62.43,"62,43"
2025-08-02,Teclado,Sur,Online,1,45.35,"45,35"
08/03/2025,Mouse,Centro,Tienda,5,25.94,"129,70 €"
2024-04-16,Monitor,Norte,Tienda,3,227.24,"€681,72"
2025-12-18,Mouse,Norte,Online,2,25.55,"51,10"
,,,,,,
2024-05-03,Monitor,oeste,Tienda física,2,225.65,"451,30 €"
2024-10-01,Auriculares,Centro,Tienda,1,90.33,"90,33 €"
2024-11-02,AURICULARES,Norte,Distribuidor ,5,73.77,"368,85"
2024-10-26,Mouse,Centro,Online,3,23.92,"71,76"
2024-08-30,Mouse,Sur,Online,5,25.13,"125,65"
2024-07-08,Mouse,Sur,Online,5,24.95,"124,75 €"
2024-07-10,Monitor,Sur,Online,1,223.44,"223,44"
2025-04-19,Auriculares,Sur,Distribuidor,2,75.46,"150,92"
2025-07-14,Webcam,Este,Distribuidor ,4,53.64,"214,56"
2024-10-07,Webcam,Sur,TIENDA,5,63.25,"316,25"
2024-04-20,Mouse,Este,Online,4,24.27,"97,08 €"
2025-04-06,Webcam,  norte ,Tienda,1,65.65,"65,65"
2024-12-25,Monitor,Este,Online,5,227.99,"1.139,95"
2025-09-14,Teclado,Sur,Online,3,47.91,"143,73"
2024-12-20,Mouse,Norte,Distribuidor,2,NULL,"41,26"
2024-04-27,Auriculares,Oeste,ONLINE,2,89.02,"178,04 €"
2024-11-16,Monitor,Oeste,Distribuidor,4,182.56,"730,24"
2025-05-26,Webcam,Norte,Distribuidor,1,53.92,"53,92"
2025-08-24,Teclado,Centro,Tienda,3,46.39,"139,17 €"
2024-12-23,Teclado,  CENTRO ,Tienda,3,45.05,"135,15"
,Monitor,Sur,Online,5,219.82,"1.099,10"
2025-12-02,Teclado,  Sur ,Tienda,2,44.82,"89,64 €"
2024-11-20,Mouse,Sur,Online,1,24.4,"24,40"
2024-08-01,Monitor,Oeste,Online,NA,228.82,"1.144,10"
07-18-2025,Auriculares,Centro,Tienda,1,91.93,"91,93"
2024-06-14,Auriculares,centro,Online,5,88.37,"441,85"
23/11/2024,Webcam,Norte,Tienda,4,67.83,"271,32 €"
2025-12-29,Monitor,Centro,ONLINE,3,219.55,"658,65 €"
2024-02-22,Monitor,Norte,Tienda,5,218.09,"1.090,45 €"
2024-08-23,AURICULARES,Este,Online,5,85.3,"426,50 €"
2025-11-20,Auriculares,Sur,TIENDA,2,88.35,"€176,70"
2024-10-03,Mouse,Norte,Online ,2,23.41,"€46,82"
2025-03-10,Auriculares,Centro,Online,1,90.53,"90,53"
2025-09-15,Auriculares,Este,Online,4,85.73,"286,79"
2025-12-14,Auriculares,norte,Distribuidor,5,73.5,"367,50"
2025-06-18,Mouse,sur,Online,2,24.78,"49,56"
09/02/2024,Monitor,Centro,Online,1,224.51,"224,51 €"
2025-10-08,Monitor,Este,Online,3,195.45,"586,35"
2025-10-11,Monitor,Sur,Online,3,230.83,"692,49 €"
2024-11-12,Teclado,Centro,Online,5,48.17,"240,85"
2024-12-25,Auriculares,Centro,Online,4,90.69,"362,76 €"
2025-09-06,MONITOR,Este,Distribuidor,5,187.59,"937,95"
2024-08-06,Auriculares,Norte,Online,-1,89.35,"89,35"
2024-11-29,Mouse,Norte,Online,1,24.02,"24,02"
2025-12-08,Auriculares,Norte,Online,3,94.33,"282,99 €"
2025-07-26,Auriculares,Este,Tienda,4,91.2,"€364,80"
2024-05-12,Mouse,Este,TIENDA,4,25.39,"101,56"
2025-08-24,Monitor,Este,Online,4,220.55,"882,20 €"
2024-11-01,Monitor,Oeste,Distribuidor,5,182.21,"911,05"
2024-12-02,Teclado,NORTE,on-line,1,44.41,"44,41"
07-13-2024,Monitor,Norte,Tienda,4,225.43,"901,72"
2025-11-25,Monitor,Centro,Online,4,213.03,"€852,12"
2025-03-14,Teclado,Este,Online,3,45.26,"135,78"
2024-11-15,Teclado,Sur,Distrib.,1,38.18,"38,18"
11/12/2024,Auriculares,Sur,Online,3,93.54,"280,62"
2024-06-13,Mouse,Oeste,Online,3,24.07,"72,21"
2025-12-06,Mouse,Centro,Online,5,25.59,"127,95"
09-13-2024,Webcam,Oeste,Online,4,63.13,"252,52"
2024-01-30, Teclado,Oeste,Online ,1,46.16,"46,16"
2024-12-25,WEBCAM,Este,Distribuidor,2,54.23,"108,46"
2025-07-09, Teclado,Centro,Distribuidor,4,38.13,"152,52 €"
2025-11-28,Webcam,Oeste,Tienda,4,62.6,"250,40 €"
2025-12-14,Auriculares,OESTE,Tienda,5,94.55,"€472,75"
2025-07-15,Teclado,Sur,Online,4,46.05,"184,20"
2024-10-16, Mouse,Norte,Tienda,3,26.31,"78,93"
2024-04-03,Webcam,OESTE,Online,1,61.6,"61,60"
2025-09-22,Auriculares,centro,Tienda,NA,86.41,"432,05"
2024-03-12,Teclado,SUR,Online,5,46.38,"231,90"
2025-11-22,Monitor,Norte,Distribuidor,1,175.04,"175,04"
2024-06-04,Auriculares,Oeste,Tienda,4,92.3,"369,20 €"
2024-06-16,Mouse,Centro,Online,3,24.41,"73,23"
2025-03-12,Teclado,centro,Tienda,4,45.27,"181,08 €"
,,,,,,
2025-07-20,Monitor,Oeste,Online,-,221.92,"665,76"
2024-06-30,Teclado,Norte,Tienda,1,46.22,"46,22"
2024-04-23,Auriculares,  Sur ,Online,4,86.2,"344,80 €"
2024-11-24,Teclado,Norte,Tienda,5,48.41,"242,05"
2024-12-24,Monitor,Centro,online,1,215.53,"215,53"
2025-09-24,Auriculares,norte,Tienda,4,94.47,"377,88"
2025-12-30,Monitor,OESTE,TIENDA,5,219.36,"1.096,80 €"
2025-09-05,Monitor,Este,Online,3,231.14,"693,42"
2024-12-06,MOUSE,Norte,Online,3,24.56,"73,68"
19/05/2024,Auriculares,Norte,Online,5,92.11,"460,55"
2025-11-29,Teclado,Oeste,Distribuidor,2,37.94,"75,88 €"
,Mouse,Oeste,Tienda,4,25.16,"100,64 €"
05-28-2024,Teclado,Centro,Online,4,43.72,"174,88"
2024-12-27,Monitor,SUR,Online,N/A,209.24,"627,72"
2024-08-26,Mouse,Norte,distribuidor,4,20.59,"82,36"
2025-09-11,Mouse,Sur,Online,4,25.97,"103,88"
2025-11-23,Auriculares,Sur,Online,3,92.35,"277,05"
2024-11-09, Auriculares,Centro,ONLINE,3,87.58,"€262,74"
2024-12-31,MOUSE,Este,ONLINE,3,24.42,"73,26"
04/11/2025,Mouse,Centro,Online,2,24.66,"49,32"
2024-11-06,Teclado,Sur,Tienda física,5,45.22,"226,10"
2024-10-29,Mouse,Oeste,online,3,25.43,"76,29"
2024-04-30,Mouse,Oeste,Online,4,25.14,"100,56 €"
2024-11-18,Auriculares,Centro,Tienda,5,85.22,"426,10"
2025-12-08,Mouse,Centro,Tienda,3,25.83,"77,49 €"
2025-01-07,Teclado,Oeste,TIENDA,2,43.2,"86,40"
21/03/2024,Monitor,NORTE,Distribuidor,5,180.72,"903,60"
2024-09-08,Webcam,Norte,Tienda,4,64.39,"257,56 €"
2024-11-22,Monitor,Oeste,ONLINE,4,220.52,"882,08"
2025-09-13,Auriculares,Oeste,Online,3,92.06,"276,18"
2024-08-28,Monitor,Oeste,Distrib.,3,183.3,"549,90"
2024-11-14,Webcam,Este,Online,5,64.29,"321,45 €"
2025-07-07,Teclado,Este,Online,3,46.08,"138,24"
2024-08-09,Auriculares,Norte,Online,1,90.04,"90,04"
2025-07-23,Monitor,Norte,Online,2,223.05,"446,10 €"
2025-12-15,Webcam,Norte,Online,2,65.21,"130,42 €"
2024-11-15,Mouse,Oeste,Tienda,1,24.23,"24,23"
2024-11-01,Auriculares,Oeste,Online ,1,89.98,"€89,98"
2025-06-14,Teclado,Oeste,Tienda,2,46.0,"92,00"
07/11/2024,Auriculares,Norte,Online,3,90.07,"270,21 €"
2025-11-10,Teclado,Oeste,Tienda,-,45.1,"45,10"
2024-11-12,Teclado,Norte,online,3,46.98,"140,94"
2025-11-18,Auriculares,Centro,Tienda,2,91.9,"335,81"
2024-08-02,Webcam,norte,Tienda,1,64.73,"64,73"
2025-12-21,Auriculares,Norte,Online,3,83.02,"249,06"
2025-05-31,Auriculares,Sur,ONLINE,3,90.79,"272,37"
2024-12-21,Auriculares,Centro,Tienda,4,90.14,"360,56"
2025-11-02,Auriculares,Sur,Online,1,89.58,"€89,58 €"
2024-04-13,Mouse,  Norte ,online,1,26.13,"26,13"
2025-01-14,Auriculares,Centro,Tienda,3,91.47,"274,41 €"
2025-11-10,Auriculares,Norte,Online,2,88.42,"176,84"
2025-02-15,Monitor,Oeste,Distribuidor,4,177.16,"708,64"
2025-11-11,Webcam,Norte,ONLINE,2,64.52,"129,04 €"
2025-07-20,Auriculares,Centro,Online,1,85.56,"85,56"
2024-07-27,Mouse,Oeste,Tienda,,23.74,"23,74"
13/06/2025,Mouse,Norte,Tienda,4,25.53,"102,12"
11/10/2025, Auriculares,Centro,Distribuidor,1,73.2,"441,96"
2025-10-16,Auriculares,desconocida,Online,5,88.16,"€440,80"
2024-01-18,Auriculares,Sur,Tienda,5,93.58,"467,90"
2024-12-20,Webcam,ESTE,Online,1,NULL,"67,35"
2024-12-05,Auriculares,Centro,Online,4,92.09,"368,36"
2025-12-21,Auriculares,Norte,Online,3,85.18,"255,54 €"
2024-02-16, Auriculares,Centro,Online,4,86.42,"345,68"
16/09/2024,Mouse,Este,Online,1,24.27,"24,27 €"
2024-06-18,Mouse,Norte,Online,4,25.97,"103,88 €"
2024-05-03,MOUSE,Sur,Tienda,3,25.36,"76,08 €"
11-10-2025,Teclado,OESTE,Online,null,46.26,"92,52"
2024-09-24,Auriculares,Centro,Tienda,4,89.74,"358,96 €"
2025-01-05,Monitor,Este,Distribuidor,4,170.7,"682,80"
2025-03-10,Monitor,Este,Online,1,219.13,"219,13"
2024-01-26,Auriculares,Oeste,Tienda,2,88.96,"177,92"
2024-12-10,Auriculares,Norte,online,4,92.27,"369,08"
2025-07-10,Auriculares,norte,Tienda,1,86.94,"86,94 €"
2025-03-23,Teclado,Sur,Online ,3,46.09,"138,27 €"
2025-07-25,Monitor,Este,Tienda,2,227.57,"455,14 €"
2025-12-15,Auriculares,Este,Tienda,4,92.24,"368,96 €"
2025-09-22,Mouse,Oeste,Online,NA,24.17,"24,17 €"
02/08/2024,Teclado,Este,Distribuidor,2,37.61,"75,22 €"
2024-01-10,Auriculares,Norte,Tienda física,5,96.8,"484,00"
2025-04-26,Teclado,Sur,Online,1,46.26,"46,26"
2025-08-16,Mouse,Sur,Distribuidor,4,21.22,"84,88 €"
2025-06-16,Auriculares,Oeste,Distribuidor,2,72.76,"€145,52"
2024-07-25,Teclado,Sur,Online ,4,45.73,"182,92"
2024-01-03,Auriculares,Norte,Distribuidor,2,72.36,"144,72"
2024-01-24,Teclado,Centro,Distribuidor,4,37.05,"148,20"
12-23-2025,Webcam,Sur,Online,2,60.46,"120,92"
2024-07-04,Auriculares,Norte,Tienda,5,90.71,"453,55"
,Teclado,Oeste,Online,4,42.64,"170,56 €"
2024-05-04,Mouse,  Sur ,Online,2,24.28,"48,56"
2025-12-01,Mouse,Norte,Online,2,n/a,"48,66 €"
2025-12-13,Teclado,Oeste,Online,1,48.53,"48,53"
2025-05-25,Auriculares,Sur,Tienda,4,91.28,"365,12"
2025-01-28,Webcam,Norte,Online,2,63.67,"127,34"
2025-12-30,Mouse,Oeste,Online,1,25.02,"25,02 €"
07/08/2025,Auriculares,Norte,Tienda,2,86.66,"173,32 €"
2025-04-01,Mouse,Norte,Online,2,24.71,"49,42"
2024-05-25,Mouse,Este,Online,5,24.33,"121,65"
2025-07-19,Auriculares,Norte,Online,4,89.13,"356,52 €"
2024-10-27,Auriculares,Sur,Online,4,91.17,"364,68 €"
2025-12-01,Monitor,norte,Online,1,NULL,"218,42"
2024-06-23,Auriculares,Oeste,tienda,2,89.8,"179,60 €"
2025-12-03,Mouse,Norte,Online,4,23.49,"93,96"
2025-11-07, Monitor,sur,Tienda,5,231.05,"1.155,25"
2025-06-14,Teclado,Oeste,Online,5,NULL,"232,00"
2025-11-12,Mouse,Centro,Online,4,NULL,"99,12"
2025-12-01,Monitor,,Online,4,208.49,"833,96"
2024-06-25,Monitor,NORTE,ONLINE,5,221.28,"1.106,40"
2024-10-09,Mouse,Sur,Tienda Fisica,2,25.35,"50,70 €"
2025-04-30,Auriculares,Oeste,ONLINE,5,87.09,"435,45"
2025-03-20,Monitor,NORTE,on-line,1,212.67,"212,67"
2025-12-08,Teclado,Este,DISTRIBUIDOR,3,36.59,"392,57"
2024-11-30,Monitor,Norte,distribuidor,1,180.86,"180,86"
2025-09-03,Monitor,Este,Tienda,5,212.95,"1.064,75"
2024-12-08,Monitor,Norte,Tienda,4,207.05,"828,20"
2025-09-27,Teclado,Centro,Online,5,43.75,"218,75"
2025-06-03,Monitor,Este,ONLINE,5,218.36,"1.091,80 €"
2024-08-20,Mouse,este,ONLINE,3,25.06,"75,18"
2024-07-26,Monitor,Sur,Tienda,2,212.17,"424,34 €"
18/06/2024,Webcam,Norte,Online,5,65.92,"329,60"
14/05/2025,Teclado,Norte,Online,3,43.89,"131,67"
2024-12-04,Webcam,Norte,Tienda,2,64.65,"129,30"
2025-12-13,Teclado,Oeste,Online,5,46.93,"234,65"
2024-03-20,Mouse,Centro,Online,4,25.61,"102,44 €"
2024-12-06,Mouse,Norte,Online,4,24.08,"96,32 €"
2025-12-10,Auriculares,Sur,Distribuidor,5,72.15,"360,75"
2025-12-28,Mouse,Este,Distribuidor,2,20.71,"41,42 €"
2024-08-16,Teclado,Este,Distribuidor,2,35.87,"71,74"
2025-08-15,Monitor,Este,Online,4,214.1,"856,40"
2025-11-30,Teclado,Sur,Tienda,3,44.44,"133,32"
2025-02-03, Mouse,Centro,Online,1,26.39,"26,39 €"
2024-11-15,Monitor,Centro,Online,5,215.97,"1.079,85 €"
2025-04-26,Auriculares,Norte,Online,5,94.52,"472,60"
12-18-2025,Mouse,Centro,online,3,25.02,"75,06"
,Monitor,Norte,Online,2,207.1,"414,20"
2024-11-13,Webcam,CENTRO,Online,4,61.48,"245,92"
24/06/2025,Teclado,Oeste,Tienda,2,46.01,"92,02"
2025-11-03,Monitor,Norte,Online ,3,222.89,"€668,67"
2024-02-20,Teclado,Sur,TIENDA,1,45.88,"45,88"
2025-06-19,Webcam,Centro,Tienda,3,66.27,"198,81 €"
2025-07-06,MOUSE,Sur,Tienda,,24.91,"24,91 €"
2024-12-10,Monitor,Norte,Tienda,4,224.4,"897,60 €"
07/03/2024,Mouse,desconocida,on-line,4,24.71,"98,84"
2024-03-12,Monitor,Norte,Online,1,221.85,"221,85"
22/09/2024,Webcam,Oeste,Tienda,5,62.54,"312,70"
2025-12-25,Webcam,Centro,Distribuidor,1,51.59,"€51,59 €"
2025-10-28,Auriculares,Este,Online,3,93.85,"281,55 €"
2025-07-24,Auriculares,Norte,Tienda,1,87.76,"87,76 €"
2025-03-08,Mouse,Sur,Online,2,26.13,"52,26"
2025-04-09,Webcam,Este,online,4,63.09,"252,36 €"
2024-10-20,Webcam,Este,Online,-,66.43,"132,86 €"
2024-09-04,Teclado,Sur,Online,2,45.2,"90,40"
2025-09-03,Mouse,Norte,Distribuidor,2,21.1,"42,20"
2024-12-03,Auriculares,Sur,Distribuidor,1,73.98,"73,98"
2025-12-21,Auriculares,Este,Tienda,5,97.78,"488,90"
2025-09-15,Webcam,Sur,Tienda,3,61.59,"184,77 €"
2024-03-10,MOUSE,norte,ONLINE,1,24.01,"24,01 €"
2025-12-31,Teclado,Norte,Tienda,3,44.17,"132,51"
2024-11-04,Auriculares,Sur,Tienda,5,89.48,"447,40"
2024-07-04,Mouse,Oeste,on-line,1,24.75,"€24,75"
2025-06-03,Monitor,Norte,Online,4,228.82,"915,28 €"
2025-07-22,Mouse,Oeste,ONLINE,2,24.58,"49,16 €"
2025-12-13,Teclado,Sur,TIENDA,5,46.32,"231,60"
2024-07-17,Webcam,Oeste,Tienda,1,66.36,"66,36"
03/06/2024,Mouse,Norte,Online,1,24.25,"24,25 €"
2024-04-03,Mouse,Norte,Online,-4,25.22,"100,88"
2025-12-26,Auriculares,Centro,distribuidor,3,76.04,"228,12"
2024-12-02,Auriculares,Centro,Tienda,4,85.69,"342,76"
2024-12-19,Auriculares,Este,Tienda Fisica,N/A,90.59,"362,36 €"
2024-09-28,Monitor,Este,online,2,214.0,"428,00 €"
2025-07-21,Monitor,Centro,tienda,4,229.08,"916,32 €"
2024-09-09,Teclado,Oeste,ONLINE,3,47.88,"143,64"
2025-08-29,Mouse,  Sur ,Online,5,26.54,"132,70"
2024-04-23,Monitor,Sur,Online,5,224.28,"1.121,40 €"
11/02/2024,Mouse,Norte,Distribuidor,3,19.95,"59,85 €"
2025-12-16,Mouse,Oeste,Online,4,24.82,"99,28"
2025-11-24,Auriculares,desconocida,online,5,90.83,"454,15 €"
2025-12-17,Teclado,Norte,TIENDA,4,47.18,"188,72"
2024-12-14,Mouse,Norte,Tienda,3,26.02,"€78,06"
2025-03-29,Monitor,Oeste,on-line,5,213.94,"656,15"
2024-12-16,Webcam,Centro,Tienda,1,64.22,"214,08"
2024-08-28,Teclado,Norte,Tienda,3,47.11,"€141,33 €"
2025-11-02,Auriculares,Norte,Tienda,2,93.35,"186,70 €"
2025-11-26,Mouse,CENTRO,Tienda,3,n/a,"79,20"
2025-11-13,Teclado,centro,Online,2,45.06,"90,12"
2024-01-29,Monitor,Norte,Distribuidor,4,186.4,"745,60"
2025-09-22,Auriculares,norte,Distribuidor,5,72.88,"364,40"
31/07/2024,Mouse,Este,Online,5,22.81,"114,05"
2024-04-11,Auriculares,Norte,Tienda,5,91.89,"€459,45"
2024-10-08,Monitor,Oeste,TIENDA,5,228.24,"1.141,20"
2025-12-05,Webcam,Sur,Distribuidor,2,52.11,"104,22"
2025-12-05,Webcam,SUR,ONLINE,4,67.06,"€268,24 €"
2024-08-10,Monitor,?,Online,-4,207.48,"207,48 €"
2025-06-03,Mouse,Oeste,Tienda,1,24.37,"24,37 €"
2025-07-31,Teclado,Este,Online,5,44.24,"221,20"
2024-05-19,Teclado,Este,Online,1,44.1,"44,10"
2024-04-17,Auriculares,Norte,Online,5,89.14,"445,70"
28/01/2025,Auriculares,Norte,Online,3,90.73,"272,19"
2025-11-26,MOUSE,Sur,Tienda Fisica,5,25.48,"127,40"
2024-11-28,Mouse,  Norte ,Distribuidor,1,20.65,"20,65"
2025-08-18,Webcam,Sur,Tienda,1,63.88,"63,88"
2024-08-16,Mouse,Norte,Distribuidor,5,20.68,"103,40"
2025-12-21,Mouse,Oeste,Online,1,24.76,"24,76"
2025-07-23,Mouse,Norte,Tienda,1,25.35,"25,35"
2025-12-15,Auriculares,Sur,Online,2,91.52,"183,04 €"
2025-11-10,Auriculares,Norte,Online,4,86.61,"346,44 €"
2025-12-22,Mouse,Norte,online,2,26.24,"52,48"
2025-04-03,MOUSE,Oeste,Online,5,25.06,"125,30 €"
2024-12-09,Auriculares,Sur,Tienda,5,87.01,"435,05"
2024-06-14,Auriculares,Norte,Distribuidor,1,75.12,"75,12"
29/07/2025,MONITOR,Norte,Online,-1,219.44,"219,44"
24/09/2025,Teclado,Oeste,Tienda física,4,46.2,"184,80"
2025-11-12,Teclado,Centro,Online,4,45.6,"182,40 €"
2024-12-08,Monitor,Este,Online,1,216.67,"216,67 €"
2024-03-11,Monitor,Sur,Online,3,228.52,"685,56"
07/12/2025,Mouse,Norte,TIENDA,3,26.2,"€78,60 €"
2024-12-29,MOUSE,Norte,Tienda,5,24.43,"122,15 €"
2024-12-28,Teclado,Norte,Distribuidor,2,39.15,"78,30"
2025-10-06,Auriculares,Oeste,Online,4,84.8,"339,20"
2025-07-24,Monitor,Sur,Online,2,210.97,"421,94 €"
2024-05-08,Teclado,Norte,Online,1,45.42,"45,42"
2024-07-14,Teclado,Oeste,Tienda,4,45.58,"182,32"
27/09/2025,Teclado,Sur,Tienda,5,43.44,"217,20"
2025-11-09,Auriculares,Oeste,Distribuidor,2,75.71,"151,42"
2024-07-08,Teclado,Centro,Online,5,44.3,"221,50"
2025-11-07,Auriculares,Este,Online,4,90.3,"361,20 €"
2025-12-13,Auriculares,Oeste,Online,3,85.28,"255,84 €"
2025-11-01,Auriculares,sur,Online,-,NULL,"184,22"
08-22-2024,Teclado,Oeste,Online,5,44.37,"221,85 €"
2024-05-22,Auriculares,Norte,Tienda,5,94.03,"470,15 €"
2025-08-28,Mouse,Centro,Online,2,25.38,"50,76"
2025-04-20,Teclado,Norte,Online,1,46.1,"46,10 €"
2025-12-07,Mouse,Norte,Online,1,25.48,"25,48"
14/04/2024,Mouse,Sur,Tienda,3,23.81,"71,43 €"
2024-06-27,Webcam,Este,Online,2,,"132,22"
2025-04-13,Mouse,Norte,Online,2,25.17,"50,34 €"
2024-10-11,Auriculares,Norte,ONLINE,1,93.65,"93,65"
,Auriculares,Sur,Tienda,2,86.29,"172,58"
2025-12-31,Monitor,CENTRO,Tienda,2,211.6,"423,20"
2024-05-03,Teclado,Centro,Distribuidor,2,36.18,"72,36 €"
2025-01-06,MOUSE,Oeste,Tienda,1,24.29,"24,29"
2025-06-01,Auriculares,Norte,ONLINE,1,85.81,"85,81"
2025-10-11,Teclado,Norte,Online,1,44.44,"44,44 €"
2024-12-03,Webcam,Oeste,Tienda,4,65.85,"263,40 €"
29/12/2025,Teclado,Centro,Distribuidor,3,37.07,"111,21"
2025-12-30,Mouse,Oeste,ON-LINE,1,25.25,"25,25 €"
2025-08-27,Webcam,Sur,online,2,64.65,"129,30"
17/12/2025,Teclado,Centro,Tienda,5,47.6,"238,00"
2024-02-11,Auriculares,Centro,Tienda,4,90.38,"361,52"
2025-11-13,Auriculares,Oeste,Tienda Fisica,5,89.15,"445,75"
2025-03-29,Mouse,Norte,Tienda,3,25.62,"€76,86"
2025-09-15,Monitor,centro,Tienda,2,228.81,"457,62"
2025-09-28,Monitor,?,Online,1,233.4,"233,40"
2024-10-25,Auriculares,Sur,on-line,3,90.89,"272,67"
2025-11-21,Monitor,Este,Online,3,219.88,"659,64 €"
2024-08-07,Teclado,Este,Online,1,44.91,"44,91"
2025-05-21,Mouse,Norte,Tienda,3,25.16,"€75,48 €"
2024-11-26,Webcam,Norte,Online,1,65.7,"65,70 €"
09-03-2024,Webcam,Centro,Online,4,62.34,"249,36"
2024-07-03,Teclado,Sur,Online,3,43.96,"131,88 €"
2024-05-31,Auriculares,Oeste,Online,5,88.4,"442,00"
2025-08-05,Monitor,sur,Tienda,4,215.15,"860,60"
2024-10-18,Webcam,Sur,Distribuidor,5,52.47,"262,35"
2024-11-21,Webcam,Oeste,TIENDA,1,63.57,"63,57"
2025-11-22,Mouse,Centro,Online,1,26.24,"26,24 €"
2024-01-20,Auriculares,Oeste,Tienda,5,91.49,"457,45"
2024-05-14,Auriculares,?,Online,3,87.2,"261,60"
2025-05-14,Mouse,Sur,Online,2,25.48,"50,96"
2024-12-21,Webcam,  norte ,Tienda,1,65.03,"65,03"
16/04/2024, Monitor,norte,Tienda,1,213.5,"213,50"
2024-07-13,Monitor,Sur,online,3,229.01,"687,03"
,Teclado,Centro,Tienda,4,46.85,"187,40"
21/02/2024,Webcam,Este,DISTRIBUIDOR,4,50.45,"€201,80 €"
2025-11-12,Mouse,Norte,Online,3,24.93,"74,79 €"
2025-06-07,Mouse,Este,Distribuidor,3,20.03,"60,09 €"
05-29-2024,Auriculares,sur,Online,4,86.78,"347,12 €"
2024-03-14,Auriculares,norte,Online,-4,91.54,"183,08"
2024-07-02,Webcam,Sur,Tienda,3,NULL,"€179,13"
2024-12-21,Mouse,Centro,online,null,25.92,"25,92"
2025-01-02,Monitor,norte,Tienda,3,225.12,"675,36 €"
20/11/2025,Mouse,Centro,Online,1,25.24,"25,24"
2025-06-04,Mouse,Sur,Online,5,25.65,"128,25"
2024-09-21,Mouse,Oeste,Tienda,1,24.77,"24,77"
2024-05-17,Auriculares,NORTE,online,5,93.88,"469,40"
2024-07-08,Teclado,Norte,Tienda,1,47.94,"47,94 €"
2024-12-08,Teclado,Sur,Tienda,5,44.03,"€220,15 €"
2025-10-11,Auriculares,?,Tienda,1,93.11,"93,11"
2025-12-06,Teclado,Centro,Online,1,44.51,"44,51"
2024-06-03,Teclado,Norte,Online ,5,42.41,"212,05"
2025-02-27,Teclado,CENTRO,Online,4,47.92,"191,68"
2025-12-26,Auriculares,Norte,Distribuidor,4,73.99,"295,96"
2025-03-31,Teclado,Este,Online,2,41.97,"83,94 €"
2025-11-30,Monitor,Sur,Tienda,1,201.04,"201,04 €"
2025-04-19,Teclado,Sur,Online ,5,45.25,"226,25 €"
2024-02-04,Mouse,Este,Tienda,4,25.62,"102,48"
2025-06-28,AURICULARES,sur,Tienda física,3,89.93,"269,79"
2024-11-05,Mouse,Norte,Online,4,n/a,"99,00"
2025-10-30,Mouse,Sur,Distribuidor,1,19.98,"19,98"
2024-11-28,Teclado,Este,Online,5,46.03,"230,15 €"
2025-08-20,Mouse,Centro,ONLINE,1,26.33,"26,33"
2025-09-17,Auriculares,Oeste,Tienda,7416,91.55,"274,65"
2025-08-09,Webcam,Norte,Online,3,64.3,"192,90"
2024-09-08,Monitor,Norte,Online,1,222.56,"222,56"
2024-05-20,Mouse,Norte,Distribuidor,5,21.11,"105,55 €"
2024-12-15,Auriculares,Oeste,Online,3,92.15,"276,45"
2024-07-15,Auriculares,Norte,Online ,3,97.36,"292,08"
2024-11-30,Auriculares,Norte,Online,3,91.48,"274,44"
2024-12-29,Monitor,NORTE,Tienda,3,224.62,"673,86"
2025-12-30,Teclado,Norte,Distribuidor,2,38.05,"76,10"
2024-12-16,Teclado,Este,Online,2,48.06,"96,12 €"
2025-11-26,Auriculares,Sur,Online,2,88.93,"177,86"
2025-08-19,Teclado,Este,Distribuidor ,NA,37.48,"74,96"
2025-11-12,Monitor,Norte,DISTRIBUIDOR,3,179.67,"539,01 €"
2024-05-15,MONITOR,oeste,Tienda,1,217.72,"217,72 €"
2025-11-11,Auriculares,Norte,Tienda Fisica,5,87.6,"438,00"
2025-12-22,Auriculares,Centro,Tienda,3,92.09,"276,27"
2025-06-12, Mouse,Este,Online,1,25.78,"25,78 €"
02-21-2024,Mouse,Este,Online,3,25.73,"77,19"
2025-10-23,Webcam,Sur,Distribuidor,2,51.9,"€103,80"
2025-12-09,MOUSE,Norte,Tienda Fisica,1,25.17,"25,17 €"
2025-10-03,Auriculares,Sur,Distribuidor,4,74.23,"296,92"
2025-08-23,Auriculares,Oeste,DISTRIBUIDOR,3,74.71,"224,13 €"
2024-11-10,Auriculares,Oeste,Distribuidor,5,75.91,"379,55"
02/04/2024,Monitor,Norte,Tienda,3,210.14,"630,42"
2024-12-06,Monitor,Este,Tienda,2,217.36,"434,72 €"
2024-01-05,Monitor,Este,Tienda,1,213.94,"213,94"
2025-11-05,Mouse,  Este ,DISTRIBUIDOR,2,NULL,"41,24 €"
2024-12-13,Teclado,  CENTRO ,Tienda,2,44.6,"89,20"
05-12-2024,Auriculares,  Centro ,TIENDA,N/A,93.99,"€375,96"
2024-01-31,Mouse,Centro,Distribuidor,2,20.53,"41,06"
2025-05-20,Mouse,Norte,Distribuidor,5,20.94,"104,70 €"
2024-12-25,Monitor,este,Tienda,5,217.83,"€1.089,15"
2024-12-29,Monitor,CENTRO,Online,5,214.57,"1.072,85"
2025-11-22,Mouse,Sur,Online,4,24.36,"97,44 €"
06-13-2025,Teclado,Norte,distribuidor,1,38.02,"38,02"
2024-11-06,Teclado,oeste,DISTRIBUIDOR,1,39.63,"39,63"
2024-11-25,TECLADO,Sur,Distribuidor,2,38.21,"76,42"
2025-08-27,Webcam,Sur,online,2,64.65,"129,30"
2025-12-25,Webcam,OESTE,on-line,4,66.38,"€265,52 €"
11-11-2025,Mouse,Centro,Tienda,5,24.81,"124,05"
10/01/2025,Auriculares,Este,Distribuidor,5,75.63,"378,15"
2024-12-10, Auriculares,Este,Distribuidor,1,75.33,"75,33"
2024-11-17,Monitor,Sur,Online,1,217.23,"€217,23"
2024-07-16,Teclado,Centro,Distribuidor,3,37.66,"€112,98"
2025-01-19,Auriculares,oeste,Distribuidor,1,77.01,"77,01"
01/10/2024,Teclado,Centro,Online,4,46.07,"184,28 €"
2024-04-18,Webcam,desconocida,Online,2,64.1,"128,20"
2025-06-03,Monitor,NORTE,Distribuidor,2,181.68,"363,36"
2025-11-15,Teclado,Centro,online,N/A,46.42,"92,84"
2024-12-14,Mouse,Sur,Online,1,24.34,"24,34"
2024-02-24,Teclado,Centro,Tienda,2,48.06,"96,12 €"
2025-12-09,Teclado,Sur,Tienda,3,45.21,"135,63"
2025-12-25,Monitor,Sur,ONLINE,3,221.93,"665,79"
2024-05-31,Auriculares,Oeste,Online,5,95.48,"477,40 €"
2025-09-19,Monitor,Oeste,Tienda,-,226.89,"907,56 €"
2025-11-14,Mouse,Este,Tienda,2,24.25,"48,50 €"
2024-08-26,Auriculares,CENTRO,Tienda,3,90.95,"272,85"
2025-02-04,Mouse,Oeste,Online,4,25.24,"100,96"
2025-12-31,Webcam,Norte,Online,2,66.14,"132,28"
2025-12-30,Monitor,Centro,distribuidor,4,181.17,"724,68"
2025-06-08,Teclado,Oeste,Tienda Fisica,5,46.37,"231,85"
2024-10-15,Mouse,Oeste,Tienda,5,24.37,"121,85"
2025-11-11,Mouse,Oeste,Tienda,5,24.33,"121,65"
2025-02-19,Mouse,NORTE,Distribuidor,1,20.62,"20,62"
12/11/2025,Mouse,Norte,Distribuidor,3,20.73,"62,19 €"
2024-05-20,Auriculares,Norte,Online,5,88.57,"442,85 €"
2025-09-17,Webcam,Sur,Tienda,1,66.94,"66,94"
2025-12-17,Mouse,Norte,Online,2,24.29,"48,58"
2025-04-06,Webcam,Centro,Tienda,2,63.92,"127,84 €"
2025-12-25,Webcam,OESTE,on-line,4,66.38,"€265,52 €"
09/10/2024,Mouse,Sur,Online,4,24.34,"97,36 €"
07-03-2025,Monitor,OESTE,Distrib.,5,172.75,"863,75 €"
2024-06-03,MONITOR,Sur,online,2,226.29,"452,58"
2025-05-30,Mouse,Norte,Tienda,5,24.56,"122,80 €"
2025-11-09,Mouse,Sur,Online,3,25.5,"76,50"
2024-09-04,Auriculares,Centro,on-line,1,93.14,"€93,14 €"
2025-03-31,Webcam,Sur,Tienda,5,65.59,"327,95"
2024-12-06,Mouse,Sur,Distribuidor,2,21.04,"42,08"
2024-07-08,Webcam,Sur,on-line,3,60.72,"182,16"
2025-08-30,Mouse,Este,Tienda,1,25.51,"25,51 €"
2025-11-03,Mouse,Norte,Tienda,3,24.4,"73,20"
2024-04-10, Mouse,Norte,Online,1,26.34,"26,34 €"
27/02/2024,Webcam,Norte,Distribuidor,5,54.0,"270,00 €"
2025-07-19,Mouse,Oeste,Online,2,24.0,"48,00"
2024-03-13,Teclado,Centro,Distribuidor,4,37.54,"150,16 €"
2024-09-10,Mouse,Norte,Tienda Fisica,5,25.07,"125,35 €"
2024-12-02,Auriculares,Sur,Online,3,87.3,"261,90"
11-27-2024,Monitor,Sur,Tienda,2,205.88,"411,76"
2024-02-19,Auriculares,Norte,Tienda,1,93.54,"93,54 €"
2024-02-19,Webcam,Norte,Distribuidor,3,51.37,"154,11"
2024-02-02,Mouse,?,Distribuidor,5,20.03,"100,15"
2025-11-16,Mouse,norte,Tienda,1,24.83,"24,83"
,Mouse,Centro,Online,2,26.12,"219,21"
2024-03-30,Teclado,SUR,Online,1,45.22,"45,22"
2025-11-13,Monitor,SUR,Tienda,2,227.19,"454,38"
03/02/2024,Webcam,  Sur ,Online ,4,63.35,"253,40 €"
2025-12-17,Teclado,Norte,Distribuidor,2,36.58,"73,16"
2024-12-26,Webcam,Norte,Online,1,61.7,"61,70"
2024-08-06,Webcam,Sur,Distribuidor,1,51.05,"51,05"
2025-12-29,Mouse,Oeste,Tienda,5,24.51,"122,55"
2024-12-22,Auriculares,NORTE,Distribuidor,3,77.53,"232,59"
2024-08-31,Auriculares,Centro,Distribuidor,5,74.24,"371,20 €"
2024-11-07,Teclado,Oeste,Online,5,45.81,"229,05"
2025-03-18,Teclado,Norte,Distribuidor,4,35.65,"142,60 €"
2024-11-18,Mouse,Este,Distribuidor,4,20.85,"83,40"
2025-10-05,Auriculares,  Norte ,Online,5,89.37,"446,85 €"
2025-03-13,Teclado,Sur,Online,1,45.02,"45,02"
2024-11-15,Teclado,Oeste,Online,4,46.54,"186,16"
2025-10-23,Mouse,Este,Tienda,2,23.59,"47,18 €"
2024-08-23,Monitor,Oeste,Distribuidor,3,184.64,"553,92 €"
2024-07-21,Mouse,Este,online,3,23.63,"70,89"
2025-04-29,Teclado,Norte,Online,4,43.43,"173,72"
2025-03-01,Auriculares,Sur,Distribuidor,4,72.89,"291,56"
2024-09-23,Mouse,Norte,Online,4,25.59,"102,36"
2024-09-24,Auriculares,Oeste,Online,1,90.93,"90,93 €"
2025-03-15,Mouse,Centro,Tienda,2,24.36,"48,72 €"
2025-08-20,Teclado,Centro,Tienda,2,44.0,"88,00"
2025-01-07,Auriculares,Centro,Online,4,85.82,"€343,28"
2025-11-16,Teclado,Norte,Online ,1,43.7,"43,70"
2024-04-16,Teclado,centro,Tienda,5,44.87,"224,35 €"
2025-11-17,Mouse,Centro,Online,4,23.85,"95,40 €"
16/09/2024,Teclado,Norte,Distribuidor,3,35.86,"€107,58 €"
2024-01-31,Webcam,Sur,Tienda,2,68.91,"€137,82 €"
02/03/2025,Auriculares,CENTRO,Online,1,86.74,"86,74"
12-18-2024,Auriculares,Este,Tienda Fisica,1,87.92,"87,92"
10/02/2024,Teclado,Este,Online,null,43.5,"43,50"
2025-06-25,Mouse,Este,Online,2,24.85,"49,70"
2025-10-17,Mouse,Centro,Tienda,2,25.23,"50,46"
2025-12-13,Mouse,Sur,Tienda,5,25.66,"128,30"
11/12/2025,Mouse,  Este ,Online,3,25.51,"76,53"
,Auriculares,Oeste,Online,1,86.22,"86,22 €"
11-14-2025,Auriculares,Centro,Distribuidor,4,75.33,"301,32 €"
2024-11-24,Auriculares,Este,Online,3,89.93,"269,79 €"
2025-08-18,Mouse,Oeste,on-line,1,24.32,"24,32 €"
2024-11-18,Auriculares,Norte,Online ,1,88.91,"88,91"
2024-12-02,AURICULARES,Sur,Tienda,1,89.11,"89,11"
,Mouse,Norte,Online,2,26.31,"52,62"
2024-12-30,MOUSE,Norte,Online,1,25.19,"25,19"
2024-06-03,MOUSE,Oeste,tienda,3,24.71,"74,13 €"
2025-12-12,Auriculares,Norte,Tienda,4,93.56,"374,24"
2025-11-26,Monitor,Este,Distribuidor,3,183.17,"623,68"
2025-12-13,Mouse,Oeste,Online,2,25.41,"50,82 €"
2024-12-20,Mouse,Centro,Online,4,25.3,"€101,20"
2025-10-01,Teclado,ESTE,Tienda,5,44.37,"221,85"
2024-12-19,Mouse,Oeste,Online,3,25.35,"76,05"
2024-08-13,Teclado,Norte,Online,4,46.21,"€184,84"
2025-07-27,Mouse,Sur,Tienda,3,24.65,"73,95 €"
22/03/2025,Mouse,Este,Distribuidor,3,19.73,"59,19"
06-02-2024,Auriculares,Sur,Tienda,5,87.14,"435,70"
2025-08-01,Mouse,Sur,Tienda,4,23.86,"95,44 €"
2024-03-11,Monitor,Este,distribuidor,2,183.41,"366,82"
2025-02-19,Mouse,Norte,Online,5,25.41,"127,05"
2025-06-12,Webcam,Norte,Tienda,5,61.61,"308,05"
2025-11-27,Mouse,Norte,Online,5,24.56,"122,80"
2025-10-29,Teclado,Norte,Online,5,46.42,"232,10"
04/08/2025,Webcam,OESTE,Online,4,63.23,"252,92"
2025-08-05,Auriculares,Oeste,Tienda,5,89.01,"445,05"
2025-01-04,Teclado,Oeste,Tienda,3,46.3,"138,90"
2025-09-02,Mouse,Oeste,on-line,1,24.21,"24,21"
2024-12-15,Mouse,Norte,Tienda,3,24.01,"€72,03"
2024-12-16,Teclado,Sur,Online ,5,46.38,"231,90 €"
2025-06-05,Mouse,Sur,Online,1,23.62,"23,62 €"
2024-11-01,Mouse,Sur,tienda,4,24.87,"99,48"
2024-11-20,Mouse,CENTRO,Online,5,24.51,"€122,55 €"
2024-11-24,Mouse,CENTRO,Distribuidor,1,20.93,"20,93 €"
2025-11-06,Teclado,Oeste,Distribuidor,4,36.47,"145,88 €"
2024-12-10,Teclado,CENTRO,Online,4,44.11,"176,44"
2024-11-27,Mouse,Sur,Tienda,3,25.93,"77,79"
2024-04-07,Monitor,Norte,Distribuidor,2,n/a,"359,32"
15/05/2025,Auriculares,Este,Online,4,87.45,"349,80"
18/12/2025,Webcam,Centro,Tienda,4,63.21,"252,84"
2025-03-31,Teclado,Centro,Online,3,47.27,"571,41"
2025-04-15,Teclado,Oeste,Online,3,48.9,"146,70"
2025-03-06,Teclado,Norte,Tienda Fisica,3,45.16,"135,48 €"
2025-06-22,Auriculares,Norte,Online,3,n/a,"273,36 €"
,Mouse,Este,Tienda,-,25.14,"€75,42"
2025-01-11,Auriculares,Sur,Online,5,82.14,"410,70"
2025-12-11,Teclado,Norte,Online,4,45.69,"182,76"
2024-09-17,Mouse,Oeste,Online,4,24.86,"99,44 €"
2025-11-14,Mouse,Sur,Tienda física,1,24.93,"24,93 €"
2025-03-03,Teclado,Oeste,Online,4,46.89,"187,56"
10-13-2025,Teclado,Este,Online,2,NULL,"87,30"
2024-11-04,Auriculares,Norte,Online,1,95.44,"95,44"
2025-01-26,Teclado,Norte,Distribuidor,4,38.1,"152,40"
2024-06-19,Auriculares,Centro,Tienda,4,85.1,"340,40"
2024-12-20,Webcam,Norte,Tienda,2,65.79,"131,58"
2025-06-25,Mouse,Este,Online,3,25.39,"76,17"
2024-11-06,Webcam,Este,Distribuidor,3,50.7,"152,10 €"
2025-07-22,Teclado,Norte,Online,1,44.12,"44,12"
2024-04-20,Mouse,Sur,Online,1,25.08,"25,08"
2024-03-24, Mouse,desconocida,Online,2,25.93,"51,86 €"
2024-09-06,Auriculares,Norte,Tienda,5,87.01,"435,05 €"
2025-08-14,Mouse,Oeste,Online ,4,25.26,"101,04"
08/04/2025,Auriculares,Norte,Tienda,5,86.69,"433,45"
2024-11-30,Mouse,Oeste,Online,1,24.6,"24,60 €"
30/04/2025,Mouse,Norte,Online,3,24.47,"73,41"
26/08/2024,Mouse,Sur,TIENDA,5,24.9,"124,50"
2025-02-01,Webcam,Oeste,Tienda,1,63.54,"63,54"
2024-12-07,Auriculares,Centro,Distribuidor,1,75.74,"75,74"
2025-09-21,Webcam,centro,Tienda Fisica,4,65.48,"261,92 €"
2024-08-09,Monitor,NORTE,Tienda,2,218.28,"436,56 €"
2025-12-13,Webcam,Norte,Tienda,4,64.16,"256,64"
2024-07-16,Monitor,Sur,Tienda,1,212.99,"212,99"
2025-07-13,Auriculares,  Norte ,Tienda,1,83.61,"83,61 €"
2025-08-19,Monitor,Oeste,Tienda,1,225.22,"225,22 €"
2024-03-15,Auriculares,Oeste,Online,2,91.13,"182,26"
2025-10-03,Monitor,Sur,Tienda,3,210.7,"632,10"
2024-11-16,Monitor,Este,Distribuidor,3,188.17,"564,51 €"
2024-08-11,Teclado,Centro,Online,5,45.19,"225,95 €"
2024-11-08, Teclado,  Norte ,Online,2,46.15,"92,30"
2025-11-10,Auriculares,Norte,Distribuidor,1,72.53,"72,53"
2025-10-04,Webcam,Oeste,Tienda,4,65.76,"263,04"
2025-12-03,AURICULARES,Oeste,Tienda,4,87.83,"351,32"
2024-12-12,Webcam,Oeste,Distribuidor,5,50.97,"254,85 €"
2025-02-20,Auriculares,Norte,Online,1,86.0,"86,00"
2025-10-10,Teclado,  Norte ,Online,3,43.62,"130,86 €"
2025-10-29,Teclado,  Oeste ,Online,-4,47.51,"47,51 €"
2025-08-08,Teclado,Centro,Online,3,45.89,"137,67"
2025-10-25,Teclado,OESTE,ONLINE,3,44.54,"133,62"
2025-11-01,Teclado,Este,ONLINE,1,45.33,"45,33"
2024-06-23,Mouse,Centro,Online,4,25.52,"102,08 €"
2025-08-10,Webcam,Centro,Tienda física,1,62.76,"62,76"
2024-08-17,Mouse,Norte,Tienda,3,23.95,"71,85 €"
2024-05-06,Mouse,Centro,Tienda,4,25.55,"102,20"
2024-08-13,Auriculares,Oeste,ONLINE,4,94.13,"376,52"
2024-07-11,Auriculares,Sur,Tienda,2,92.55,"185,10"
2024-12-15,Teclado,Sur,TIENDA,1,45.54,"45,54"
17/02/2025,Webcam,Este,Tienda,5,62.79,"313,95"
2024-12-08,Mouse,centro,online,4,23.73,"94,92"
2024-04-06,Mouse,Este,Online,5,25.04,"125,20"
2024-06-24,MOUSE,Norte,Tienda,3,25.39,"76,17"
2024-05-30,Webcam,Este,Online,1,65.37,"65,37"
09-25-2024,Teclado,Este,Distribuidor,2,35.94,"71,88"
2025-03-09,Auriculares,Este,Distribuidor,1,74.15,"74,15 €"
2025-11-02,Mouse,Sur,Online,null,25.66,"76,98"
2024-12-06,Monitor,Centro,Online,1,220.52,"220,52"
2025-11-06,Mouse,Oeste,tienda,4,24.03,"96,12"
2025-12-03,Auriculares,Norte,TIENDA,2,89.25,"178,50 €"
2024-08-03,Webcam,Norte,Tienda,4,66.38,"265,52"
2025-06-03,Teclado,Este,Tienda,1,44.46,"44,46"
2025-02-09,Auriculares,Norte,Online,2,88.63,"177,26 €"
2024-12-30,Mouse,Este,DISTRIBUIDOR,4,20.57,"82,28"
2025-12-05,Teclado,Este,Tienda,4,45.98,"183,92"
2025-05-03,AURICULARES,Centro,Online,2,88.66,"177,32"
2024-12-28,Teclado,Este,ONLINE,5,46.29,"231,45"
14/12/2024,Auriculares,Norte,Distribuidor,1,72.52,"72,52 €"
2024-12-29,Auriculares,Sur,Tienda,3,89.59,"268,77 €"
2024-06-22,Webcam,Oeste,Online,5,64.24,"321,20"
2025-08-17,Auriculares,Norte,Tienda,5,91.98,"459,90 €"
20/07/2025,Mouse,Centro,Distribuidor,2,20.97,"41,94"
2024-11-24,Mouse,Este,Online,2,24.8,"49,60"
2025-08-07,Auriculares,Este,Online,3,96.66,"289,98 €"
2025-08-19,Auriculares,Sur,Tienda,4,91.25,"365,00"
2025-03-15,Mouse,Sur,Distribuidor,2,19.61,"39,22"
04-22-2024,Monitor,Oeste,Tienda,5,221.96,"€1.109,80"
2025-11-09,Teclado,Sur,ONLINE,1,46.03,"46,03 €"
2024-10-30,Auriculares,centro,Online,5,94.83,"474,15 €"
02-16-2025,Monitor,sur,Online,4,215.8,"863,20"
2024-04-17,Auriculares,Centro,on-line,2,88.93,"177,86"
2025-07-20,Teclado,Norte,Tienda,2,47.57,"95,14"
2024-07-14,Mouse,Norte,Distribuidor,1,21.33,"€21,33 €"
2025-07-03,Mouse,Oeste,on-line,3,23.63,"70,89"
2024-12-13,Auriculares,Oeste,Tienda física,3,90.06,"270,18 €"
2025-12-11,Auriculares,Sur,Distribuidor ,2,73.26,"146,52"
2025-12-17,Webcam,?,Tienda,4,63.51,"254,04"
2025-05-05,Auriculares,Oeste,Online ,2,87.99,"175,98 €"
2025-09-23,Mouse,Norte,Tienda,4,26.41,"105,64 €"
2025-10-14,Monitor,Norte,Online,2,218.81,"437,62"
2025-04-03,Webcam,  Sur ,Online,4,64.28,"€257,12"
23/03/2025,Auriculares,Norte,Online,2,85.43,"170,86"
2024-12-18,Mouse,Norte,Online,-,23.82,"47,64"
23/11/2024,Teclado,Sur,Tienda,5,45.57,"227,85"
2024-05-17,Mouse,Norte,Tienda física,3,24.92,"74,76"
2024-03-06,Teclado,Este,Online,2,47.43,"94,86 €"
2024-07-30,Mouse,Norte,Tienda,3,24.82,"74,46"
2025-11-23,Webcam,Norte,Online,2,63.37,"126,74"
,Webcam,Centro,Online,4,63.81,"255,24"
2024-12-24, Auriculares,  SUR ,Online,5,90.28,"451,40"
2024-12-21,Mouse,Este,Tienda,2,23.36,"46,72 €"
2025-12-10,Auriculares,Sur,Distribuidor,1,74.49,"74,49"
2024-08-04,Teclado,Centro,ONLINE,2,46.64,"93,28"
2025-11-28,Mouse,Sur,Online,2,23.53,"€47,06"
2025-06-25,Auriculares,Sur,Online,2,90.02,"180,04"
2024-10-27,Monitor,Norte,Online,2,216.3,"432,60"
2024-07-13,Auriculares,Sur,Tienda,3,90.46,"271,38 €"
2024-10-23,Teclado,OESTE,Tienda,3,44.96,"134,88"
2024-04-06,Auriculares,Sur,Tienda,5,92.61,"463,05"
29/05/2025,Auriculares,Sur,tienda,3,92.48,"277,44"
2024-11-08,Auriculares,Norte,Online,5,90.3,"451,50"
2024-10-11,Monitor,Norte,Online,-4,209.87,"209,87"
2024-08-16,Auriculares,Norte,Distribuidor,1,73.4,"73,40"
13/10/2024,Auriculares,SUR,Distribuidor,3,71.08,"€213,24 €"
2025-04-01,Mouse,Centro,Distribuidor ,2,20.22,"40,44"
2024-06-16,Teclado,desconocida,Online,5,46.53,"232,65 €"
2025-11-19,Monitor,Este,Online,4,223.74,"894,96 €"
2025-01-29,AURICULARES,  Oeste ,Tienda,2,90.08,"180,16"
05-29-2024,Auriculares,sur,Online,4,86.78,"347,12 €"
2024-02-07,Teclado,este,Online,2,46.02,"92,04 €"
2024-06-05,Teclado,Norte,Tienda,5,45.24,"226,20 €"
2024-11-07,Auriculares,Centro,Online,5,93.05,"465,25"
2024-05-06,Teclado,Oeste,Online,3,44.97,"134,91 €"
2025-09-19,Mouse,Oeste,Online,2,24.67,"49,34"
2025-05-02,Teclado,Norte,Online,3,43.21,"129,63"
2024-08-27,Teclado,Norte,Tienda,2,46.72,"93,44"
2024-02-02,Auriculares,Sur,Online ,5,90.52,"452,60"
2024-09-17,Monitor,Norte,Online,3,225.16,"675,48"
2024-12-31,Teclado,  oeste ,DISTRIBUIDOR,3,36.83,"110,49"
2024-08-02,AURICULARES,Centro,Online,5,91.25,"456,25"
2024-11-16,Mouse,Sur,Online,2,24.15,"48,30"
2024-12-09,Teclado,Oeste,Online,2,45.46,"90,92"
2025-02-08,Webcam,Centro,Tienda,1,65.68,"65,68 €"
2024-03-12,Auriculares,Norte,on-line,2,87.97,"175,94"
2025-12-31,Mouse,Este,Online,5,23.89,"119,45"
08-10-2024,Auriculares,Este,Online,3,94.03,"282,09"
2024-10-24,Teclado,Norte,Online,4,43.86,"175,44"
2024-08-09,Monitor,Este,Tienda Fisica,5,213.36,"1.066,80 €"
2024-11-09,Mouse,Norte,on-line,4,24.91,"99,64 €"
2025-10-19,Auriculares,Norte,Online,2,88.77,"177,54"
2025-11-23,Monitor,Sur,Online,5,221.11,"1.105,55"
2024-12-18,Teclado,norte,Tienda física,4,45.26,"181,04"
12-03-2024,Monitor,Oeste,Distribuidor,2,174.21,"348,42"
02/01/2024,Auriculares,oeste,Tienda,5,89.02,"445,10 €"
2024-03-14,Auriculares,Oeste,Distribuidor,1,74.83,"74,83"
2025-12-27,Mouse,Norte,Online,4,25.02,"100,08 €"
03/09/2025,Teclado,Norte,Online,3,46.16,"138,48"
2024-01-06,Webcam,Norte,Online,3,66.04,"198,12"
2025-11-17,Auriculares,Norte,online,1,87.0,"87,00 €"
2025-02-14,Auriculares,Centro,Online,2,90.82,"181,64"
2024-12-28,Monitor,NORTE,Tienda,1,225.89,"€225,89"
2025-06-22,Teclado,Centro,Online,1,44.16,"44,16"
2025-03-07,Mouse,Norte,Online,1,24.76,"24,76"
2025-03-25,Monitor,Norte,Online,1,215.22,"215,22 €"
2025-04-30,Teclado,Norte,Online,2,45.75,"91,50 €"
2024-07-12,Teclado,  Sur ,Online,3,46.25,"138,75"
2024-10-30,Mouse,Norte,Tienda Fisica,5,24.9,"124,50"
2024-11-02,Webcam,Norte,Online,3,60.42,"€181,26 €"
2024-01-16,Monitor,Centro,Tienda,1,213.88,"213,88"
2024-03-17,Auriculares,Norte,Tienda,5,94.62,"473,10"
2024-12-13,Auriculares,Sur,Tienda,3,91.75,"€275,25 €"
2024-11-25,Auriculares,Centro,Online,4,92.99,"371,96"
2025-03-07,Auriculares,  Centro ,Online,2,89.9,"179,80"
03-01-2024,Teclado,Centro,Distribuidor,4,35.31,"141,24 €"
2025-04-25,Mouse,Centro,TIENDA,5,25.41,"127,05"
09/12/2024,Mouse,Oeste,Online,1,25.7,"€25,70 €"
2025-08-12,Webcam,Sur,Online,2,66.12,"132,24 €"
2024-11-30,Mouse,Centro,Distribuidor,3,20.17,"€60,51"
2024-12-07,Monitor,Centro,Online,3,208.23,"624,69"
2024-05-12,Teclado,Centro,Distribuidor,1,36.77,"36,77"
2025-12-27,Mouse,Oeste,Tienda,5,25.44,"127,20"
09-10-2025,Teclado,Este,Online,2,46.0,"92,00 €"
2025-04-19,Mouse,Este,Tienda,1,24.89,"24,89"
2024-12-31,Teclado,  oeste ,DISTRIBUIDOR,3,36.83,"110,49"
2025-11-18,Teclado,Sur,Tienda,3,44.56,"133,68"
,Monitor,norte,Distribuidor,4,191.35,"765,40 €"
2025-11-14,Mouse,Este,Tienda,4,26.26,"105,04"
2025-11-16,Teclado,Este,Online,1,45.35,"45,35"
2024-11-28,Auriculares,NORTE,Online,1,87.83,"87,83"
2025-04-29,Teclado,Sur,Online,5,46.25,"231,25 €"
2025-12-28,Mouse,Norte,on-line,5,24.26,"121,30 €"
2025-01-31,Mouse,Norte,Tienda,2,24.71,"49,42"
27/12/2025,Auriculares,Este,Distribuidor,3,71.33,"213,99 €"
12-03-2025,Teclado,Centro,Online,4,44.59,"178,36 €"
2025-09-11,Monitor,Oeste,Tienda,5,226.18,"1.130,90 €"
,Mouse,Centro,Online,5,23.77,"118,85 €"
2025-12-07,Mouse,Centro,Distribuidor,2,21.64,"43,28 €"
2024-05-29,Webcam,Centro,Tienda,4,66.98,"267,92"
2024-03-10,Auriculares,Norte,Distribuidor,1,76.17,"76,17 €"
2025-09-30,Auriculares,Centro,Distribuidor,1,74.69,"74,69"
2025-12-27,Teclado,Norte,Online,4,46.47,"185,88 €"
2024-04-04,Auriculares,Sur,Online,4,91.13,"364,52 €"
2025-09-23,Monitor,OESTE,Online,4,228.07,"912,28"
2024-11-11,Mouse,Sur,Tienda,4,NULL,"98,48"
2025-11-24,Mouse,Oeste,Online,3,25.19,"75,57"
02/12/2025,Monitor,Centro,Tienda,3,221.49,"116,84"
2024-12-23,Teclado,Centro,Tienda,4,42.76,"171,04"
2024-09-12,Webcam,Sur,Tienda,3,67.57,"202,71 €"
2025-11-29,Auriculares,Este,distribuidor,5,71.2,"356,00"
2024-09-15,Mouse,Oeste,Online,1,25.94,"€25,94 €"
2024-09-21,Auriculares,Oeste,Online,4,92.25,"369,00 €"
2025-11-01,Mouse,Centro,Online,2,24.74,"€49,48 €"
2024-04-29,Mouse,Oeste,Tienda,5,25.3,"126,50"
2024-08-14,Auriculares,Sur,Online,4,87.72,"350,88"
2024-12-02,Auriculares,Este,DISTRIBUIDOR,null,77.65,"€388,25"
2024-05-21,Auriculares,Oeste,Online,1,87.77,"87,77"
08-06-2025,Teclado,Centro,Distribuidor ,4,36.09,"144,36"
2024-12-10,Auriculares,Este,Online,4,90.46,"361,84 €"
2025-06-28,Mouse,Este,Online,3,25.66,"76,98 €"
2025-06-25,Teclado,Este,Online,5,42.01,"210,05"
2024-11-20,Auriculares,Norte,Tienda,1,91.05,"91,05"
2025-02-05, Mouse,ESTE,Online,3,26.73,"385,23"
2024-10-07,Webcam,Sur,TIENDA,5,63.25,"316,25"
2025-12-15,Auriculares,Centro,Online,5,93.3,"466,50"
2025-01-03,Mouse,Norte,Tienda,5,23.98,"119,90"
2025-05-01,Auriculares,Oeste,Online,3,89.34,"268,02"
05-14-2025,Auriculares,Oeste,Tienda,3,84.26,"252,78"
2024-04-11,Mouse,Sur,Tienda Fisica,3,24.9,"74,70"
2025-12-24,AURICULARES,Norte,online,2,n/a,"€169,50 €"
2025-01-24,Webcam,Oeste,Tienda,4,61.16,"244,64"
2025-12-06,Teclado,Centro,Online,4,46.21,"184,84"
13/11/2025,MOUSE,Norte,Online,NA,25.06,"125,30 €"
2024-12-25,Mouse,Sur,Online,4,24.86,"99,44"
,Webcam,Norte,Tienda,4,65.89,"263,56"
2024-11-25,Auriculares,Centro,Tienda,5,87.71,"438,55"
2024-07-11,Auriculares,centro,Distribuidor,2,71.79,"143,58"
2025-10-21,Mouse,Sur,ONLINE,5,24.59,"122,95"
2025-12-28,Monitor,Este,Online,2,218.68,"437,36 €"
2024-01-04,Webcam,Norte,Online,4,64.61,"258,44"
2025-01-01,Auriculares,norte,Tienda,3,89.47,"268,41 €"
2025-02-24,Mouse,Centro,Online,3,26.67,"80,01"
2024-08-05,Monitor,?,Tienda,4,224.94,"899,76 €"
2025-11-27,Auriculares,Este,Online,null,89.25,"€267,75"
2024-11-12,Mouse,Centro,Online,1,25.68,"25,68"
2025-06-17,Webcam,Oeste,Online,1,61.28,"61,28 €"
2024-02-27,Monitor,Centro,Online,1,207.95,"207,95"
2024-08-23,Teclado,Norte,Tienda,1,47.3,"47,30 €"
2025-05-02,Mouse,Norte,Tienda,3,25.86,"77,58"
2025-12-23,Mouse,Sur,Online,3,25.14,"75,42"
2025-05-22, Teclado,Oeste,Distribuidor,3,37.88,"113,64"
2025-01-06,MOUSE,Oeste,TIENDA,1,24.29,"24,29"
21/11/2025,Teclado,Oeste,Distribuidor,1,39.84,"39,84 €"
2025-12-11,Webcam,Este,Tienda,-3,61.96,"247,84 €"
2025-09-10,Webcam,CENTRO,Online,1,65.24,"65,24"
2024-10-20,Teclado,Sur,Tienda,1,45.03,"45,03 €"
2025-11-01,Auriculares,Sur,ONLINE,4,88.95,"355,80"
2024-12-02,Mouse,NORTE,Tienda,5,24.87,"124,35"
2025-02-24,Teclado,Norte,on-line,1,44.08,"44,08"
2025-07-15,Monitor,Este,Online,1,223.7,"223,70"
2025-05-21,Teclado,Norte,Online,5,46.02,"230,10"
,,,,,,
2025-11-09,Mouse,Norte,Online,3,25.98,"77,94"
2025-07-31,Teclado,Centro,Online,1,46.85,"46,85"
2024-11-03,Auriculares,Centro,Tienda,2,89.33,"178,66 €"
2024-12-13,Teclado,Oeste,Distribuidor,2,37.4,"74,80"
2025-04-30,Mouse,Norte,Tienda,1,26.23,"26,23"
2025-12-10,Mouse,Centro,Distribuidor,2,21.67,"43,34"
2025-06-11,Webcam,Norte,Online,7449,NULL,"269,28"
2025-11-24,Mouse,Norte,Online,4,24.84,"99,36 €"
2025-12-17,Mouse,Sur,online,5,24.71,"123,55 €"
17/09/2025,Mouse,Centro,Distribuidor,4,20.59,"82,36 €"
2024-02-21,Mouse,Norte,Tienda,1,24.28,"24,28"
2025-05-25,Auriculares,Oeste,Tienda,4,83.3,"333,20 €"
2025-11-26,Mouse,Sur,Online,2,24.14,"48,28 €"
2024-11-14,Auriculares,oeste,Online,3,93.36,"280,08"
2025-01-07,Teclado,Norte,Tienda,3,44.31,"€132,93 €"
2025-11-06,Mouse,Norte,Tienda,3,25.16,"75,48"
17/12/2024,Monitor,Centro,Online,2,230.22,"460,44 €"
2025-05-06,Mouse,Norte,on-line,3,25.35,"76,05"
2025-06-03,Auriculares,Oeste,Online,1,87.8,"€87,80"
2025-11-11,Auriculares,Norte,Online,2,89.77,"179,54 €"
2025-03-20,Teclado,Sur,online,2,47.74,"€95,48"
2025-09-05,Monitor,Centro,tienda,1,229.13,"229,13 €"
2024-12-30,AURICULARES,Centro,Online,3,87.56,"262,68 €"
2024-10-02,Monitor,Sur,Tienda,2,214.81,"€429,62"
2024-08-25,Auriculares,Este,Distribuidor,2,75.0,"150,00"
2025-11-25,Monitor,Este,Tienda,1,205.99,"205,99"
2025-12-10, Auriculares,Norte,Online,2,90.5,"181,00"
2024-05-21,Monitor,Norte,Online,1,228.78,"228,78"
2025-03-12,Teclado,Norte,Online,4,44.14,"176,56 €"
2024-08-03,Mouse,Oeste,Online,5,25.28,"126,40"
2024-10-31,Teclado,Sur,Tienda,3,45.46,"136,38 €"
07/01/2025,Mouse,Centro,Tienda,2,24.85,"49,70"
2024-05-31,Monitor,Norte,Tienda física,5,212.62,"1.063,10 €"
2025-11-11,Teclado,Centro,Tienda,2,45.03,"90,06"
2024-03-19,Auriculares,centro,Tienda,1,89.42,"89,42 €"
2024-12-29,Monitor,Centro,Distribuidor,1,178.29,"€178,29"
2024-03-18,Webcam,Norte,Distribuidor,2,51.7,"103,40"
2024-08-04,MONITOR,Sur,Online,null,n/a,"427,72 €"
2025-03-16,Auriculares,Norte,Tienda,4,88.55,"354,20"
2025-03-07,Teclado,Este,Tienda,4,43.72,"174,88"
23/03/2024,Monitor,Sur,Online,3,222.13,"666,39"
2025-08-12,Webcam,Sur,Distribuidor,4,53.89,"215,56 €"
2025-01-22,Teclado,Norte,Tienda,null,45.43,"45,43 €"
2024-12-01,Teclado,Oeste,Online,5,43.97,"219,85"
2025-09-07,Auriculares,Este,Online,1,91.82,"91,82"
2025-06-15,Mouse,Este,Distribuidor,3,21.03,"63,09"
2024-03-22,Monitor,Este,Online,5,223.73,"1.118,65"
2025-09-23,Mouse,Sur,Tienda,1,24.91,"24,91"
2025-10-03,Monitor,Sur,TIENDA,3,210.7,"632,10"
2024-05-22,Teclado,Este,Distribuidor,1,39.55,"39,55"
2024-07-20,Mouse,Oeste,Distrib.,5,20.36,"101,80"
2025-12-22,MOUSE,Sur,Distribuidor,5,20.25,"101,25"
2024-12-07,Mouse,Norte,Distrib.,4,20.73,"82,92"
2025-12-28,Teclado,Oeste,Tienda,2,44.44,"88,88"
09-15-2024,Auriculares,Este,Online,1,87.72,"87,72 €"
2024-10-08,Mouse,Oeste,Online,1,26.38,"26,38"
16/12/2024,Mouse,Este,Distribuidor ,5,20.39,"101,95"
2024-12-17,Auriculares,Norte,Online,2,82.99,"165,98 €"
2025-05-11,Monitor,Oeste,ONLINE,3,207.1,"621,30 €"
12-28-2025,Monitor,Oeste,Online,5,212.62,"1.063,10"
2024-12-05,Monitor,Centro,Tienda,1,215.64,"215,64 €"
2025-12-29,Auriculares,Centro,online,2,86.9,"173,80"
2024-03-10,MOUSE,norte,online,1,24.01,"24,01 €"
05/11/2025,Monitor,Este,Tienda,2,228.48,"456,96 €"
2025-06-07,Teclado,Este,Tienda,4,46.92,"507,67"
2024-04-21,Mouse,Norte,Tienda,3,25.46,"76,38 €"
2024-12-06,Auriculares,Oeste,Online,5,94.71,"473,55"
01/03/2024,Mouse,Este,Online,-,24.48,"24,48"
2024-11-14,MOUSE,este,Online,1,24.77,"24,77"
2024-01-18,Mouse,Sur,Tienda,1,24.09,"24,09 €"
2025-04-03,MOUSE,Oeste,ONLINE,5,25.06,"125,30 €"
2024-02-08,Webcam,Norte,Online,4,61.35,"245,40"
2024-04-24,Mouse,Sur,Distribuidor,5,20.41,"102,05"
2024-12-25,Auriculares,Norte,Tienda Fisica,3,90.59,"271,77"
2024-06-23,TECLADO,Sur,Distribuidor,3,35.23,"105,69 €"
08/03/2025,Auriculares,Sur,Online,3,92.17,"276,51"
2025-03-29,Monitor,Oeste,on-line,5,213.94,"656,15"
2024-11-24,Mouse,Oeste,online,3,24.88,"74,64 €"
2024-02-25,Auriculares,Este,Online,5,88.53,"442,65"
2024-08-24,Mouse,Este,Tienda,-1,25.01,"100,04"
2025-10-25,Webcam,Sur,Online,3,64.72,"194,16 €"
2025-02-08,Auriculares,Sur,Online,5,n/a,"427,85"
2024-03-03,Auriculares,centro,Online,1,92.41,"92,41"
2025-12-14,Monitor,Centro,Distribuidor,5,,"933,75 €"
2024-06-05,Teclado,Sur,Tienda,NA,45.97,"91,94 €"
09-07-2025,Mouse,Centro,Tienda,3,24.29,"72,87"
2025-04-25,Teclado,Norte,TIENDA,3,45.75,"137,25"
2025-12-09,Webcam,Este,Online,2,64.59,"129,18 €"
07-03-2025,Monitor,OESTE,Distrib.,5,172.75,"863,75 €"
2024-04-11,Teclado,Oeste,Online,5,44.18,"220,90 €"
2024-05-22,Webcam,NORTE,Tienda,4,64.51,"258,04"
2025-12-08,Auriculares,NORTE,TIENDA,3,93.5,"€280,50"
2025-08-07,Teclado,Sur,Online ,2,46.71,"93,42 €"
2025-11-18,Mouse,Norte,Online,2,25.69,"51,38"
2024-09-27,Auriculares,Este,Online,-,93.48,"373,92 €"
2025-11-10,Auriculares,Norte,Online,4,86.61,"346,44 €"
2024-08-18,Auriculares,norte,ONLINE,2,94.09,"€188,18"
2025-11-01,Mouse,Este,Online,4,23.95,"95,80 €"
2025-12-01,Teclado,Centro,DISTRIBUIDOR,2,35.82,"71,64 €"
2025-12-02,Teclado,centro,Distribuidor,1,37.84,"37,84"
2024-12-16,Mouse,Centro,Online,3,25.31,"75,93 €"
2025-03-22,Auriculares,Este,Distribuidor,4,77.05,"€308,20"
,Teclado,Sur,Distribuidor,5,36.43,"859,61"
2025-01-06,Auriculares,NORTE,Tienda,2,91.79,"183,58"
2024-07-18,Auriculares,Oeste,Online,3,87.12,"261,36"
2025-02-09,Mouse,Sur,Online,2,24.24,"48,48"
2024-04-08,Mouse,Norte,Tienda,5,25.32,"126,60"
2024-07-05,Teclado,Este,Online,3,45.87,"137,61 €"
2024-01-18,Teclado,Norte,Online,3,42.8,"128,40"
2025-12-04,Mouse,Norte,Online,4,25.76,"103,04"
2025-07-02,Mouse,  Norte ,Tienda,5,25.36,"126,80"
2024-11-11,Mouse,Oeste,Online,3,23.97,"71,91 €"
2024-12-19,Teclado,Oeste,Online,N/A,46.04,"184,16"
2025-10-12,Teclado,Norte,Online,3,45.69,"137,07 €"
12/01/2024,Teclado,Sur,Online,5,45.01,"225,05"
2024-07-06,Teclado,Centro,Online,1,43.64,"43,64"
2025-06-03,Monitor,Este,Online,5,218.36,"1.091,80 €"
,Webcam,Este,Distribuidor,3,50.36,"151,08"
2025-04-13,Teclado,Norte,Online,4,46.13,"184,52"
2024-12-04,Monitor,Oeste,Tienda,3,230.99,"692,97"
2024-10-18,Webcam,Este,Online,3,64.47,"€193,41 €"
2024-02-03,Teclado,Sur,Online,1,45.5,"45,50 €"
2025-07-25, Webcam,CENTRO,Online,3,62.11,"186,33 €"
13/07/2025,Webcam,Centro,Tienda,1,62.8,"62,80 €"
2024-07-03,Teclado,Norte,Online,1,43.81,"43,81 €"
2025-08-29,Auriculares,Centro,Online,5,92.08,"460,40"
2025-04-23,Teclado,Oeste,Distribuidor,4,37.08,"148,32"
2024-12-08,Webcam,  Oeste ,Online,3,61.54,"184,62"
2024-03-16,Teclado,norte,Online,1,44.47,"€44,47 €"
2024-10-11,Teclado,Oeste,Distribuidor,3,39.6,"118,80"
2024-09-28,Teclado,CENTRO,Tienda Fisica,4,0.0,"177,44"
2024-07-04,Mouse,Oeste,Tienda,1,25.37,"25,37 €"
2024-03-30,Teclado,Este,Online,4,47.55,"190,20"
2024-03-21,Mouse,Centro,online,3,24.72,"74,16 €"
2025-08-31,Auriculares,Norte,Online,4,90.42,"361,68"
2024-10-01,Monitor,CENTRO,Online,4,216.14,"864,56 €"
2025-12-23, Teclado,Centro,Tienda,1,47.95,"47,95 €"
2024-11-03,Mouse,Centro,Online,2,25.03,"50,06"
2025-12-13,Mouse,Centro,Online,5,25.49,"127,45 €"
2025-09-25,Monitor,Sur,Tienda,1,209.02,"209,02"
2025-11-20,Auriculares,Sur,Distribuidor,5,73.92,"369,60 €"
2025-03-19,Auriculares,Sur,Online,3,88.27,"264,81"
2025-07-31,Teclado,?,Online ,5,45.66,"228,30 €"
2024-04-14,Teclado,Sur,Tienda,2,45.84,"91,68 €"
2024-11-13,Teclado,Este,Tienda,3,43.77,"131,31 €"
2024-09-13,Mouse,CENTRO,Tienda,3,24.7,"74,10"
2025-10-23,Mouse,ESTE,Online,2,24.41,"48,82"
2025-07-09,Teclado,Centro,Tienda,2,45.49,"€90,98"
2025-12-04,Teclado,Este,Tienda Fisica,-,46.51,"186,04 €"
2025-05-25,Teclado,Centro,Tienda,2,45.36,"90,72"
2025-10-26,Teclado,Centro,Online,2,45.12,"90,24"
2024-11-05,Auriculares,Este,Tienda,1,87.81,"87,81"
05/08/2024,Mouse,Centro,Tienda,5,23.83,"€119,15"
2025-05-17,Auriculares,Oeste,Online,2,92.01,"184,02"
2024-05-15,Mouse,Norte,Online,4,25.41,"€101,64 €"
2024-10-12,Auriculares,Sur,Tienda,4,84.77,"339,08"
